FUNCTIONNAME|FUNCTIONNUM|DESCR|EXCEPTION|WHEN|USERID|EXCEPTIONDATE|SEQNUM|PARENTITEM|DEMANDQTY|LOC|ITEM|BATCHNUM|PROCESSID|PURCHMETHOD|PRODUCTIONMETHOD|SOURCING|PARENTLOC|BOMNUM|OFFSET|EFF|LEVELNUM|REVIEWEDSTATUS|CATEGORY|SEVERITY|LASTUPDATEDON|LASTUPDATEDBY|MINVAL|MAXVAL|SCHEDVAL|VIOLATIONVAL|DUR|BAND|PRIORITY|ALTSUBORD|ALTSUBORDLOC|CAPTURE_WK|CAPTURE_TYPE|SIMULATION_NAME|SOLVE_VERSION|U_PLANMODULE
Generate Master Plan LpOpt|401|BOM has an invalid parent SKU|5529|10-NOV-2025| |26-JUL-2025|2|100|0|1004|100000000006|50|11501| | | | |0|0|01-JAN-1970|0|1|501|3|01-JAN-1970| |0|0|0|0|0|0|0| | |202547|CONSTRAINED|CONSTRAINED|CONSTRAINED_202547_2025-11-20_0656|BY_IF
Generate Master Plan LpOpt|401|BOM has an invalid parent SKU|5529|10-NOV-2025| |26-JUL-2025|3|100|0|1011|100000000006|50|11501| | | | |0|0|01-JAN-1970|0|1|501|3|01-JAN-1970| |0|0|0|0|0|0|0| | |202547|CONSTRAINED|CONSTRAINED|CONSTRAINED_202547_2025-11-20_0656|BY_IF
Generate Master Plan LpOpt|401|Production method has an invalid BOM number|5626|10-NOV-2025| |26-JUL-2025|4| |0|1004|100|50|11501| |100000000004_1004_303| | |0|0|01-JAN-1970|0|1|511|3|01-JAN-1970| |0|0|0|0|0|0|0| | |202547|CONSTRAINED|CONSTRAINED|CONSTRAINED_202547_2025-11-20_0656|BY_IF
Generate Master Plan LpOpt|401|Production method has an invalid BOM number|5626|10-NOV-2025| |26-JUL-2025|5| |0|1004|100|50|11501| |100000000004_1004_303| | |0|0|01-JAN-1970|0|1|511|3|01-JAN-1970| |0|0|0|0|0|0|0| | |202547|CONSTRAINED|CONSTRAINED|CONSTRAINED_202547_2025-11-20_0656|BY_IF
Generate Master Plan LpOpt|401|Production method has an invalid BOM number|5626|10-NOV-2025| |26-JUL-2025|6| |0|1006|2000-314-191|50|11501| |2000-314-191_1006_480_INTEL FOV-1_COMMON| | |0|0|01-JAN-1970|0|1|511|3|01-JAN-1970| |0|0|0|0|0|0|0| | |202547|CONSTRAINED|CONSTRAINED|CONSTRAINED_202547_2025-11-20_0656|BY_IF
Generate Master Plan LpOpt|401|Production method has an invalid BOM number|5626|10-NOV-2025| |26-JUL-2025|7| |0|1006|2000-314-191|50|11501| |2000-314-191_1006_480_INTEL FOV-1_COMMON| | |0|0|01-JAN-1970|0|1|511|3|01-JAN-1970| |0|0|0|0|0|0|0| | |202547|CONSTRAINED|CONSTRAINED|CONSTRAINED_202547_2025-11-20_0656|BY_IF
Generate Master Plan LpOpt|401|Production method has an invalid BOM number|5626|10-NOV-2025| |26-JUL-2025|8| |0|1006|2000-314-191|50|11501| |2000-314-191_1006_480_INTEL FOV-1_COMMON| | |0|0|01-JAN-1970|0|1|511|3|01-JAN-1970| |0|0|0|0|0|0|0| | |202547|CONSTRAINED|CONSTRAINED|CONSTRAINED_202547_2025-11-20_0656|BY_IF
Generate Master Plan LpOpt|401|Production method has an invalid BOM number|5626|10-NOV-2025| |26-JUL-2025|9| |0|1006|2000-314-191|50|11501| |2000-314-191_1006_480_INTEL FOV-1_IFS| | |0|0|01-JAN-1970|0|1|511|3|01-JAN-1970| |0|0|0|0|0|0|0| | |202547|CONSTRAINED|CONSTRAINED|CONSTRAINED_202547_2025-11-20_0656|BY_IF
Generate Master Plan LpOpt|401|Production method has an invalid BOM number|5626|10-NOV-2025| |26-JUL-2025|10| |0|1006|2000-314-191|50|11501| |2000-314-191_1006_480_INTEL FOV-1_IFS| | |0|0|01-JAN-1970|0|1|511|3|01-JAN-1970| |0|0|0|0|0|0|0| | |202547|CONSTRAINED|CONSTRAINED|CONSTRAINED_202547_2025-11-20_0656|BY_IF
Generate Master Plan LpOpt|401|Production method has an invalid BOM number|5626|10-NOV-2025| |26-JUL-2025|11| |0|1006|2000-314-191|50|11501| |2000-314-191_1006_480_INTEL FOV-1_IFS| | |0|0|01-JAN-1970|0|1|511|3|01-JAN-1970| |0|0|0|0|0|0|0| | |202547|CONSTRAINED|CONSTRAINED|CONSTRAINED_202547_2025-11-20_0656|BY_IF
Generate Master Plan LpOpt|401|Production method has an invalid BOM number|5626|10-NOV-2025| |26-JUL-2025|12| |0|1006|2000-314-191|50|11501| |2000-314-191_1006_480_INTEL FOV-2_COMMON| | |0|0|01-JAN-1970|0|1|511|3|01-JAN-1970| |0|0|0|0|0|0|0| | |202547|CONSTRAINED|CONSTRAINED|CONSTRAINED_202547_2025-11-20_0656|BY_IF
Generate Master Plan LpOpt|401|Production method has an invalid BOM number|5626|10-NOV-2025| |26-JUL-2025|13| |0|1006|2000-314-191|50|11501| |2000-314-191_1006_480_INTEL FOV-2_COMMON| | |0|0|01-JAN-1970|0|1|511|3|01-JAN-1970| |0|0|0|0|0|0|0| | |202547|CONSTRAINED|CONSTRAINED|CONSTRAINED_202547_2025-11-20_0656|BY_IF
Generate Master Plan LpOpt|401|Production method has an invalid BOM number|5626|10-NOV-2025| |26-JUL-2025|14| |0|1006|2000-314-191|50|11501| |2000-314-191_1006_480_INTEL FOV-2_COMMON| | |0|0|01-JAN-1970|0|1|511|3|01-JAN-1970| |0|0|0|0|0|0|0| | |202547|CONSTRAINED|CONSTRAINED|CONSTRAINED_202547_2025-11-20_0656|BY_IF
Generate Master Plan LpOpt|401|Production method has an invalid BOM number|5626|10-NOV-2025| |26-JUL-2025|15| |0|1006|2000-314-191|50|11501| |2000-314-191_1006_480_INTEL FOV-2_IFS| | |0|0|01-JAN-1970|0|1|511|3|01-JAN-1970| |0|0|0|0|0|0|0| | |202547|CONSTRAINED|CONSTRAINED|CONSTRAINED_202547_2025-11-20_0656|BY_IF
Generate Master Plan LpOpt|401|Production method has an invalid BOM number|5626|10-NOV-2025| |26-JUL-2025|16| |0|1006|2000-314-191|50|11501| |2000-314-191_1006_480_INTEL FOV-2_IFS| | |0|0|01-JAN-1970|0|1|511|3|01-JAN-1970| |0|0|0|0|0|0|0| | |202547|CONSTRAINED|CONSTRAINED|CONSTRAINED_202547_2025-11-20_0656|BY_IF
Generate Master Plan LpOpt|401|Production method has an invalid BOM number|5626|10-NOV-2025| |26-JUL-2025|17| |0|1006|2000-314-191|50|11501| |2000-314-191_1006_480_INTEL FOV-2_IFS| | |0|0|01-JAN-1970|0|1|511|3|01-JAN-1970| |0|0|0|0|0|0|0| | |202547|CONSTRAINED|CONSTRAINED|CONSTRAINED_202547_2025-11-20_0656|BY_IF
Generate Master Plan LpOpt|401|Production method has an invalid BOM number|5626|10-NOV-2025| |26-JUL-2025|18| |0|1006|2000-314-191|50|11501| |2000-314-191_1006_480_INTEL FOV-4_COMMON| | |0|0|01-JAN-1970|0|1|511|3|01-JAN-1970| |0|0|0|0|0|0|0| | |202547|CONSTRAINED|CONSTRAINED|CONSTRAINED_202547_2025-11-20_0656|BY_IF
Generate Master Plan LpOpt|401|Production method has an invalid BOM number|5626|10-NOV-2025| |26-JUL-2025|19| |0|1006|2000-314-191|50|11501| |2000-314-191_1006_480_INTEL FOV-4_COMMON| | |0|0|01-JAN-1970|0|1|511|3|01-JAN-1970| |0|0|0|0|0|0|0| | |202547|CONSTRAINED|CONSTRAINED|CONSTRAINED_202547_2025-11-20_0656|BY_IF
Generate Master Plan LpOpt|401|Production method has an invalid BOM number|5626|10-NOV-2025| |26-JUL-2025|20| |0|1006|2000-314-191|50|11501| |2000-314-191_1006_480_INTEL FOV-4_COMMON| | |0|0|01-JAN-1970|0|1|511|3|01-JAN-1970| |0|0|0|0|0|0|0| | |202547|CONSTRAINED|CONSTRAINED|CONSTRAINED_202547_2025-11-20_0656|BY_IF
Generate Master Plan LpOpt|401|Production method has an invalid BOM number|5626|10-NOV-2025| |26-JUL-2025|21| |0|1006|2000-314-191|50|11501| |2000-314-191_1006_480_INTEL FOV-4_IFS| | |0|0|01-JAN-1970|0|1|511|3|01-JAN-1970| |0|0|0|0|0|0|0| | |202547|CONSTRAINED|CONSTRAINED|CONSTRAINED_202547_2025-11-20_0656|BY_IF
Generate Master Plan LpOpt|401|Production method has an invalid BOM number|5626|10-NOV-2025| |26-JUL-2025|22| |0|1006|2000-314-191|50|11501| |2000-314-191_1006_480_INTEL FOV-4_IFS| | |0|0|01-JAN-1970|0|1|511|3|01-JAN-1970| |0|0|0|0|0|0|0| | |202547|CONSTRAINED|CONSTRAINED|CONSTRAINED_202547_2025-11-20_0656|BY_IF
Generate Master Plan LpOpt|401|Production method has an invalid BOM number|5626|10-NOV-2025| |26-JUL-2025|23| |0|1006|2000-314-191|50|11501| |2000-314-191_1006_480_INTEL FOV-4_IFS| | |0|0|01-JAN-1970|0|1|511|3|01-JAN-1970| |0|0|0|0|0|0|0| | |202547|CONSTRAINED|CONSTRAINED|CONSTRAINED_202547_2025-11-20_0656|BY_IF
Generate Master Plan LpOpt|401|Production method has an invalid BOM number|5626|10-NOV-2025| |26-JUL-2025|24| |0|1006|2000-314-191|50|11501| |2000-314-191_1006_480_INTEL FOV-5_COMMON| | |0|0|01-JAN-1970|0|1|511|3|01-JAN-1970| |0|0|0|0|0|0|0| | |202547|CONSTRAINED|CONSTRAINED|CONSTRAINED_202547_2025-11-20_0656|BY_IF
Generate Master Plan LpOpt|401|Production method has an invalid BOM number|5626|10-NOV-2025| |26-JUL-2025|25| |0|1006|2000-314-191|50|11501| |2000-314-191_1006_480_INTEL FOV-5_COMMON| | |0|0|01-JAN-1970|0|1|511|3|01-JAN-1970| |0|0|0|0|0|0|0| | |202547|CONSTRAINED|CONSTRAINED|CONSTRAINED_202547_2025-11-20_0656|BY_IF
Generate Master Plan LpOpt|401|Production method has an invalid BOM number|5626|10-NOV-2025| |26-JUL-2025|26| |0|1006|2000-314-191|50|11501| |2000-314-191_1006_480_INTEL FOV-5_COMMON| | |0|0|01-JAN-1970|0|1|511|3|01-JAN-1970| |0|0|0|0|0|0|0| | |202547|CONSTRAINED|CONSTRAINED|CONSTRAINED_202547_2025-11-20_0656|BY_IF
Generate Master Plan LpOpt|401|Production method has an invalid BOM number|5626|10-NOV-2025| |26-JUL-2025|27| |0|1006|2000-314-191|50|11501| |2000-314-191_1006_480_INTEL FOV-5_IFS| | |0|0|01-JAN-1970|0|1|511|3|01-JAN-1970| |0|0|0|0|0|0|0| | |202547|CONSTRAINED|CONSTRAINED|CONSTRAINED_202547_2025-11-20_0656|BY_IF
Generate Master Plan LpOpt|401|Production method has an invalid BOM number|5626|10-NOV-2025| |26-JUL-2025|28| |0|1006|2000-314-191|50|11501| |2000-314-191_1006_480_INTEL FOV-5_IFS| | |0|0|01-JAN-1970|0|1|511|3|01-JAN-1970| |0|0|0|0|0|0|0| | |202547|CONSTRAINED|CONSTRAINED|CONSTRAINED_202547_2025-11-20_0656|BY_IF
Generate Master Plan LpOpt|401|Production method has an invalid BOM number|5626|10-NOV-2025| |26-JUL-2025|29| |0|1006|2000-314-191|50|11501| |2000-314-191_1006_480_INTEL FOV-5_IFS| | |0|0|01-JAN-1970|0|1|511|3|01-JAN-1970| |0|0|0|0|0|0|0| | |202547|CONSTRAINED|CONSTRAINED|CONSTRAINED_202547_2025-11-20_0656|BY_IF
Generate Master Plan LpOpt|401|Production method has an invalid BOM number|5626|10-NOV-2025| |26-JUL-2025|30| |0|1006|2000-314-191|50|11501| |2000-314-191_1006_480_INTEL FOV-6_COMMON| | |0|0|01-JAN-1970|0|1|511|3|01-JAN-1970| |0|0|0|0|0|0|0| | |202547|CONSTRAINED|CONSTRAINED|CONSTRAINED_202547_2025-11-20_0656|BY_IF
Generate Master Plan LpOpt|401|Production method has an invalid BOM number|5626|10-NOV-2025| |26-JUL-2025|31| |0|1006|2000-314-191|50|11501| |2000-314-191_1006_480_INTEL FOV-6_COMMON| | |0|0|01-JAN-1970|0|1|511|3|01-JAN-1970| |0|0|0|0|0|0|0| | |202547|CONSTRAINED|CONSTRAINED|CONSTRAINED_202547_2025-11-20_0656|BY_IF
Generate Master Plan LpOpt|401|Production method has an invalid BOM number|5626|10-NOV-2025| |26-JUL-2025|32| |0|1006|2000-314-191|50|11501| |2000-314-191_1006_480_INTEL FOV-6_COMMON| | |0|0|01-JAN-1970|0|1|511|3|01-JAN-1970| |0|0|0|0|0|0|0| | |202547|CONSTRAINED|CONSTRAINED|CONSTRAINED_202547_2025-11-20_0656|BY_IF
Generate Master Plan LpOpt|401|Production method has an invalid BOM number|5626|10-NOV-2025| |26-JUL-2025|33| |0|1006|2000-314-191|50|11501| |2000-314-191_1006_480_INTEL FOV-6_IFS| | |0|0|01-JAN-1970|0|1|511|3|01-JAN-1970| |0|0|0|0|0|0|0| | |202547|CONSTRAINED|CONSTRAINED|CONSTRAINED_202547_2025-11-20_0656|BY_IF
Generate Master Plan LpOpt|401|Production method has an invalid BOM number|5626|10-NOV-2025| |26-JUL-2025|34| |0|1006|2000-314-191|50|11501| |2000-314-191_1006_480_INTEL FOV-6_IFS| | |0|0|01-JAN-1970|0|1|511|3|01-JAN-1970| |0|0|0|0|0|0|0| | |202547|CONSTRAINED|CONSTRAINED|CONSTRAINED_202547_2025-11-20_0656|BY_IF
Generate Master Plan LpOpt|401|Production method has an invalid BOM number|5626|10-NOV-2025| |26-JUL-2025|35| |0|1006|2000-314-191|50|11501| |2000-314-191_1006_480_INTEL FOV-6_IFS| | |0|0|01-JAN-1970|0|1|511|3|01-JAN-1970| |0|0|0|0|0|0|0| | |202547|CONSTRAINED|CONSTRAINED|CONSTRAINED_202547_2025-11-20_0656|BY_IF
Generate Master Plan LpOpt|401|Production method has an invalid BOM number|5626|10-NOV-2025| |26-JUL-2025|36| |0|1006|2000-314-191|50|11501| |2000-314-191_1006_480_INTEL FOV-7_COMMON| | |0|0|01-JAN-1970|0|1|511|3|01-JAN-1970| |0|0|0|0|0|0|0| | |202547|CONSTRAINED|CONSTRAINED|CONSTRAINED_202547_2025-11-20_0656|BY_IF
Generate Master Plan LpOpt|401|Production method has an invalid BOM number|5626|10-NOV-2025| |26-JUL-2025|37| |0|1006|2000-314-191|50|11501| |2000-314-191_1006_480_INTEL FOV-7_COMMON| | |0|0|01-JAN-1970|0|1|511|3|01-JAN-1970| |0|0|0|0|0|0|0| | |202547|CONSTRAINED|CONSTRAINED|CONSTRAINED_202547_2025-11-20_0656|BY_IF
Generate Master Plan LpOpt|401|Production method has an invalid BOM number|5626|10-NOV-2025| |26-JUL-2025|38| |0|1006|2000-314-191|50|11501| |2000-314-191_1006_480_INTEL FOV-7_COMMON| | |0|0|01-JAN-1970|0|1|511|3|01-JAN-1970| |0|0|0|0|0|0|0| | |202547|CONSTRAINED|CONSTRAINED|CONSTRAINED_202547_2025-11-20_0656|BY_IF
Generate Master Plan LpOpt|401|Production method has an invalid BOM number|5626|10-NOV-2025| |26-JUL-2025|39| |0|1006|2000-314-191|50|11501| |2000-314-191_1006_480_INTEL FOV-7_IFS| | |0|0|01-JAN-1970|0|1|511|3|01-JAN-1970| |0|0|0|0|0|0|0| | |202547|CONSTRAINED|CONSTRAINED|CONSTRAINED_202547_2025-11-20_0656|BY_IF
Generate Master Plan LpOpt|401|Production method has an invalid BOM number|5626|10-NOV-2025| |26-JUL-2025|40| |0|1006|2000-314-191|50|11501| |2000-314-191_1006_480_INTEL FOV-7_IFS| | |0|0|01-JAN-1970|0|1|511|3|01-JAN-1970| |0|0|0|0|0|0|0| | |202547|CONSTRAINED|CONSTRAINED|CONSTRAINED_202547_2025-11-20_0656|BY_IF
Generate Master Plan LpOpt|401|Production method has an invalid BOM number|5626|10-NOV-2025| |26-JUL-2025|41| |0|1006|2000-314-191|50|11501| |2000-314-191_1006_480_INTEL FOV-7_IFS| | |0|0|01-JAN-1970|0|1|511|3|01-JAN-1970| |0|0|0|0|0|0|0| | |202547|CONSTRAINED|CONSTRAINED|CONSTRAINED_202547_2025-11-20_0656|BY_IF
Generate Master Plan LpOpt|401|Production method has an invalid BOM number|5626|10-NOV-2025| |26-JUL-2025|42| |0|1011|100|50|11501| |100000000004_1011_304| | |0|0|01-JAN-1970|0|1|511|3|01-JAN-1970| |0|0|0|0|0|0|0| | |202547|CONSTRAINED|CONSTRAINED|CONSTRAINED_202547_2025-11-20_0656|BY_IF
Generate Master Plan LpOpt|401|Production method has an invalid BOM number|5626|10-NOV-2025| |26-JUL-2025|43| |0|1011|100|50|11501| |100000000004_1011_304| | |0|0|01-JAN-1970|0|1|511|3|01-JAN-1970| |0|0|0|0|0|0|0| | |202547|CONSTRAINED|CONSTRAINED|CONSTRAINED_202547_2025-11-20_0656|BY_IF
Generate Master Plan LpOpt|401|Production method has an invalid BOM number|5626|10-NOV-2025| |26-JUL-2025|44| |0|1011|2000-291-742|50|11501| |2000-291-742_1011_314| | |0|0|01-JAN-1970|0|1|511|3|01-JAN-1970| |0|0|0|0|0|0|0| | |202547|CONSTRAINED|CONSTRAINED|CONSTRAINED_202547_2025-11-20_0656|BY_IF
Generate Master Plan LpOpt|401|Production method has an invalid BOM number|5626|10-NOV-2025| |26-JUL-2025|45| |0|1011|2000-291-749|50|11501| |2000-291-749_1011_313| | |0|0|01-JAN-1970|0|1|511|3|01-JAN-1970| |0|0|0|0|0|0|0| | |202547|CONSTRAINED|CONSTRAINED|CONSTRAINED_202547_2025-11-20_0656|BY_IF
Generate Master Plan LpOpt|401|Production method has an invalid BOM number|5626|10-NOV-2025| |26-JUL-2025|46| |0|VF_S|N55628-004|50|11501| |N55628-004_VF_S_463| | |0|0|01-JAN-1970|0|1|511|3|01-JAN-1970| |0|0|0|0|0|0|0| | |202547|CONSTRAINED|CONSTRAINED|CONSTRAINED_202547_2025-11-20_0656|BY_IF
Generate Master Plan LpOpt|401|Production method has an invalid BOM number|5626|10-NOV-2025| |26-JUL-2025|47| |0|VF_S|N55628-004|50|11501| |N55628-004_VF_S_463| | |0|0|01-JAN-1970|0|1|511|3|01-JAN-1970| |0|0|0|0|0|0|0| | |202547|CONSTRAINED|CONSTRAINED|CONSTRAINED_202547_2025-11-20_0656|BY_IF
Generate Master Plan LpOpt|401|Production method has an invalid BOM number|5626|10-NOV-2025| |26-JUL-2025|48| |0|VF_S|N55628-004|50|11501| |N55628-004_VF_S_463| | |0|0|01-JAN-1970|0|1|511|3|01-JAN-1970| |0|0|0|0|0|0|0| | |202547|CONSTRAINED|CONSTRAINED|CONSTRAINED_202547_2025-11-20_0656|BY_IF
Generate Master Plan LpOpt|401|Production lead time|6702|09-NOV-2025| |25-JUL-2025|49| |25.380711|1003|2000-281-391|50|11501| |2000-281-391_1003_248| | |248|0|01-JAN-1970|2|1|610|1|01-JAN-1970| |0|0|0|0|0|0|0| | |202547|CONSTRAINED|CONSTRAINED|CONSTRAINED_202547_2025-11-20_0656|BY_IF
Generate Master Plan LpOpt|401|Production lead time|6702|09-NOV-2025| |25-JUL-2025|50| |25.380711|1003|2000-281-512|50|11501| |2000-281-512_1003_244| | |244|0|01-JAN-1970|2|1|610|1|01-JAN-1970| |0|0|0|0|0|0|0| | |202547|CONSTRAINED|CONSTRAINED|CONSTRAINED_202547_2025-11-20_0656|BY_IF
Generate Master Plan LpOpt|401|Production lead time|6702|09-NOV-2025| |25-JUL-2025|51| |25.380711|1003|2000-281-514|50|11501| |2000-281-514_1003_247| | |247|0|01-JAN-1970|2|1|610|1|01-JAN-1970| |0|0|0|0|0|0|0| | |202547|CONSTRAINED|CONSTRAINED|CONSTRAINED_202547_2025-11-20_0656|BY_IF
Generate Master Plan LpOpt|401|Production lead time|6702|09-NOV-2025| |25-JUL-2025|52| |25.380711|1003|2000-281-512|50|11501| |2000-281-512_1003_244| | |244|0|01-JAN-1970|2|1|610|1|01-JAN-1970| |0|0|0|0|0|0|0| | |202547|CONSTRAINED|CONSTRAINED|CONSTRAINED_202547_2025-11-20_0656|BY_IF
Generate Master Plan LpOpt|401|Production lead time|6702|09-NOV-2025| |25-JUL-2025|53| |25.380711|1003|2000-281-514|50|11501| |2000-281-514_1003_247| | |247|0|01-JAN-1970|2|1|610|1|01-JAN-1970| |0|0|0|0|0|0|0| | |202547|CONSTRAINED|CONSTRAINED|CONSTRAINED_202547_2025-11-20_0656|BY_IF
Generate Master Plan LpOpt|401|Production lead time|6702|09-NOV-2025| |15-JUL-2025|54| |20|1006|100000000008|50|11501| |100000000008_1006_283_PV1| | |0|0|01-JAN-1970|1|1|610|1|01-JAN-1970| |0|0|0|0|0|0|0| | |202547|CONSTRAINED|CONSTRAINED|CONSTRAINED_202547_2025-11-20_0656|BY_IF
Generate Master Plan LpOpt|401|Production lead time|6702|09-NOV-2025| |15-JUL-2025|55| |20|1006|100000000008|50|11501| |100000000008_1006_283_PV1| | |0|0|01-JAN-1970|1|1|610|1|01-JAN-1970| |0|0|0|0|0|0|0| | |202547|CONSTRAINED|CONSTRAINED|CONSTRAINED_202547_2025-11-20_0656|BY_IF
Generate Master Plan LpOpt|401|Production lead time|6702|09-NOV-2025| |25-JUL-2025|56| |25.380711|1003|2000-281-427|50|11501| |2000-281-427_1003_240| | |240|0|01-JAN-1970|2|1|610|1|01-JAN-1970| |0|0|0|0|0|0|0| | |202547|CONSTRAINED|CONSTRAINED|CONSTRAINED_202547_2025-11-20_0656|BY_IF
Generate Master Plan LpOpt|401|Production lead time|6702|09-NOV-2025| |25-JUL-2025|57| |25.380711|1003|2000-281-391|50|11501| |2000-281-391_1003_248| | |248|0|01-JAN-1970|2|1|610|1|01-JAN-1970| |0|0|0|0|0|0|0| | |202547|CONSTRAINED|CONSTRAINED|CONSTRAINED_202547_2025-11-20_0656|BY_IF
Generate Master Plan LpOpt|401|Production lead time|6702|09-NOV-2025| |25-JUL-2025|58| |25.380711|1003|2000-281-427|50|11501| |2000-281-427_1003_240| | |240|0|01-JAN-1970|2|1|610|1|01-JAN-1970| |0|0|0|0|0|0|0| | |202547|CONSTRAINED|CONSTRAINED|CONSTRAINED_202547_2025-11-20_0656|BY_IF
Generate Master Plan LpOpt|401|Production lead time|6702|09-NOV-2025| |15-JUL-2025|59| |20|1003|100000000008|50|11501| |100000000008_1003_285_PV1| | |0|0|01-JAN-1970|1|1|610|1|01-JAN-1970| |0|0|0|0|0|0|0| | |202547|CONSTRAINED|CONSTRAINED|CONSTRAINED_202547_2025-11-20_0656|BY_IF
Generate Master Plan LpOpt|401|Production lead time|6702|09-NOV-2025| |25-JUL-2025|60| |20|1004|100000000005|50|11501| |100000000005_1004_305| | |0|0|01-JAN-1970|1|1|610|1|01-JAN-1970| |0|0|0|0|0|0|0| | |202547|CONSTRAINED|CONSTRAINED|CONSTRAINED_202547_2025-11-20_0656|BY_IF
Generate Master Plan LpOpt|401|Production lead time|6702|09-NOV-2025| |25-JUL-2025|61| |20|1004|100000000004|50|11501| |100000000004_1004_303| | |0|0|01-JAN-1970|1|1|610|1|01-JAN-1970| |0|0|0|0|0|0|0| | |202547|CONSTRAINED|CONSTRAINED|CONSTRAINED_202547_2025-11-20_0656|BY_IF
Generate Master Plan LpOpt|401|Production lead time|6702|09-NOV-2025| |25-JUL-2025|62| |20|1003|2000-280-868|50|11501| |2000-280-868_1003_243| | |243|0|01-JAN-1970|1|1|610|1|01-JAN-1970| |0|0|0|0|0|0|0| | |202547|CONSTRAINED|CONSTRAINED|CONSTRAINED_202547_2025-11-20_0656|BY_IF
Generate Master Plan LpOpt|401|Sourcing lead time|6704|09-NOV-2025| |19-JUL-2025|63| |76.142128|1020|2000-285-677|50|11501| | |2000-285-677_1003_1020| |0|0|01-JAN-1970|4|1|616|1|01-JAN-1970| |0|0|0|0|0|0|0| | |202547|CONSTRAINED|CONSTRAINED|CONSTRAINED_202547_2025-11-20_0656|BY_IF
Generate Master Plan LpOpt|401|Sourcing lead time|6704|09-NOV-2025| |19-JUL-2025|65| |76.142128|1020|2000-285-677|50|11501| | |2000-285-677_1003_1020| |0|0|01-JAN-1970|4|1|616|1|01-JAN-1970| |0|0|0|0|0|0|0| | |202547|CONSTRAINED|CONSTRAINED|CONSTRAINED_202547_2025-11-20_0656|BY_IF
Generate Master Plan LpOpt|401|Sourcing lead time|6704|09-NOV-2025| |19-JUL-2025|67| |50.761421|1017|100000002013|50|11501| | |100000002013_1006_1017| |0|0|01-JAN-1970|3|1|616|1|01-JAN-1970| |0|0|0|0|0|0|0| | |202547|CONSTRAINED|CONSTRAINED|CONSTRAINED_202547_2025-11-20_0656|BY_IF
Generate Master Plan LpOpt|401|Production lead time|6702|09-NOV-2025| |15-JUL-2025|68| |20|1003|100000000008|50|11501| |100000000008_1003_285_PV1| | |0|0|01-JAN-1970|1|1|610|1|01-JAN-1970| |0|0|0|0|0|0|0| | |202547|CONSTRAINED|CONSTRAINED|CONSTRAINED_202547_2025-11-20_0656|BY_IF
Generate Master Plan LpOpt|401|Production lead time|6702|09-NOV-2025| |25-JUL-2025|69| |20|1003|2000-280-868|50|11501| |2000-280-868_1003_243| | |243|0|01-JAN-1970|1|1|610|1|01-JAN-1970| |0|0|0|0|0|0|0| | |202547|CONSTRAINED|CONSTRAINED|CONSTRAINED_202547_2025-11-20_0656|BY_IF
Generate Master Plan LpOpt|401|Production lead time|6702|09-NOV-2025| |25-JUL-2025|70| |20|1004|100000000005|50|11501| |100000000005_1004_305| | |0|0|01-JAN-1970|1|1|610|1|01-JAN-1970| |0|0|0|0|0|0|0| | |202547|CONSTRAINED|CONSTRAINED|CONSTRAINED_202547_2025-11-20_0656|BY_IF
Generate Master Plan LpOpt|401|Production lead time|6702|09-NOV-2025| |25-JUL-2025|71| |20|1004|100000000004|50|11501| |100000000004_1004_303| | |0|0|01-JAN-1970|1|1|610|1|01-JAN-1970| |0|0|0|0|0|0|0| | |202547|CONSTRAINED|CONSTRAINED|CONSTRAINED_202547_2025-11-20_0656|BY_IF
Generate Master Plan LpOpt|401|Sourcing lead time|6704|09-NOV-2025| |19-JUL-2025|72| |50.761421|1017|100000002013|50|11501| | |100000002013_1006_1017| |0|0|01-JAN-1970|3|1|616|1|01-JAN-1970| |0|0|0|0|0|0|0| | |202547|CONSTRAINED|CONSTRAINED|CONSTRAINED_202547_2025-11-20_0656|BY_IF
Generate Master Plan LpOpt|401|Sourcing lead time|6704|09-NOV-2025| |19-JUL-2025|73| |50.761421|1017|100000002013|50|11501| | |100000002013_1006_1017| |0|0|01-JAN-1970|3|1|616|1|01-JAN-1970| |0|0|0|0|0|0|0| | |202547|CONSTRAINED|CONSTRAINED|CONSTRAINED_202547_2025-11-20_0656|BY_IF
Generate Master Plan LpOpt|401|Production lead time|6702|09-NOV-2025| |25-JUL-2025|74| |20|1011|2001-001-001|50|11501| |2001-001-001_1011_389| | |0|0|01-JAN-1970|1|1|610|1|01-JAN-1970| |0|0|0|0|0|0|0| | |202547|CONSTRAINED|CONSTRAINED|CONSTRAINED_202547_2025-11-20_0656|BY_IF
Generate Master Plan LpOpt|401|Production lead time|6702|09-NOV-2025| |25-JUL-2025|75| |20|1011|2001-001-001|50|11501| |2001-001-001_1011_389| | |0|0|01-JAN-1970|1|1|610|1|01-JAN-1970| |0|0|0|0|0|0|0| | |202547|CONSTRAINED|CONSTRAINED|CONSTRAINED_202547_2025-11-20_0656|BY_IF
Generate Master Plan LpOpt|401|Sourcing lead time|6704|09-NOV-2025| |19-JUL-2025|76| |50.761421|1017|100000002013|50|11501| | |100000002013_1006_1017| |0|0|01-JAN-1970|3|1|616|1|01-JAN-1970| |0|0|0|0|0|0|0| | |202547|CONSTRAINED|CONSTRAINED|CONSTRAINED_202547_2025-11-20_0656|BY_IF
Generate Master Plan LpOpt|401|Production lead time|6702|09-NOV-2025| |25-JUL-2025|77| |25|1011|2001-001-001|50|11501| |2001-001-001_1011_389| | |0|0|01-JAN-1970|1|1|610|1|01-JAN-1970| |0|0|0|0|0|0|0| | |202547|CONSTRAINED|CONSTRAINED|CONSTRAINED_202547_2025-11-20_0656|BY_IF
Generate Master Plan LpOpt|401|Production lead time|6702|09-NOV-2025| |25-JUL-2025|78| |25|1011|2001-001-001|50|11501| |2001-001-001_1011_389| | |0|0|01-JAN-1970|1|1|610|1|01-JAN-1970| |0|0|0|0|0|0|0| | |202547|CONSTRAINED|CONSTRAINED|CONSTRAINED_202547_2025-11-20_0656|BY_IF
Generate Master Plan LpOpt|401|Sourcing lead time|6704|09-NOV-2025| |19-JUL-2025|79| |50.761421|1017|100000002013|50|11501| | |100000002013_1006_1017| |0|0|01-JAN-1970|3|1|616|1|01-JAN-1970| |0|0|0|0|0|0|0| | |202547|CONSTRAINED|CONSTRAINED|CONSTRAINED_202547_2025-11-20_0656|BY_IF
Generate Master Plan LpOpt|401|Production lead time|6702|09-NOV-2025| |25-JUL-2025|80| |25|1011|2001-001-001|50|11501| |2001-001-001_1011_389| | |0|0|01-JAN-1970|1|1|610|1|01-JAN-1970| |0|0|0|0|0|0|0| | |202547|CONSTRAINED|CONSTRAINED|CONSTRAINED_202547_2025-11-20_0656|BY_IF
Generate Master Plan LpOpt|401|Sourcing lead time|6704|09-NOV-2025| |19-JUL-2025|81| |50.761421|1017|100000002013|50|11501| | |100000002013_1006_1017| |0|0|01-JAN-1970|3|1|616|1|01-JAN-1970| |0|0|0|0|0|0|0| | |202547|CONSTRAINED|CONSTRAINED|CONSTRAINED_202547_2025-11-20_0656|BY_IF
Generate Master Plan LpOpt|401|Production lead time|6702|09-NOV-2025| |25-JUL-2025|82| |25|1011|2001-001-001|50|11501| |2001-001-001_1011_389| | |0|0|01-JAN-1970|1|1|610|1|01-JAN-1970| |0|0|0|0|0|0|0| | |202547|CONSTRAINED|CONSTRAINED|CONSTRAINED_202547_2025-11-20_0656|BY_IF
Generate Master Plan LpOpt|401|Production lead time|6702|09-NOV-2025| |25-JUL-2025|83| |25|1003|2000-280-868|50|11501| |2000-280-868_1003_243| | |243|0|01-JAN-1970|1|1|610|1|01-JAN-1970| |0|0|0|0|0|0|0| | |202547|CONSTRAINED|CONSTRAINED|CONSTRAINED_202547_2025-11-20_0656|BY_IF
Generate Master Plan LpOpt|401|Production lead time|6702|09-NOV-2025| |25-JUL-2025|84| |25|1003|2000-280-868|50|11501| |2000-280-868_1003_243| | |243|0|01-JAN-1970|1|1|610|1|01-JAN-1970| |0|0|0|0|0|0|0| | |202547|CONSTRAINED|CONSTRAINED|CONSTRAINED_202547_2025-11-20_0656|BY_IF
Generate Master Plan LpOpt|401|Production lead time|6702|09-NOV-2025| |25-JUL-2025|85| |25|1003|2000-280-868|50|11501| |2000-280-868_1003_243| | |243|0|01-JAN-1970|1|1|610|1|01-JAN-1970| |0|0|0|0|0|0|0| | |202547|CONSTRAINED|CONSTRAINED|CONSTRAINED_202547_2025-11-20_0656|BY_IF
Generate Master Plan LpOpt|401|Sourcing lead time|6704|09-NOV-2025| |19-JUL-2025|86| |76.142128|1020|2000-285-677|50|11501| | |2000-285-677_1003_1020| |0|0|01-JAN-1970|4|1|616|1|01-JAN-1970| |0|0|0|0|0|0|0| | |202547|CONSTRAINED|CONSTRAINED|CONSTRAINED_202547_2025-11-20_0656|BY_IF
Generate Master Plan LpOpt|401|Sourcing lead time|6704|09-NOV-2025| |19-JUL-2025|88| |76.142128|1020|2000-285-677|50|11501| | |2000-285-677_1003_1020| |0|0|01-JAN-1970|4|1|616|1|01-JAN-1970| |0|0|0|0|0|0|0| | |202547|CONSTRAINED|CONSTRAINED|CONSTRAINED_202547_2025-11-20_0656|BY_IF
Generate Master Plan LpOpt|401|Production lead time|6702|09-NOV-2025| |25-JUL-2025|90| |25|1004|100000000004|50|11501| |100000000004_1004_303| | |0|0|01-JAN-1970|1|1|610|1|01-JAN-1970| |0|0|0|0|0|0|0| | |202547|CONSTRAINED|CONSTRAINED|CONSTRAINED_202547_2025-11-20_0656|BY_IF
Generate Master Plan LpOpt|401|Sourcing lead time|6704|09-NOV-2025| |19-JUL-2025|91| |76.142128|1020|2000-285-677|50|11501| | |2000-285-677_1003_1020| |0|0|01-JAN-1970|4|1|616|1|01-JAN-1970| |0|0|0|0|0|0|0| | |202547|CONSTRAINED|CONSTRAINED|CONSTRAINED_202547_2025-11-20_0656|BY_IF
Generate Master Plan LpOpt|401|Production lead time|6702|09-NOV-2025| |25-JUL-2025|93| |25.380711|1003|2000-281-391|50|11501| |2000-281-391_1003_248| | |248|0|01-JAN-1970|2|1|610|1|01-JAN-1970| |0|0|0|0|0|0|0| | |202547|CONSTRAINED|CONSTRAINED|CONSTRAINED_202547_2025-11-20_0656|BY_IF
Generate Master Plan LpOpt|401|Production lead time|6702|09-NOV-2025| |25-JUL-2025|94| |25|1004|100000000004|50|11501| |100000000004_1004_303| | |0|0|01-JAN-1970|1|1|610|1|01-JAN-1970| |0|0|0|0|0|0|0| | |202547|CONSTRAINED|CONSTRAINED|CONSTRAINED_202547_2025-11-20_0656|BY_IF
Generate Master Plan LpOpt|401|Production lead time|6702|09-NOV-2025| |25-JUL-2025|95| |25|1004|100000000005|50|11501| |100000000005_1004_305| | |0|0|01-JAN-1970|1|1|610|1|01-JAN-1970| |0|0|0|0|0|0|0| | |202547|CONSTRAINED|CONSTRAINED|CONSTRAINED_202547_2025-11-20_0656|BY_IF
Generate Master Plan LpOpt|401|Production lead time|6702|09-NOV-2025| |25-JUL-2025|96| |25.380711|1003|2000-281-512|50|11501| |2000-281-512_1003_244| | |244|0|01-JAN-1970|2|1|610|1|01-JAN-1970| |0|0|0|0|0|0|0| | |202547|CONSTRAINED|CONSTRAINED|CONSTRAINED_202547_2025-11-20_0656|BY_IF
Generate Master Plan LpOpt|401|Production lead time|6702|09-NOV-2025| |15-JUL-2025|97| |25|1006|100000000008|50|11501| |100000000008_1006_283_PV1| | |0|0|01-JAN-1970|1|1|610|1|01-JAN-1970| |0|0|0|0|0|0|0| | |202547|CONSTRAINED|CONSTRAINED|CONSTRAINED_202547_2025-11-20_0656|BY_IF
Generate Master Plan LpOpt|401|Production lead time|6702|09-NOV-2025| |25-JUL-2025|98| |25|1004|100000000005|50|11501| |100000000005_1004_305| | |0|0|01-JAN-1970|1|1|610|1|01-JAN-1970| |0|0|0|0|0|0|0| | |202547|CONSTRAINED|CONSTRAINED|CONSTRAINED_202547_2025-11-20_0656|BY_IF
Generate Master Plan LpOpt|401|Production lead time|6702|09-NOV-2025| |25-JUL-2025|99| |25|1004|100000000005|50|11501| |100000000005_1004_305| | |0|0|01-JAN-1970|1|1|610|1|01-JAN-1970| |0|0|0|0|0|0|0| | |202547|CONSTRAINED|CONSTRAINED|CONSTRAINED_202547_2025-11-20_0656|BY_IF
Generate Master Plan LpOpt|401|Production lead time|6702|09-NOV-2025| |15-JUL-2025|100| |25|1003|100000000008|50|11501| |100000000008_1003_285_PV1| | |0|0|01-JAN-1970|1|1|610|1|01-JAN-1970| |0|0|0|0|0|0|0| | |202547|CONSTRAINED|CONSTRAINED|CONSTRAINED_202547_2025-11-20_0656|BY_IF
Generate Master Plan LpOpt|401|Production lead time|6702|09-NOV-2025| |25-JUL-2025|101| |25.380711|1003|2000-281-514|50|11501| |2000-281-514_1003_247| | |247|0|01-JAN-1970|2|1|610|1|01-JAN-1970| |0|0|0|0|0|0|0| | |202547|CONSTRAINED|CONSTRAINED|CONSTRAINED_202547_2025-11-20_0656|BY_IF
Generate Master Plan LpOpt|401|Production lead time|6702|09-NOV-2025| |25-JUL-2025|102| |25.380711|1003|2000-281-427|50|11501| |2000-281-427_1003_240| | |240|0|01-JAN-1970|2|1|610|1|01-JAN-1970| |0|0|0|0|0|0|0| | |202547|CONSTRAINED|CONSTRAINED|CONSTRAINED_202547_2025-11-20_0656|BY_IF
Generate Master Plan LpOpt|401|Production lead time|6702|09-NOV-2025| |15-JUL-2025|103| |25|1006|100000000008|50|11501| |100000000008_1006_283_PV1| | |0|0|01-JAN-1970|1|1|610|1|01-JAN-1970| |0|0|0|0|0|0|0| | |202547|CONSTRAINED|CONSTRAINED|CONSTRAINED_202547_2025-11-20_0656|BY_IF
Generate Master Plan LpOpt|401|Production lead time|6702|09-NOV-2025| |25-JUL-2025|104| |25.380711|1003|2000-281-514|50|11501| |2000-281-514_1003_247| | |247|0|01-JAN-1970|2|1|610|1|01-JAN-1970| |0|0|0|0|0|0|0| | |202547|CONSTRAINED|CONSTRAINED|CONSTRAINED_202547_2025-11-20_0656|BY_IF
Generate Master Plan LpOpt|401|Production lead time|6702|09-NOV-2025| |25-JUL-2025|105| |25.380711|1003|2000-281-427|50|11501| |2000-281-427_1003_240| | |240|0|01-JAN-1970|2|1|610|1|01-JAN-1970| |0|0|0|0|0|0|0| | |202547|CONSTRAINED|CONSTRAINED|CONSTRAINED_202547_2025-11-20_0656|BY_IF
Generate Master Plan LpOpt|401|Production lead time|6702|09-NOV-2025| |15-JUL-2025|106| |25|1006|100000000008|50|11501| |100000000008_1006_283_PV1| | |0|0|01-JAN-1970|1|1|610|1|01-JAN-1970| |0|0|0|0|0|0|0| | |202547|CONSTRAINED|CONSTRAINED|CONSTRAINED_202547_2025-11-20_0656|BY_IF
Generate Master Plan LpOpt|401|Production lead time|6702|09-NOV-2025| |25-JUL-2025|107| |25.380711|1003|2000-281-391|50|11501| |2000-281-391_1003_248| | |248|0|01-JAN-1970|2|1|610|1|01-JAN-1970| |0|0|0|0|0|0|0| | |202547|CONSTRAINED|CONSTRAINED|CONSTRAINED_202547_2025-11-20_0656|BY_IF
Generate Master Plan LpOpt|401|Production lead time|6702|09-NOV-2025| |25-JUL-2025|108| |25.380711|1003|2000-281-512|50|11501| |2000-281-512_1003_244| | |244|0|01-JAN-1970|2|1|610|1|01-JAN-1970| |0|0|0|0|0|0|0| | |202547|CONSTRAINED|CONSTRAINED|CONSTRAINED_202547_2025-11-20_0656|BY_IF
Generate Master Plan LpOpt|401|Production lead time|6702|09-NOV-2025| |25-JUL-2025|109| |25.380711|1003|2000-281-427|50|11501| |2000-281-427_1003_240| | |240|0|01-JAN-1970|2|1|610|1|01-JAN-1970| |0|0|0|0|0|0|0| | |202547|CONSTRAINED|CONSTRAINED|CONSTRAINED_202547_2025-11-20_0656|BY_IF
Generate Master Plan LpOpt|401|Production lead time|6702|09-NOV-2025| |25-JUL-2025|110| |25.380711|1003|2000-281-514|50|11501| |2000-281-514_1003_247| | |247|0|01-JAN-1970|2|1|610|1|01-JAN-1970| |0|0|0|0|0|0|0| | |202547|CONSTRAINED|CONSTRAINED|CONSTRAINED_202547_2025-11-20_0656|BY_IF
Generate Master Plan LpOpt|401|Production lead time|6702|09-NOV-2025| |25-JUL-2025|111| |25.380711|1003|2000-281-512|50|11501| |2000-281-512_1003_244| | |244|0|01-JAN-1970|2|1|610|1|01-JAN-1970| |0|0|0|0|0|0|0| | |202547|CONSTRAINED|CONSTRAINED|CONSTRAINED_202547_2025-11-20_0656|BY_IF
Generate Master Plan LpOpt|401|Production lead time|6702|09-NOV-2025| |25-JUL-2025|112| |25.380711|1003|2000-281-391|50|11501| |2000-281-391_1003_248| | |248|0|01-JAN-1970|2|1|610|1|01-JAN-1970| |0|0|0|0|0|0|0| | |202547|CONSTRAINED|CONSTRAINED|CONSTRAINED_202547_2025-11-20_0656|BY_IF
Generate Master Plan LpOpt|401|Sourcing lead time|6704|09-NOV-2025| |19-JUL-2025|113| |50.761421|1017|100000002013|50|11501| | |100000002013_1006_1017| |0|0|01-JAN-1970|3|1|616|1|01-JAN-1970| |0|0|0|0|0|0|0| | |202547|CONSTRAINED|CONSTRAINED|CONSTRAINED_202547_2025-11-20_0656|BY_IF
Generate Master Plan LpOpt|401|Sourcing lead time|6704|09-NOV-2025| |19-JUL-2025|114| |50.761421|1017|100000002013|50|11501| | |100000002013_1006_1017| |0|0|01-JAN-1970|3|1|616|1|01-JAN-1970| |0|0|0|0|0|0|0| | |202547|CONSTRAINED|CONSTRAINED|CONSTRAINED_202547_2025-11-20_0656|BY_IF
Generate Master Plan LpOpt|401|Sourcing lead time|6704|09-NOV-2025| |19-JUL-2025|115| |76.142128|1017|100000002013|50|11501| | |100000002013_1006_1017| |0|0|01-JAN-1970|3|1|616|1|01-JAN-1970| |0|0|0|0|0|0|0| | |202547|CONSTRAINED|CONSTRAINED|CONSTRAINED_202547_2025-11-20_0656|BY_IF
Generate Master Plan LpOpt|401|Production lead time|6702|09-NOV-2025| |25-JUL-2025|116| |50|1004|100000000004|50|11501| |100000000004_1004_303| | |0|0|01-JAN-1970|1|1|610|1|01-JAN-1970| |0|0|0|0|0|0|0| | |202547|CONSTRAINED|CONSTRAINED|CONSTRAINED_202547_2025-11-20_0656|BY_IF
Generate Master Plan LpOpt|401|Production lead time|6702|09-NOV-2025| |15-JUL-2025|117| |50|1003|100000000008|50|11501| |100000000008_1003_285_PV1| | |0|0|01-JAN-1970|1|1|610|1|01-JAN-1970| |0|0|0|0|0|0|0| | |202547|CONSTRAINED|CONSTRAINED|CONSTRAINED_202547_2025-11-20_0656|BY_IF
Generate Master Plan LpOpt|401|Production lead time|6702|09-NOV-2025| |25-JUL-2025|118| |75|1003|2000-280-868|50|11501| |2000-280-868_1003_243| | |243|0|01-JAN-1970|1|1|610|1|01-JAN-1970| |0|0|0|0|0|0|0| | |202547|CONSTRAINED|CONSTRAINED|CONSTRAINED_202547_2025-11-20_0656|BY_IF
Generate Master Plan LpOpt|401|Sourcing lead time|6704|09-NOV-2025| |19-JUL-2025|119| |101.522842|1017|100000002013|50|11501| | |100000002013_1006_1017| |0|0|01-JAN-1970|3|1|616|1|01-JAN-1970| |0|0|0|0|0|0|0| | |202547|CONSTRAINED|CONSTRAINED|CONSTRAINED_202547_2025-11-20_0656|BY_IF
Generate Master Plan LpOpt|401|Production lead time|6702|09-NOV-2025| |15-JUL-2025|120| |75|1003|100000000008|50|11501| |100000000008_1003_285_PV1| | |0|0|01-JAN-1970|1|1|610|1|01-JAN-1970| |0|0|0|0|0|0|0| | |202547|CONSTRAINED|CONSTRAINED|CONSTRAINED_202547_2025-11-20_0656|BY_IF
Generate Master Plan LpOpt|401|Production lead time|6702|09-NOV-2025| |25-JUL-2025|121| |75|1004|100000000005|50|11501| |100000000005_1004_305| | |0|0|01-JAN-1970|1|1|610|1|01-JAN-1970| |0|0|0|0|0|0|0| | |202547|CONSTRAINED|CONSTRAINED|CONSTRAINED_202547_2025-11-20_0656|BY_IF
Generate Master Plan LpOpt|401|Production lead time|6702|09-NOV-2025| |25-JUL-2025|122| |75|1004|100000000004|50|11501| |100000000004_1004_303| | |0|0|01-JAN-1970|1|1|610|1|01-JAN-1970| |0|0|0|0|0|0|0| | |202547|CONSTRAINED|CONSTRAINED|CONSTRAINED_202547_2025-11-20_0656|BY_IF
Generate Master Plan LpOpt|401|Production lead time|6702|09-NOV-2025| |25-JUL-2025|123| |76.142128|1003|2000-281-427|50|11501| |2000-281-427_1003_240| | |240|0|01-JAN-1970|2|1|610|1|01-JAN-1970| |0|0|0|0|0|0|0| | |202547|CONSTRAINED|CONSTRAINED|CONSTRAINED_202547_2025-11-20_0656|BY_IF
Generate Master Plan LpOpt|401|Production lead time|6702|09-NOV-2025| |17-JUL-2025|124| |55|1003|100000000008|50|11501| |100000000008_1003_285_PV1| | |0|0|01-JAN-1970|1|1|610|1|01-JAN-1970| |0|0|0|0|0|0|0| | |202547|CONSTRAINED|CONSTRAINED|CONSTRAINED_202547_2025-11-20_0656|BY_IF
Generate Master Plan LpOpt|401|Sourcing lead time|6704|09-NOV-2025| |20-JUL-2025|125| |101.522842|1003|2000-281-424|50|11501| | |2000-281-424_1006_1003| |0|0|01-JAN-1970|3|1|616|1|01-JAN-1970| |0|0|0|0|0|0|0| | |202547|CONSTRAINED|CONSTRAINED|CONSTRAINED_202547_2025-11-20_0656|BY_IF
Generate Master Plan LpOpt|401|Production lead time|6702|09-NOV-2025| |20-JUL-2025|127| |76.142128|1004|100000000107|50|11501| |100000000107_1004_310| | |310|0|01-JAN-1970|2|1|610|1|01-JAN-1970| |0|0|0|0|0|0|0| | |202547|CONSTRAINED|CONSTRAINED|CONSTRAINED_202547_2025-11-20_0656|BY_IF
Generate Master Plan LpOpt|401|Production lead time|6702|09-NOV-2025| |20-JUL-2025|128| |76.142128|1004|100000000006|50|11501| |100000000006_1004_308| | |308|0|01-JAN-1970|2|1|610|1|01-JAN-1970| |0|0|0|0|0|0|0| | |202547|CONSTRAINED|CONSTRAINED|CONSTRAINED_202547_2025-11-20_0656|BY_IF
Generate Master Plan LpOpt|401|Sourcing lead time|6704|09-NOV-2025| |21-JUL-2025|129| |101.522842|1017|100000002013|50|11501| | |100000002013_1006_1017| |0|0|01-JAN-1970|3|1|616|1|01-JAN-1970| |0|0|0|0|0|0|0| | |202547|CONSTRAINED|CONSTRAINED|CONSTRAINED_202547_2025-11-20_0656|BY_IF
Generate Master Plan LpOpt|401|Sourcing lead time|6704|09-NOV-2025| |20-JUL-2025|130| |76.142128|1003|2000-001-049|50|11501| | |2000-001-049_1006_1003| |0|0|01-JAN-1970|2|1|616|1|01-JAN-1970| |0|0|0|0|0|0|0| | |202547|CONSTRAINED|CONSTRAINED|CONSTRAINED_202547_2025-11-20_0656|BY_IF
Generate Master Plan LpOpt|401|Production lead time|6702|09-NOV-2025| |25-JUL-2025|132| |20|1004|2001-000-001|50|11501| |2001-000-001_1004_458| | |0|0|01-JAN-1970|1|1|610|1|01-JAN-1970| |0|0|0|0|0|0|0| | |202547|CONSTRAINED|CONSTRAINED|CONSTRAINED_202547_2025-11-20_0656|BY_IF
Generate Master Plan LpOpt|401|Production lead time|6702|09-NOV-2025| |25-JUL-2025|133| |20|1004|2001-000-001|50|11501| |2001-000-001_1004_458| | |0|0|01-JAN-1970|1|1|610|1|01-JAN-1970| |0|0|0|0|0|0|0| | |202547|CONSTRAINED|CONSTRAINED|CONSTRAINED_202547_2025-11-20_0656|BY_IF
Generate Master Plan LpOpt|401|Production lead time|6702|09-NOV-2025| |25-JUL-2025|134| |20|1004|2001-000-001|50|11501| |2001-000-001_1004_458| | |0|0|01-JAN-1970|1|1|610|1|01-JAN-1970| |0|0|0|0|0|0|0| | |202547|CONSTRAINED|CONSTRAINED|CONSTRAINED_202547_2025-11-20_0656|BY_IF
Generate Master Plan LpOpt|401|Production lead time|6702|09-NOV-2025| |25-JUL-2025|135| |20|1004|2001-000-001|50|11501| |2001-000-001_1004_458| | |0|0|01-JAN-1970|1|1|610|1|01-JAN-1970| |0|0|0|0|0|0|0| | |202547|CONSTRAINED|CONSTRAINED|CONSTRAINED_202547_2025-11-20_0656|BY_IF
Generate Master Plan LpOpt|401|Production lead time|6702|09-NOV-2025| |25-JUL-2025|136| |25|1004|2001-000-001|50|11501| |2001-000-001_1004_458| | |0|0|01-JAN-1970|1|1|610|1|01-JAN-1970| |0|0|0|0|0|0|0| | |202547|CONSTRAINED|CONSTRAINED|CONSTRAINED_202547_2025-11-20_0656|BY_IF
Generate Master Plan LpOpt|401|Production lead time|6702|09-NOV-2025| |25-JUL-2025|137| |25|1004|2001-000-001|50|11501| |2001-000-001_1004_458| | |0|0|01-JAN-1970|1|1|610|1|01-JAN-1970| |0|0|0|0|0|0|0| | |202547|CONSTRAINED|CONSTRAINED|CONSTRAINED_202547_2025-11-20_0656|BY_IF
Generate Master Plan LpOpt|401|Production lead time|6702|09-NOV-2025| |25-JUL-2025|138| |25|1004|2001-000-001|50|11501| |2001-000-001_1004_458| | |0|0|01-JAN-1970|1|1|610|1|01-JAN-1970| |0|0|0|0|0|0|0| | |202547|CONSTRAINED|CONSTRAINED|CONSTRAINED_202547_2025-11-20_0656|BY_IF
Generate Master Plan LpOpt|401|Production lead time|6702|09-NOV-2025| |25-JUL-2025|139| |25|1004|2001-000-001|50|11501| |2001-000-001_1004_458| | |0|0|01-JAN-1970|1|1|610|1|01-JAN-1970| |0|0|0|0|0|0|0| | |202547|CONSTRAINED|CONSTRAINED|CONSTRAINED_202547_2025-11-20_0656|BY_IF
Generate Master Plan LpOpt|401|Production lead time|6702|09-NOV-2025| |25-JUL-2025|140| |30|1004|2001-000-001|50|11501| |2001-000-001_1004_458| | |0|0|01-JAN-1970|1|1|610|1|01-JAN-1970| |0|0|0|0|0|0|0| | |202547|CONSTRAINED|CONSTRAINED|CONSTRAINED_202547_2025-11-20_0656|BY_IF
Generate Master Plan LpOpt|401|Production lead time|6702|09-NOV-2025| |25-JUL-2025|141| |75|1004|2001-000-001|50|11501| |2001-000-001_1004_458| | |0|0|01-JAN-1970|1|1|610|1|01-JAN-1970| |0|0|0|0|0|0|0| | |202547|CONSTRAINED|CONSTRAINED|CONSTRAINED_202547_2025-11-20_0656|BY_IF
Generate Master Plan LpOpt|401|Sourcing lead time|6704|09-NOV-2025| |20-JUL-2025|142| |126.903549|1004|2000-314-350|50|11501| | |2000-314-350_1006_1004| |0|0|01-JAN-1970|4|1|616|1|01-JAN-1970| |0|0|0|0|0|0|0| | |202547|CONSTRAINED|CONSTRAINED|CONSTRAINED_202547_2025-11-20_0656|BY_IF
Generate Master Plan LpOpt|401|Sourcing lead time|6704|09-NOV-2025| |20-JUL-2025|143| |126.903549|1004|2000-309-877|50|11501| | |2000-309-877_1006_1004| |0|0|01-JAN-1970|4|1|616|1|01-JAN-1970| |0|0|0|0|0|0|0| | |202547|CONSTRAINED|CONSTRAINED|CONSTRAINED_202547_2025-11-20_0656|BY_IF
Generate Master Plan LpOpt|401|Material|6701|09-NOV-2025| |31-JUL-2025|144| |203.045685|1006|2000-314-191|50|11501| | | | |0|0|01-JAN-1970|10|1|608|1|01-JAN-1970| |0|0|0|0|0|0|0| | |202547|CONSTRAINED|CONSTRAINED|CONSTRAINED_202547_2025-11-20_0656|BY_IF
Generate Master Plan LpOpt|401|Material|6701|09-NOV-2025| |02-AUG-2025|145| |203.045685|1006|2000-314-191|50|11501| | | | |0|0|01-JAN-1970|10|1|608|1|01-JAN-1970| |0|0|0|0|0|0|0| | |202547|CONSTRAINED|CONSTRAINED|CONSTRAINED_202547_2025-11-20_0656|BY_IF
Generate Master Plan LpOpt|401|Material|6701|09-NOV-2025| |02-AUG-2025|149| |203.045685|1006|2000-314-191|50|11501| | | | |0|0|01-JAN-1970|10|1|608|1|01-JAN-1970| |0|0|0|0|0|0|0| | |202547|CONSTRAINED|CONSTRAINED|CONSTRAINED_202547_2025-11-20_0656|BY_IF
Generate Master Plan LpOpt|401|Material|6701|09-NOV-2025| |02-AUG-2025|150| |203.045685|1006|2000-314-191|50|11501| | | | |0|0|01-JAN-1970|10|1|608|1|01-JAN-1970| |0|0|0|0|0|0|0| | |202547|CONSTRAINED|CONSTRAINED|CONSTRAINED_202547_2025-11-20_0656|BY_IF
Generate Master Plan LpOpt|401|Material|6701|09-NOV-2025| |02-AUG-2025|151| |253.807098|1006|2000-314-191|50|11501| | | | |0|0|01-JAN-1970|10|1|608|1|01-JAN-1970| |0|0|0|0|0|0|0| | |202547|CONSTRAINED|CONSTRAINED|CONSTRAINED_202547_2025-11-20_0656|BY_IF
Generate Master Plan LpOpt|401|Material|6701|09-NOV-2025| |03-AUG-2025|154| |203.045685|1006|2000-314-191|50|11501| | | | |0|0|01-JAN-1970|10|1|608|1|01-JAN-1970| |0|0|0|0|0|0|0| | |202547|CONSTRAINED|CONSTRAINED|CONSTRAINED_202547_2025-11-20_0656|BY_IF
Generate Master Plan LpOpt|401|Material|6701|09-NOV-2025| |03-AUG-2025|156| |203.045685|1006|2000-314-191|50|11501| | | | |0|0|01-JAN-1970|10|1|608|1|01-JAN-1970| |0|0|0|0|0|0|0| | |202547|CONSTRAINED|CONSTRAINED|CONSTRAINED_202547_2025-11-20_0656|BY_IF
Generate Master Plan LpOpt|401|Material|6701|09-NOV-2025| |03-AUG-2025|158| |203.045685|1006|2000-314-191|50|11501| | | | |0|0|01-JAN-1970|10|1|608|1|01-JAN-1970| |0|0|0|0|0|0|0| | |202547|CONSTRAINED|CONSTRAINED|CONSTRAINED_202547_2025-11-20_0656|BY_IF
Generate Master Plan LpOpt|401|Material|6701|09-NOV-2025| |03-AUG-2025|160| |228.426392|1006|2000-314-191|50|11501| | | | |0|0|01-JAN-1970|10|1|608|1|01-JAN-1970| |0|0|0|0|0|0|0| | |202547|CONSTRAINED|CONSTRAINED|CONSTRAINED_202547_2025-11-20_0656|BY_IF
Generate Master Plan LpOpt|401|Material|6701|09-NOV-2025| |03-AUG-2025|162| |228.426392|1006|2000-314-191|50|11501| | | | |0|0|01-JAN-1970|10|1|608|1|01-JAN-1970| |0|0|0|0|0|0|0| | |202547|CONSTRAINED|CONSTRAINED|CONSTRAINED_202547_2025-11-20_0656|BY_IF
Generate Master Plan LpOpt|401|Material|6701|09-NOV-2025| |04-AUG-2025|165| |203.045685|1006|2000-314-191|50|11501| | | | |0|0|01-JAN-1970|10|1|608|1|01-JAN-1970| |0|0|0|0|0|0|0| | |202547|CONSTRAINED|CONSTRAINED|CONSTRAINED_202547_2025-11-20_0656|BY_IF
Generate Master Plan LpOpt|401|Material|6701|09-NOV-2025| |04-AUG-2025|166| |203.045685|1006|2000-314-191|50|11501| | | | |0|0|01-JAN-1970|10|1|608|1|01-JAN-1970| |0|0|0|0|0|0|0| | |202547|CONSTRAINED|CONSTRAINED|CONSTRAINED_202547_2025-11-20_0656|BY_IF
Generate Master Plan LpOpt|401|Material|6701|09-NOV-2025| |04-AUG-2025|167| |228.426392|1006|2000-314-191|50|11501| | | | |0|0|01-JAN-1970|10|1|608|1|01-JAN-1970| |0|0|0|0|0|0|0| | |202547|CONSTRAINED|CONSTRAINED|CONSTRAINED_202547_2025-11-20_0656|BY_IF
Generate Master Plan LpOpt|401|Material|6701|09-NOV-2025| |04-AUG-2025|169| |228.426392|1006|2000-314-191|50|11501| | | | |0|0|01-JAN-1970|10|1|608|1|01-JAN-1970| |0|0|0|0|0|0|0| | |202547|CONSTRAINED|CONSTRAINED|CONSTRAINED_202547_2025-11-20_0656|BY_IF
Generate Master Plan LpOpt|401|Material|6701|09-NOV-2025| |05-AUG-2025|172| |203.045685|1006|2000-314-191|50|11501| | | | |0|0|01-JAN-1970|10|1|608|1|01-JAN-1970| |0|0|0|0|0|0|0| | |202547|CONSTRAINED|CONSTRAINED|CONSTRAINED_202547_2025-11-20_0656|BY_IF
Generate Master Plan LpOpt|401|Material|6701|09-NOV-2025| |05-AUG-2025|173| |203.045685|1006|2000-314-191|50|11501| | | | |0|0|01-JAN-1970|10|1|608|1|01-JAN-1970| |0|0|0|0|0|0|0| | |202547|CONSTRAINED|CONSTRAINED|CONSTRAINED_202547_2025-11-20_0656|BY_IF
Generate Master Plan LpOpt|401|Material|6701|09-NOV-2025| |05-AUG-2025|177| |253.807098|1006|2000-314-191|50|11501| | | | |0|0|01-JAN-1970|10|1|608|1|01-JAN-1970| |0|0|0|0|0|0|0| | |202547|CONSTRAINED|CONSTRAINED|CONSTRAINED_202547_2025-11-20_0656|BY_IF
Generate Master Plan LpOpt|401|Material|6701|09-NOV-2025| |05-AUG-2025|178| |253.807098|1006|2000-314-191|50|11501| | | | |0|0|01-JAN-1970|10|1|608|1|01-JAN-1970| |0|0|0|0|0|0|0| | |202547|CONSTRAINED|CONSTRAINED|CONSTRAINED_202547_2025-11-20_0656|BY_IF
Generate Master Plan LpOpt|401|Material|6701|09-NOV-2025| |07-AUG-2025|180| |203.045685|1006|2000-314-191|50|11501| | | | |0|0|01-JAN-1970|10|1|608|1|01-JAN-1970| |0|0|0|0|0|0|0| | |202547|CONSTRAINED|CONSTRAINED|CONSTRAINED_202547_2025-11-20_0656|BY_IF
Generate Master Plan LpOpt|401|Material|6701|09-NOV-2025| |07-AUG-2025|182| |203.045685|1006|2000-314-191|50|11501| | | | |0|0|01-JAN-1970|10|1|608|1|01-JAN-1970| |0|0|0|0|0|0|0| | |202547|CONSTRAINED|CONSTRAINED|CONSTRAINED_202547_2025-11-20_0656|BY_IF
Generate Master Plan LpOpt|401|Material|6701|09-NOV-2025| |08-AUG-2025|185| |203.045685|1006|2000-314-191|50|11501| | | | |0|0|01-JAN-1970|10|1|608|1|01-JAN-1970| |0|0|0|0|0|0|0| | |202547|CONSTRAINED|CONSTRAINED|CONSTRAINED_202547_2025-11-20_0656|BY_IF
Generate Master Plan LpOpt|401|Material|6701|09-NOV-2025| |08-AUG-2025|186| |228.426392|1006|2000-314-191|50|11501| | | | |0|0|01-JAN-1970|10|1|608|1|01-JAN-1970| |0|0|0|0|0|0|0| | |202547|CONSTRAINED|CONSTRAINED|CONSTRAINED_202547_2025-11-20_0656|BY_IF
Generate Master Plan LpOpt|401|Material|6701|09-NOV-2025| |09-AUG-2025|189| |203.045685|1006|2000-314-191|50|11501| | | | |0|0|01-JAN-1970|10|1|608|1|01-JAN-1970| |0|0|0|0|0|0|0| | |202547|CONSTRAINED|CONSTRAINED|CONSTRAINED_202547_2025-11-20_0656|BY_IF
Generate Master Plan LpOpt|401|Material|6701|09-NOV-2025| |09-AUG-2025|190| |203.045685|1006|2000-314-191|50|11501| | | | |0|0|01-JAN-1970|10|1|608|1|01-JAN-1970| |0|0|0|0|0|0|0| | |202547|CONSTRAINED|CONSTRAINED|CONSTRAINED_202547_2025-11-20_0656|BY_IF
Generate Master Plan LpOpt|401|Material|6701|09-NOV-2025| |09-AUG-2025|193| |228.426392|1006|2000-314-191|50|11501| | | | |0|0|01-JAN-1970|10|1|608|1|01-JAN-1970| |0|0|0|0|0|0|0| | |202547|CONSTRAINED|CONSTRAINED|CONSTRAINED_202547_2025-11-20_0656|BY_IF
Generate Master Plan LpOpt|401|Material|6701|09-NOV-2025| |09-AUG-2025|194| |253.807098|1006|2000-314-191|50|11501| | | | |0|0|01-JAN-1970|10|1|608|1|01-JAN-1970| |0|0|0|0|0|0|0| | |202547|CONSTRAINED|CONSTRAINED|CONSTRAINED_202547_2025-11-20_0656|BY_IF
Generate Master Plan LpOpt|401|Material|6701|09-NOV-2025| |11-AUG-2025|197| |203.045685|1006|2000-314-191|50|11501| | | | |0|0|01-JAN-1970|10|1|608|1|01-JAN-1970| |0|0|0|0|0|0|0| | |202547|CONSTRAINED|CONSTRAINED|CONSTRAINED_202547_2025-11-20_0656|BY_IF
Generate Master Plan LpOpt|401|Material|6701|09-NOV-2025| |14-AUG-2025|198| |228.426392|1006|2000-314-191|50|11501| | | | |0|0|01-JAN-1970|10|1|608|1|01-JAN-1970| |0|0|0|0|0|0|0| | |202547|CONSTRAINED|CONSTRAINED|CONSTRAINED_202547_2025-11-20_0656|BY_IF
Generate Master Plan LpOpt|401|Material|6701|09-NOV-2025| |14-AUG-2025|201| |253.807098|1006|2000-314-191|50|11501| | | | |0|0|01-JAN-1970|10|1|608|1|01-JAN-1970| |0|0|0|0|0|0|0| | |202547|CONSTRAINED|CONSTRAINED|CONSTRAINED_202547_2025-11-20_0656|BY_IF
Generate Master Plan LpOpt|401|Material|6701|09-NOV-2025| |21-AUG-2025|202| |203.045685|1006|2000-314-191|50|11501| | | | |0|0|01-JAN-1970|10|1|608|1|01-JAN-1970| |0|0|0|0|0|0|0| | |202547|CONSTRAINED|CONSTRAINED|CONSTRAINED_202547_2025-11-20_0656|BY_IF
Generate Master Plan LpOpt|401|Material|6701|09-NOV-2025| |15-SEP-2025|204| |203.045685|1006|2000-314-191|50|11501| | | | |0|0|01-JAN-1970|10|1|608|1|01-JAN-1970| |0|0|0|0|0|0|0| | |202547|CONSTRAINED|CONSTRAINED|CONSTRAINED_202547_2025-11-20_0656|BY_IF
Generate Master Plan LpOpt|401|Material|6701|09-NOV-2025| |15-SEP-2025|205| |203.045685|1006|2000-314-191|50|11501| | | | |0|0|01-JAN-1970|10|1|608|1|01-JAN-1970| |0|0|0|0|0|0|0| | |202547|CONSTRAINED|CONSTRAINED|CONSTRAINED_202547_2025-11-20_0656|BY_IF
Generate Master Plan LpOpt|401|Material|6701|09-NOV-2025| |09-OCT-2025|208| |228.426392|1006|2000-314-191|50|11501| | | | |0|0|01-JAN-1970|10|1|608|1|01-JAN-1970| |0|0|0|0|0|0|0| | |202547|CONSTRAINED|CONSTRAINED|CONSTRAINED_202547_2025-11-20_0656|BY_IF
Generate Master Plan LpOpt|401|Material|6701|09-NOV-2025| |16-OCT-2025|209| |203.045685|1006|2000-314-191|50|11501| | | | |0|0|01-JAN-1970|10|1|608|1|01-JAN-1970| |0|0|0|0|0|0|0| | |202547|CONSTRAINED|CONSTRAINED|CONSTRAINED_202547_2025-11-20_0656|BY_IF
Generate Master Plan LpOpt|401|Material|6701|09-NOV-2025| |13-NOV-2025|210| |279.187805|1006|2000-314-191|50|11501| | | | |0|0|01-JAN-1970|10|1|608|1|01-JAN-1970| |0|0|0|0|0|0|0| | |202547|CONSTRAINED|CONSTRAINED|CONSTRAINED_202547_2025-11-20_0656|BY_IF
Generate Master Plan LpOpt|401|Material|6701|09-NOV-2025| |27-NOV-2025|211| |228.426392|1006|2000-314-191|50|11501| | | | |0|0|01-JAN-1970|10|1|608|1|01-JAN-1970| |0|0|0|0|0|0|0| | |202547|CONSTRAINED|CONSTRAINED|CONSTRAINED_202547_2025-11-20_0656|BY_IF
Generate Master Plan LpOpt|401|Material|6701|09-NOV-2025| |04-DEC-2025|212| |253.807098|1006|2000-314-191|50|11501| | | | |0|0|01-JAN-1970|10|1|608|1|01-JAN-1970| |0|0|0|0|0|0|0| | |202547|CONSTRAINED|CONSTRAINED|CONSTRAINED_202547_2025-11-20_0656|BY_IF
Generate Master Plan LpOpt|401|Material|6701|09-NOV-2025| |11-DEC-2025|213| |253.807098|1006|2000-314-191|50|11501| | | | |0|0|01-JAN-1970|10|1|608|1|01-JAN-1970| |0|0|0|0|0|0|0| | |202547|CONSTRAINED|CONSTRAINED|CONSTRAINED_202547_2025-11-20_0656|BY_IF
Generate Master Plan LpOpt|401|Material|6701|09-NOV-2025| |18-DEC-2025|214| |253.807098|1006|2000-314-191|50|11501| | | | |0|0|01-JAN-1970|10|1|608|1|01-JAN-1970| |0|0|0|0|0|0|0| | |202547|CONSTRAINED|CONSTRAINED|CONSTRAINED_202547_2025-11-20_0656|BY_IF
Generate Master Plan LpOpt|401|Material|6701|09-NOV-2025| |25-DEC-2025|215| |253.807098|1006|2000-314-191|50|11501| | | | |0|0|01-JAN-1970|10|1|608|1|01-JAN-1970| |0|0|0|0|0|0|0| | |202547|CONSTRAINED|CONSTRAINED|CONSTRAINED_202547_2025-11-20_0656|BY_IF
Generate Master Plan LpOpt|401|Material|6701|09-NOV-2025| |01-JAN-2026|216| |253.807098|1006|2000-314-191|50|11501| | | | |0|0|01-JAN-1970|10|1|608|1|01-JAN-1970| |0|0|0|0|0|0|0| | |202547|CONSTRAINED|CONSTRAINED|CONSTRAINED_202547_2025-11-20_0656|BY_IF
Generate Master Plan LpOpt|401|Material|6701|09-NOV-2025| |08-JAN-2026|217| |253.807098|1006|2000-314-191|50|11501| | | | |0|0|01-JAN-1970|10|1|608|1|01-JAN-1970| |0|0|0|0|0|0|0| | |202547|CONSTRAINED|CONSTRAINED|CONSTRAINED_202547_2025-11-20_0656|BY_IF
Generate Master Plan LpOpt|401|Material|6701|09-NOV-2025| |15-JAN-2026|218| |253.807098|1006|2000-314-191|50|11501| | | | |0|0|01-JAN-1970|10|1|608|1|01-JAN-1970| |0|0|0|0|0|0|0| | |202547|CONSTRAINED|CONSTRAINED|CONSTRAINED_202547_2025-11-20_0656|BY_IF
Generate Master Plan LpOpt|401|Material|6701|09-NOV-2025| |22-JAN-2026|219| |253.807098|1006|2000-314-191|50|11501| | | | |0|0|01-JAN-1970|10|1|608|1|01-JAN-1970| |0|0|0|0|0|0|0| | |202547|CONSTRAINED|CONSTRAINED|CONSTRAINED_202547_2025-11-20_0656|BY_IF
Generate Master Plan LpOpt|401|Material|6701|09-NOV-2025| |29-JAN-2026|220| |253.807098|1006|2000-314-191|50|11501| | | | |0|0|01-JAN-1970|10|1|608|1|01-JAN-1970| |0|0|0|0|0|0|0| | |202547|CONSTRAINED|CONSTRAINED|CONSTRAINED_202547_2025-11-20_0656|BY_IF
Generate Master Plan LpOpt|401|Material|6701|09-NOV-2025| |05-FEB-2026|221| |253.807098|1006|2000-314-191|50|11501| | | | |0|0|01-JAN-1970|10|1|608|1|01-JAN-1970| |0|0|0|0|0|0|0| | |202547|CONSTRAINED|CONSTRAINED|CONSTRAINED_202547_2025-11-20_0656|BY_IF
Generate Master Plan LpOpt|401|Material|6701|09-NOV-2025| |12-FEB-2026|222| |253.807098|1006|2000-314-191|50|11501| | | | |0|0|01-JAN-1970|10|1|608|1|01-JAN-1970| |0|0|0|0|0|0|0| | |202547|CONSTRAINED|CONSTRAINED|CONSTRAINED_202547_2025-11-20_0656|BY_IF
Generate Master Plan LpOpt|401|Material|6701|09-NOV-2025| |19-FEB-2026|223| |253.807098|1006|2000-314-191|50|11501| | | | |0|0|01-JAN-1970|10|1|608|1|01-JAN-1970| |0|0|0|0|0|0|0| | |202547|CONSTRAINED|CONSTRAINED|CONSTRAINED_202547_2025-11-20_0656|BY_IF
Generate Master Plan LpOpt|401|Material|6701|09-NOV-2025| |26-FEB-2026|224| |253.807098|1006|2000-314-191|50|11501| | | | |0|0|01-JAN-1970|10|1|608|1|01-JAN-1970| |0|0|0|0|0|0|0| | |202547|CONSTRAINED|CONSTRAINED|CONSTRAINED_202547_2025-11-20_0656|BY_IF
Generate Master Plan LpOpt|401|Material|6701|09-NOV-2025| |05-MAR-2026|225| |253.807098|1006|2000-314-191|50|11501| | | | |0|0|01-JAN-1970|10|1|608|1|01-JAN-1970| |0|0|0|0|0|0|0| | |202547|CONSTRAINED|CONSTRAINED|CONSTRAINED_202547_2025-11-20_0656|BY_IF
Generate Master Plan LpOpt|401|Material|6701|09-NOV-2025| |12-MAR-2026|226| |253.807098|1006|2000-314-191|50|11501| | | | |0|0|01-JAN-1970|10|1|608|1|01-JAN-1970| |0|0|0|0|0|0|0| | |202547|CONSTRAINED|CONSTRAINED|CONSTRAINED_202547_2025-11-20_0656|BY_IF
Generate Master Plan LpOpt|401|Material|6701|09-NOV-2025| |19-MAR-2026|227| |253.807098|1006|2000-314-191|50|11501| | | | |0|0|01-JAN-1970|10|1|608|1|01-JAN-1970| |0|0|0|0|0|0|0| | |202547|CONSTRAINED|CONSTRAINED|CONSTRAINED_202547_2025-11-20_0656|BY_IF
Generate Master Plan LpOpt|401|Material|6701|09-NOV-2025| |26-MAR-2026|228| |253.807098|1006|2000-314-191|50|11501| | | | |0|0|01-JAN-1970|10|1|608|1|01-JAN-1970| |0|0|0|0|0|0|0| | |202547|CONSTRAINED|CONSTRAINED|CONSTRAINED_202547_2025-11-20_0656|BY_IF
Generate Master Plan LpOpt|401|Material|6701|09-NOV-2025| |02-APR-2026|229| |253.807098|1006|2000-314-191|50|11501| | | | |0|0|01-JAN-1970|10|1|608|1|01-JAN-1970| |0|0|0|0|0|0|0| | |202547|CONSTRAINED|CONSTRAINED|CONSTRAINED_202547_2025-11-20_0656|BY_IF
Generate Master Plan LpOpt|401|Material|6701|09-NOV-2025| |09-APR-2026|230| |253.807098|1006|2000-314-191|50|11501| | | | |0|0|01-JAN-1970|10|1|608|1|01-JAN-1970| |0|0|0|0|0|0|0| | |202547|CONSTRAINED|CONSTRAINED|CONSTRAINED_202547_2025-11-20_0656|BY_IF
Generate Master Plan LpOpt|401|Material|6701|09-NOV-2025| |16-APR-2026|231| |253.807098|1006|2000-314-191|50|11501| | | | |0|0|01-JAN-1970|10|1|608|1|01-JAN-1970| |0|0|0|0|0|0|0| | |202547|CONSTRAINED|CONSTRAINED|CONSTRAINED_202547_2025-11-20_0656|BY_IF
Generate Master Plan LpOpt|401|Material|6701|09-NOV-2025| |23-APR-2026|232| |253.807098|1006|2000-314-191|50|11501| | | | |0|0|01-JAN-1970|10|1|608|1|01-JAN-1970| |0|0|0|0|0|0|0| | |202547|CONSTRAINED|CONSTRAINED|CONSTRAINED_202547_2025-11-20_0656|BY_IF
Generate Master Plan LpOpt|401|Material|6701|09-NOV-2025| |30-APR-2026|233| |253.807098|1006|2000-314-191|50|11501| | | | |0|0|01-JAN-1970|10|1|608|1|01-JAN-1970| |0|0|0|0|0|0|0| | |202547|CONSTRAINED|CONSTRAINED|CONSTRAINED_202547_2025-11-20_0656|BY_IF
Generate Master Plan LpOpt|401|Material|6701|09-NOV-2025| |07-MAY-2026|234| |253.807098|1006|2000-314-191|50|11501| | | | |0|0|01-JAN-1970|10|1|608|1|01-JAN-1970| |0|0|0|0|0|0|0| | |202547|CONSTRAINED|CONSTRAINED|CONSTRAINED_202547_2025-11-20_0656|BY_IF
Generate Master Plan LpOpt|401|Material|6701|09-NOV-2025| |14-MAY-2026|235| |253.807098|1006|2000-314-191|50|11501| | | | |0|0|01-JAN-1970|10|1|608|1|01-JAN-1970| |0|0|0|0|0|0|0| | |202547|CONSTRAINED|CONSTRAINED|CONSTRAINED_202547_2025-11-20_0656|BY_IF
Generate Master Plan LpOpt|401|Material|6701|09-NOV-2025| |21-MAY-2026|236| |253.807098|1006|2000-314-191|50|11501| | | | |0|0|01-JAN-1970|10|1|608|1|01-JAN-1970| |0|0|0|0|0|0|0| | |202547|CONSTRAINED|CONSTRAINED|CONSTRAINED_202547_2025-11-20_0656|BY_IF
Generate Master Plan LpOpt|401|Material|6701|09-NOV-2025| |28-MAY-2026|237| |253.807098|1006|2000-314-191|50|11501| | | | |0|0|01-JAN-1970|10|1|608|1|01-JAN-1970| |0|0|0|0|0|0|0| | |202547|CONSTRAINED|CONSTRAINED|CONSTRAINED_202547_2025-11-20_0656|BY_IF
Generate Master Plan LpOpt|401|Material|6701|09-NOV-2025| |04-JUN-2026|238| |253.807098|1006|2000-314-191|50|11501| | | | |0|0|01-JAN-1970|10|1|608|1|01-JAN-1970| |0|0|0|0|0|0|0| | |202547|CONSTRAINED|CONSTRAINED|CONSTRAINED_202547_2025-11-20_0656|BY_IF
Generate Master Plan LpOpt|401|Material|6701|09-NOV-2025| |11-JUN-2026|239| |253.807098|1006|2000-314-191|50|11501| | | | |0|0|01-JAN-1970|10|1|608|1|01-JAN-1970| |0|0|0|0|0|0|0| | |202547|CONSTRAINED|CONSTRAINED|CONSTRAINED_202547_2025-11-20_0656|BY_IF
Generate Master Plan LpOpt|401|Material|6701|09-NOV-2025| |18-JUN-2026|240| |253.807098|1006|2000-314-191|50|11501| | | | |0|0|01-JAN-1970|10|1|608|1|01-JAN-1970| |0|0|0|0|0|0|0| | |202547|CONSTRAINED|CONSTRAINED|CONSTRAINED_202547_2025-11-20_0656|BY_IF
Generate Master Plan LpOpt|401|Material|6701|09-NOV-2025| |25-JUN-2026|241| |253.807098|1006|2000-314-191|50|11501| | | | |0|0|01-JAN-1970|10|1|608|1|01-JAN-1970| |0|0|0|0|0|0|0| | |202547|CONSTRAINED|CONSTRAINED|CONSTRAINED_202547_2025-11-20_0656|BY_IF
Generate Master Plan LpOpt|401|Material|6701|09-NOV-2025| |02-JUL-2026|242| |253.807098|1006|2000-314-191|50|11501| | | | |0|0|01-JAN-1970|10|1|608|1|01-JAN-1970| |0|0|0|0|0|0|0| | |202547|CONSTRAINED|CONSTRAINED|CONSTRAINED_202547_2025-11-20_0656|BY_IF
Generate Master Plan LpOpt|401|Material|6701|09-NOV-2025| |09-JUL-2026|243| |253.807098|1006|2000-314-191|50|11501| | | | |0|0|01-JAN-1970|10|1|608|1|01-JAN-1970| |0|0|0|0|0|0|0| | |202547|CONSTRAINED|CONSTRAINED|CONSTRAINED_202547_2025-11-20_0656|BY_IF
Generate Master Plan LpOpt|401|Material|6701|09-NOV-2025| |16-JUL-2026|244| |253.807098|1006|2000-314-191|50|11501| | | | |0|0|01-JAN-1970|10|1|608|1|01-JAN-1970| |0|0|0|0|0|0|0| | |202547|CONSTRAINED|CONSTRAINED|CONSTRAINED_202547_2025-11-20_0656|BY_IF
Generate Master Plan LpOpt|401|Material|6701|09-NOV-2025| |23-JUL-2026|245| |253.807098|1006|2000-314-191|50|11501| | | | |0|0|01-JAN-1970|10|1|608|1|01-JAN-1970| |0|0|0|0|0|0|0| | |202547|CONSTRAINED|CONSTRAINED|CONSTRAINED_202547_2025-11-20_0656|BY_IF
Generate Master Plan LpOpt|401|Material|6701|09-NOV-2025| |30-JUL-2026|246| |253.807098|1006|2000-314-191|50|11501| | | | |0|0|01-JAN-1970|10|1|608|1|01-JAN-1970| |0|0|0|0|0|0|0| | |202547|CONSTRAINED|CONSTRAINED|CONSTRAINED_202547_2025-11-20_0656|BY_IF
Generate Master Plan LpOpt|401|Material|6701|09-NOV-2025| |06-AUG-2026|247| |253.807098|1006|2000-314-191|50|11501| | | | |0|0|01-JAN-1970|10|1|608|1|01-JAN-1970| |0|0|0|0|0|0|0| | |202547|CONSTRAINED|CONSTRAINED|CONSTRAINED_202547_2025-11-20_0656|BY_IF
Generate Master Plan LpOpt|401|Material|6701|09-NOV-2025| |13-AUG-2026|248| |253.807098|1006|2000-314-191|50|11501| | | | |0|0|01-JAN-1970|10|1|608|1|01-JAN-1970| |0|0|0|0|0|0|0| | |202547|CONSTRAINED|CONSTRAINED|CONSTRAINED_202547_2025-11-20_0656|BY_IF
Generate Master Plan LpOpt|401|Material|6701|09-NOV-2025| |20-AUG-2026|249| |253.807098|1006|2000-314-191|50|11501| | | | |0|0|01-JAN-1970|10|1|608|1|01-JAN-1970| |0|0|0|0|0|0|0| | |202547|CONSTRAINED|CONSTRAINED|CONSTRAINED_202547_2025-11-20_0656|BY_IF
Generate Master Plan LpOpt|401|Material|6701|09-NOV-2025| |27-AUG-2026|250| |253.807098|1006|2000-314-191|50|11501| | | | |0|0|01-JAN-1970|10|1|608|1|01-JAN-1970| |0|0|0|0|0|0|0| | |202547|CONSTRAINED|CONSTRAINED|CONSTRAINED_202547_2025-11-20_0656|BY_IF
Generate Master Plan LpOpt|401|Material|6701|09-NOV-2025| |03-SEP-2026|251| |253.807098|1006|2000-314-191|50|11501| | | | |0|0|01-JAN-1970|10|1|608|1|01-JAN-1970| |0|0|0|0|0|0|0| | |202547|CONSTRAINED|CONSTRAINED|CONSTRAINED_202547_2025-11-20_0656|BY_IF
Generate Master Plan LpOpt|401|Material|6701|09-NOV-2025| |10-SEP-2026|252| |253.807098|1006|2000-314-191|50|11501| | | | |0|0|01-JAN-1970|10|1|608|1|01-JAN-1970| |0|0|0|0|0|0|0| | |202547|CONSTRAINED|CONSTRAINED|CONSTRAINED_202547_2025-11-20_0656|BY_IF
Generate Master Plan LpOpt|401|Material|6701|09-NOV-2025| |17-SEP-2026|253| |253.807098|1006|2000-314-191|50|11501| | | | |0|0|01-JAN-1970|10|1|608|1|01-JAN-1970| |0|0|0|0|0|0|0| | |202547|CONSTRAINED|CONSTRAINED|CONSTRAINED_202547_2025-11-20_0656|BY_IF
Generate Master Plan LpOpt|401|Material|6701|09-NOV-2025| |24-SEP-2026|254| |253.807098|1006|2000-314-191|50|11501| | | | |0|0|01-JAN-1970|10|1|608|1|01-JAN-1970| |0|0|0|0|0|0|0| | |202547|CONSTRAINED|CONSTRAINED|CONSTRAINED_202547_2025-11-20_0656|BY_IF
Generate Master Plan LpOpt|401|Material|6701|09-NOV-2025| |01-OCT-2026|255| |253.807098|1006|2000-314-191|50|11501| | | | |0|0|01-JAN-1970|10|1|608|1|01-JAN-1970| |0|0|0|0|0|0|0| | |202547|CONSTRAINED|CONSTRAINED|CONSTRAINED_202547_2025-11-20_0656|BY_IF
Generate Master Plan LpOpt|401|Material|6701|09-NOV-2025| |08-OCT-2026|256| |253.807098|1006|2000-314-191|50|11501| | | | |0|0|01-JAN-1970|10|1|608|1|01-JAN-1970| |0|0|0|0|0|0|0| | |202547|CONSTRAINED|CONSTRAINED|CONSTRAINED_202547_2025-11-20_0656|BY_IF
Generate Master Plan LpOpt|401|Material|6701|09-NOV-2025| |15-OCT-2026|257| |253.807098|1006|2000-314-191|50|11501| | | | |0|0|01-JAN-1970|10|1|608|1|01-JAN-1970| |0|0|0|0|0|0|0| | |202547|CONSTRAINED|CONSTRAINED|CONSTRAINED_202547_2025-11-20_0656|BY_IF
Generate Master Plan LpOpt|401|Material|6701|09-NOV-2025| |22-OCT-2026|258| |253.807098|1006|2000-314-191|50|11501| | | | |0|0|01-JAN-1970|10|1|608|1|01-JAN-1970| |0|0|0|0|0|0|0| | |202547|CONSTRAINED|CONSTRAINED|CONSTRAINED_202547_2025-11-20_0656|BY_IF
Generate Master Plan LpOpt|401|Material|6701|09-NOV-2025| |29-OCT-2026|259| |253.807098|1006|2000-314-191|50|11501| | | | |0|0|01-JAN-1970|10|1|608|1|01-JAN-1970| |0|0|0|0|0|0|0| | |202547|CONSTRAINED|CONSTRAINED|CONSTRAINED_202547_2025-11-20_0656|BY_IF
Generate Master Plan LpOpt|401|Material|6701|09-NOV-2025| |05-NOV-2026|260| |253.807098|1006|2000-314-191|50|11501| | | | |0|0|01-JAN-1970|10|1|608|1|01-JAN-1970| |0|0|0|0|0|0|0| | |202547|CONSTRAINED|CONSTRAINED|CONSTRAINED_202547_2025-11-20_0656|BY_IF
Generate Master Plan LpOpt|401|Material|6701|09-NOV-2025| |12-NOV-2026|261| |253.807098|1006|2000-314-191|50|11501| | | | |0|0|01-JAN-1970|10|1|608|1|01-JAN-1970| |0|0|0|0|0|0|0| | |202547|CONSTRAINED|CONSTRAINED|CONSTRAINED_202547_2025-11-20_0656|BY_IF
Generate Master Plan LpOpt|401|Material|6701|09-NOV-2025| |19-NOV-2026|262| |253.807098|1006|2000-314-191|50|11501| | | | |0|0|01-JAN-1970|10|1|608|1|01-JAN-1970| |0|0|0|0|0|0|0| | |202547|CONSTRAINED|CONSTRAINED|CONSTRAINED_202547_2025-11-20_0656|BY_IF
Generate Master Plan LpOpt|401|Material|6701|09-NOV-2025| |26-NOV-2026|263| |253.807098|1006|2000-314-191|50|11501| | | | |0|0|01-JAN-1970|10|1|608|1|01-JAN-1970| |0|0|0|0|0|0|0| | |202547|CONSTRAINED|CONSTRAINED|CONSTRAINED_202547_2025-11-20_0656|BY_IF
Generate Master Plan LpOpt|401|Material|6701|09-NOV-2025| |03-DEC-2026|264| |253.807098|1006|2000-314-191|50|11501| | | | |0|0|01-JAN-1970|10|1|608|1|01-JAN-1970| |0|0|0|0|0|0|0| | |202547|CONSTRAINED|CONSTRAINED|CONSTRAINED_202547_2025-11-20_0656|BY_IF
Generate Master Plan LpOpt|401|Material|6701|09-NOV-2025| |10-DEC-2026|265| |253.807098|1006|2000-314-191|50|11501| | | | |0|0|01-JAN-1970|10|1|608|1|01-JAN-1970| |0|0|0|0|0|0|0| | |202547|CONSTRAINED|CONSTRAINED|CONSTRAINED_202547_2025-11-20_0656|BY_IF
Generate Master Plan LpOpt|401|Material|6701|09-NOV-2025| |17-DEC-2026|266| |253.807098|1006|2000-314-191|50|11501| | | | |0|0|01-JAN-1970|10|1|608|1|01-JAN-1970| |0|0|0|0|0|0|0| | |202547|CONSTRAINED|CONSTRAINED|CONSTRAINED_202547_2025-11-20_0656|BY_IF
Generate Master Plan LpOpt|401|Material|6701|09-NOV-2025| |24-DEC-2026|267| |253.807098|1006|2000-314-191|50|11501| | | | |0|0|01-JAN-1970|10|1|608|1|01-JAN-1970| |0|0|0|0|0|0|0| | |202547|CONSTRAINED|CONSTRAINED|CONSTRAINED_202547_2025-11-20_0656|BY_IF
Generate Master Plan LpOpt|401|Material|6701|09-NOV-2025| |31-DEC-2026|268| |253.807098|1006|2000-314-191|50|11501| | | | |0|0|01-JAN-1970|10|1|608|1|01-JAN-1970| |0|0|0|0|0|0|0| | |202547|CONSTRAINED|CONSTRAINED|CONSTRAINED_202547_2025-11-20_0656|BY_IF
Generate Master Plan LpOpt|401|Material|6701|09-NOV-2025| |07-JAN-2027|269| |253.807098|1006|2000-314-191|50|11501| | | | |0|0|01-JAN-1970|10|1|608|1|01-JAN-1970| |0|0|0|0|0|0|0| | |202547|CONSTRAINED|CONSTRAINED|CONSTRAINED_202547_2025-11-20_0656|BY_IF
Generate Master Plan LpOpt|401|Material|6701|09-NOV-2025| |14-JAN-2027|270| |253.807098|1006|2000-314-191|50|11501| | | | |0|0|01-JAN-1970|10|1|608|1|01-JAN-1970| |0|0|0|0|0|0|0| | |202547|CONSTRAINED|CONSTRAINED|CONSTRAINED_202547_2025-11-20_0656|BY_IF
Generate Master Plan LpOpt|401|Material|6701|09-NOV-2025| |21-JAN-2027|271| |253.807098|1006|2000-314-191|50|11501| | | | |0|0|01-JAN-1970|10|1|608|1|01-JAN-1970| |0|0|0|0|0|0|0| | |202547|CONSTRAINED|CONSTRAINED|CONSTRAINED_202547_2025-11-20_0656|BY_IF
Generate Master Plan LpOpt|401|Material|6701|09-NOV-2025| |28-JAN-2027|272| |253.807098|1006|2000-314-191|50|11501| | | | |0|0|01-JAN-1970|10|1|608|1|01-JAN-1970| |0|0|0|0|0|0|0| | |202547|CONSTRAINED|CONSTRAINED|CONSTRAINED_202547_2025-11-20_0656|BY_IF
Generate Master Plan LpOpt|401|Material|6701|09-NOV-2025| |04-FEB-2027|273| |253.807098|1006|2000-314-191|50|11501| | | | |0|0|01-JAN-1970|10|1|608|1|01-JAN-1970| |0|0|0|0|0|0|0| | |202547|CONSTRAINED|CONSTRAINED|CONSTRAINED_202547_2025-11-20_0656|BY_IF
Generate Master Plan LpOpt|401|Material|6701|09-NOV-2025| |11-FEB-2027|274| |253.807098|1006|2000-314-191|50|11501| | | | |0|0|01-JAN-1970|10|1|608|1|01-JAN-1970| |0|0|0|0|0|0|0| | |202547|CONSTRAINED|CONSTRAINED|CONSTRAINED_202547_2025-11-20_0656|BY_IF
Generate Master Plan LpOpt|401|Material|6701|09-NOV-2025| |18-FEB-2027|275| |253.807098|1006|2000-314-191|50|11501| | | | |0|0|01-JAN-1970|10|1|608|1|01-JAN-1970| |0|0|0|0|0|0|0| | |202547|CONSTRAINED|CONSTRAINED|CONSTRAINED_202547_2025-11-20_0656|BY_IF
Generate Master Plan LpOpt|401|Material|6701|09-NOV-2025| |25-FEB-2027|276| |253.807098|1006|2000-314-191|50|11501| | | | |0|0|01-JAN-1970|10|1|608|1|01-JAN-1970| |0|0|0|0|0|0|0| | |202547|CONSTRAINED|CONSTRAINED|CONSTRAINED_202547_2025-11-20_0656|BY_IF
Generate Master Plan LpOpt|401|Material|6701|09-NOV-2025| |04-MAR-2027|277| |253.807098|1006|2000-314-191|50|11501| | | | |0|0|01-JAN-1970|10|1|608|1|01-JAN-1970| |0|0|0|0|0|0|0| | |202547|CONSTRAINED|CONSTRAINED|CONSTRAINED_202547_2025-11-20_0656|BY_IF
Generate Master Plan LpOpt|401|Material|6701|09-NOV-2025| |11-MAR-2027|278| |253.807098|1006|2000-314-191|50|11501| | | | |0|0|01-JAN-1970|10|1|608|1|01-JAN-1970| |0|0|0|0|0|0|0| | |202547|CONSTRAINED|CONSTRAINED|CONSTRAINED_202547_2025-11-20_0656|BY_IF
Generate Master Plan LpOpt|401|Material|6701|09-NOV-2025| |18-MAR-2027|279| |253.807098|1006|2000-314-191|50|11501| | | | |0|0|01-JAN-1970|10|1|608|1|01-JAN-1970| |0|0|0|0|0|0|0| | |202547|CONSTRAINED|CONSTRAINED|CONSTRAINED_202547_2025-11-20_0656|BY_IF
Generate Master Plan LpOpt|401|Material|6701|09-NOV-2025| |25-MAR-2027|280| |253.807098|1006|2000-314-191|50|11501| | | | |0|0|01-JAN-1970|10|1|608|1|01-JAN-1970| |0|0|0|0|0|0|0| | |202547|CONSTRAINED|CONSTRAINED|CONSTRAINED_202547_2025-11-20_0656|BY_IF
Generate Master Plan LpOpt|401|Material|6701|09-NOV-2025| |01-APR-2027|281| |253.807098|1006|2000-314-191|50|11501| | | | |0|0|01-JAN-1970|10|1|608|1|01-JAN-1970| |0|0|0|0|0|0|0| | |202547|CONSTRAINED|CONSTRAINED|CONSTRAINED_202547_2025-11-20_0656|BY_IF
Generate Master Plan LpOpt|401|Material|6701|09-NOV-2025| |08-APR-2027|282| |253.807098|1006|2000-314-191|50|11501| | | | |0|0|01-JAN-1970|10|1|608|1|01-JAN-1970| |0|0|0|0|0|0|0| | |202547|CONSTRAINED|CONSTRAINED|CONSTRAINED_202547_2025-11-20_0656|BY_IF
Generate Master Plan LpOpt|401|Material|6701|09-NOV-2025| |15-APR-2027|283| |253.807098|1006|2000-314-191|50|11501| | | | |0|0|01-JAN-1970|10|1|608|1|01-JAN-1970| |0|0|0|0|0|0|0| | |202547|CONSTRAINED|CONSTRAINED|CONSTRAINED_202547_2025-11-20_0656|BY_IF
Generate Master Plan LpOpt|401|Material|6701|09-NOV-2025| |22-APR-2027|284| |253.807098|1006|2000-314-191|50|11501| | | | |0|0|01-JAN-1970|10|1|608|1|01-JAN-1970| |0|0|0|0|0|0|0| | |202547|CONSTRAINED|CONSTRAINED|CONSTRAINED_202547_2025-11-20_0656|BY_IF
Generate Master Plan LpOpt|401|Material|6701|09-NOV-2025| |29-APR-2027|285| |253.807098|1006|2000-314-191|50|11501| | | | |0|0|01-JAN-1970|10|1|608|1|01-JAN-1970| |0|0|0|0|0|0|0| | |202547|CONSTRAINED|CONSTRAINED|CONSTRAINED_202547_2025-11-20_0656|BY_IF
Generate Master Plan LpOpt|401|Material|6701|09-NOV-2025| |06-MAY-2027|286| |253.807098|1006|2000-314-191|50|11501| | | | |0|0|01-JAN-1970|10|1|608|1|01-JAN-1970| |0|0|0|0|0|0|0| | |202547|CONSTRAINED|CONSTRAINED|CONSTRAINED_202547_2025-11-20_0656|BY_IF
Generate Master Plan LpOpt|401|Material|6701|09-NOV-2025| |13-MAY-2027|287| |253.807098|1006|2000-314-191|50|11501| | | | |0|0|01-JAN-1970|10|1|608|1|01-JAN-1970| |0|0|0|0|0|0|0| | |202547|CONSTRAINED|CONSTRAINED|CONSTRAINED_202547_2025-11-20_0656|BY_IF
Generate Master Plan LpOpt|401|Material|6701|09-NOV-2025| |20-MAY-2027|288| |253.807098|1006|2000-314-191|50|11501| | | | |0|0|01-JAN-1970|10|1|608|1|01-JAN-1970| |0|0|0|0|0|0|0| | |202547|CONSTRAINED|CONSTRAINED|CONSTRAINED_202547_2025-11-20_0656|BY_IF
Generate Master Plan LpOpt|401|Material|6701|09-NOV-2025| |27-MAY-2027|289| |253.807098|1006|2000-314-191|50|11501| | | | |0|0|01-JAN-1970|10|1|608|1|01-JAN-1970| |0|0|0|0|0|0|0| | |202547|CONSTRAINED|CONSTRAINED|CONSTRAINED_202547_2025-11-20_0656|BY_IF
Generate Master Plan LpOpt|401|Material|6701|09-NOV-2025| |03-JUN-2027|290| |253.807098|1006|2000-314-191|50|11501| | | | |0|0|01-JAN-1970|10|1|608|1|01-JAN-1970| |0|0|0|0|0|0|0| | |202547|CONSTRAINED|CONSTRAINED|CONSTRAINED_202547_2025-11-20_0656|BY_IF
Generate Master Plan LpOpt|401|Material|6701|09-NOV-2025| |10-JUN-2027|291| |253.807098|1006|2000-314-191|50|11501| | | | |0|0|01-JAN-1970|10|1|608|1|01-JAN-1970| |0|0|0|0|0|0|0| | |202547|CONSTRAINED|CONSTRAINED|CONSTRAINED_202547_2025-11-20_0656|BY_IF
Generate Master Plan LpOpt|401|Material|6701|09-NOV-2025| |17-JUN-2027|292| |253.807098|1006|2000-314-191|50|11501| | | | |0|0|01-JAN-1970|10|1|608|1|01-JAN-1970| |0|0|0|0|0|0|0| | |202547|CONSTRAINED|CONSTRAINED|CONSTRAINED_202547_2025-11-20_0656|BY_IF
Generate Master Plan LpOpt|401|Material|6701|09-NOV-2025| |24-JUN-2027|293| |253.807098|1006|2000-314-191|50|11501| | | | |0|0|01-JAN-1970|10|1|608|1|01-JAN-1970| |0|0|0|0|0|0|0| | |202547|CONSTRAINED|CONSTRAINED|CONSTRAINED_202547_2025-11-20_0656|BY_IF
Generate Master Plan LpOpt|401|Material|6701|09-NOV-2025| |01-JUL-2027|294| |253.807098|1006|2000-314-191|50|11501| | | | |0|0|01-JAN-1970|10|1|608|1|01-JAN-1970| |0|0|0|0|0|0|0| | |202547|CONSTRAINED|CONSTRAINED|CONSTRAINED_202547_2025-11-20_0656|BY_IF
Generate Master Plan LpOpt|401|Material|6701|09-NOV-2025| |08-JUL-2027|295| |253.807098|1006|2000-314-191|50|11501| | | | |0|0|01-JAN-1970|10|1|608|1|01-JAN-1970| |0|0|0|0|0|0|0| | |202547|CONSTRAINED|CONSTRAINED|CONSTRAINED_202547_2025-11-20_0656|BY_IF
Generate Master Plan LpOpt|401|Material|6701|09-NOV-2025| |15-JUL-2027|296| |253.807098|1006|2000-314-191|50|11501| | | | |0|0|01-JAN-1970|10|1|608|1|01-JAN-1970| |0|0|0|0|0|0|0| | |202547|CONSTRAINED|CONSTRAINED|CONSTRAINED_202547_2025-11-20_0656|BY_IF
