PROCESSID|BATCHNUM|EXCEPTIONSEQNUM|FUNCTIONNUM|SEQNUM|EXCEPTION|EXCEPTIONRELATIONTYPE|ITEM|LOC|DEMANDTYPE|DEMANDSEQNUM|ORDERID|SHIPDATE|SUPPLYTYPE|SUPPLYSEQNUM|WHEN|LOADQTY|DEMANDQTY|AVAILDATE|EXPDATE|PROJECT|STORE|EXCEPTIONDATE|MARGIN|REVENUE|ORDERTYPE|CAPTURE_WK|CAPTURE_TYPE|SIMULATION_NAME|SOLVE_VERSION|U_PLANMODULE
11501|50|49|401|1|6702|1|100000000113|1003|1|0|1030001425_10_0001|23-JUL-2025|0|0|09-NOV-2025|0|20|01-JAN-1970|01-JAN-1970| | |25-JUL-2025|0|0|1|202547|CONSTRAINED|CONSTRAINED|CONSTRAINED_202547_2025-11-20_0656|BY_IF
11501|50|50|401|2|6702|1|100000000111|1003|1|0|1030001226_10_0001|23-JUL-2025|0|0|09-NOV-2025|0|20|01-JAN-1970|01-JAN-1970| | |25-JUL-2025|0|0|1|202547|CONSTRAINED|CONSTRAINED|CONSTRAINED_202547_2025-11-20_0656|BY_IF
11501|50|51|401|3|6702|1|100000000112|1003|1|0|1030001326_10_0001|23-JUL-2025|0|0|09-NOV-2025|0|20|01-JAN-1970|01-JAN-1970| | |25-JUL-2025|0|0|1|202547|CONSTRAINED|CONSTRAINED|CONSTRAINED_202547_2025-11-20_0656|BY_IF
11501|50|52|401|4|6702|1|100000000111|1003|1|0|1030001225_10_0001|23-JUL-2025|0|0|09-NOV-2025|0|20|01-JAN-1970|01-JAN-1970| | |25-JUL-2025|0|0|1|202547|CONSTRAINED|CONSTRAINED|CONSTRAINED_202547_2025-11-20_0656|BY_IF
11501|50|53|401|5|6702|1|100000000112|1003|1|0|1030001325_10_0001|23-JUL-2025|0|0|09-NOV-2025|0|20|01-JAN-1970|01-JAN-1970| | |25-JUL-2025|0|0|1|202547|CONSTRAINED|CONSTRAINED|CONSTRAINED_202547_2025-11-20_0656|BY_IF
11501|50|54|401|6|6702|1|100000000008|1006|1|0|1020000626_0010_0001|23-JUL-2025|0|0|09-NOV-2025|0|20|01-JAN-1970|01-JAN-1970| | |15-JUL-2025|0|0|1|202547|CONSTRAINED|CONSTRAINED|CONSTRAINED_202547_2025-11-20_0656|BY_IF
11501|50|55|401|7|6702|1|100000000008|1006|1|0|1020000625_0010_0001|23-JUL-2025|0|0|09-NOV-2025|0|20|01-JAN-1970|01-JAN-1970| | |15-JUL-2025|0|0|1|202547|CONSTRAINED|CONSTRAINED|CONSTRAINED_202547_2025-11-20_0656|BY_IF
11501|50|56|401|8|6702|1|100000000009|1003|1|0|1020000314_10_0001|23-JUL-2025|0|0|09-NOV-2025|0|20|01-JAN-1970|01-JAN-1970| | |25-JUL-2025|0|0|1|202547|CONSTRAINED|CONSTRAINED|CONSTRAINED_202547_2025-11-20_0656|BY_IF
11501|50|57|401|9|6702|1|100000000113|1003|1|0|1030001426_10_0001|23-JUL-2025|0|0|09-NOV-2025|0|20|01-JAN-1970|01-JAN-1970| | |25-JUL-2025|0|0|1|202547|CONSTRAINED|CONSTRAINED|CONSTRAINED_202547_2025-11-20_0656|BY_IF
11501|50|58|401|10|6702|1|100000000009|1003|1|0|1020000320_10_0001|22-JUL-2025|0|0|09-NOV-2025|0|20|01-JAN-1970|01-JAN-1970| | |25-JUL-2025|0|0|1|202547|CONSTRAINED|CONSTRAINED|CONSTRAINED_202547_2025-11-20_0656|BY_IF
11501|50|59|401|11|6702|1|100000000008|1003|1|0|1020000614_0010_0001|23-JUL-2025|0|0|09-NOV-2025|0|20|01-JAN-1970|01-JAN-1970| | |15-JUL-2025|0|0|1|202547|CONSTRAINED|CONSTRAINED|CONSTRAINED_202547_2025-11-20_0656|BY_IF
11501|50|60|401|12|6702|1|100000000005|1004|1|0|1020000414_10_0001|23-JUL-2025|0|0|09-NOV-2025|0|20|01-JAN-1970|01-JAN-1970| | |25-JUL-2025|0|0|1|202547|CONSTRAINED|CONSTRAINED|CONSTRAINED_202547_2025-11-20_0656|BY_IF
11501|50|61|401|13|6702|1|100000000004|1004|1|0|1020000514_0010_0001|23-JUL-2025|0|0|09-NOV-2025|0|20|01-JAN-1970|01-JAN-1970| | |25-JUL-2025|0|0|1|202547|CONSTRAINED|CONSTRAINED|CONSTRAINED_202547_2025-11-20_0656|BY_IF
11501|50|62|401|14|6702|1|2000-280-868|1003|1|0|1011000220_10_001|22-JUL-2025|0|0|09-NOV-2025|0|20|01-JAN-1970|01-JAN-1970| | |25-JUL-2025|0|0|1|202547|CONSTRAINED|CONSTRAINED|CONSTRAINED_202547_2025-11-20_0656|BY_IF
11501|50|63|401|15|6704|1|100000002014|1020|1|0|1030001825_10_0001|23-JUL-2025|0|0|09-NOV-2025|0|20|01-JAN-1970|01-JAN-1970| | |19-JUL-2025|0|0|1|202547|CONSTRAINED|CONSTRAINED|CONSTRAINED_202547_2025-11-20_0656|BY_IF
11501|50|64|401|16|6801|2|100000002014|1020|1|0|1030001825_10_0001|23-JUL-2025|0|0|09-NOV-2025|0|20|01-JAN-1970|01-JAN-1970| | |26-JUL-2025|0|0|1|202547|CONSTRAINED|CONSTRAINED|CONSTRAINED_202547_2025-11-20_0656|BY_IF
11501|50|65|401|17|6704|1|100000002014|1020|1|0|1030001826_10_0001|23-JUL-2025|0|0|09-NOV-2025|0|20|01-JAN-1970|01-JAN-1970| | |19-JUL-2025|0|0|1|202547|CONSTRAINED|CONSTRAINED|CONSTRAINED_202547_2025-11-20_0656|BY_IF
11501|50|66|401|18|6801|2|100000002014|1020|1|0|1030001826_10_0001|23-JUL-2025|0|0|09-NOV-2025|0|20|01-JAN-1970|01-JAN-1970| | |26-JUL-2025|0|0|1|202547|CONSTRAINED|CONSTRAINED|CONSTRAINED_202547_2025-11-20_0656|BY_IF
11501|50|67|401|19|6704|1|100000002012|1017|1|0|1030001720_10_0001|22-JUL-2025|0|0|09-NOV-2025|0|20|01-JAN-1970|01-JAN-1970| | |19-JUL-2025|0|0|1|202547|CONSTRAINED|CONSTRAINED|CONSTRAINED_202547_2025-11-20_0656|BY_IF
11501|50|68|401|20|6702|1|100000000008|1003|1|0|1020000620_0010_0001|22-JUL-2025|0|0|09-NOV-2025|0|20|01-JAN-1970|01-JAN-1970| | |15-JUL-2025|0|0|1|202547|CONSTRAINED|CONSTRAINED|CONSTRAINED_202547_2025-11-20_0656|BY_IF
11501|50|69|401|21|6702|1|2000-280-868|1003|1|0|1011000214_10_001|23-JUL-2025|0|0|09-NOV-2025|0|20|01-JAN-1970|01-JAN-1970| | |25-JUL-2025|0|0|1|202547|CONSTRAINED|CONSTRAINED|CONSTRAINED_202547_2025-11-20_0656|BY_IF
11501|50|70|401|22|6702|1|100000000005|1004|1|0|1020000420_10_0001|22-JUL-2025|0|0|09-NOV-2025|0|20|01-JAN-1970|01-JAN-1970| | |25-JUL-2025|0|0|1|202547|CONSTRAINED|CONSTRAINED|CONSTRAINED_202547_2025-11-20_0656|BY_IF
11501|50|71|401|23|6702|1|100000000004|1004|1|0|1020000520_0010_0001|22-JUL-2025|0|0|09-NOV-2025|0|20|01-JAN-1970|01-JAN-1970| | |25-JUL-2025|0|0|1|202547|CONSTRAINED|CONSTRAINED|CONSTRAINED_202547_2025-11-20_0656|BY_IF
11501|50|72|401|24|6704|1|100000002012|1017|1|0|1030001714_10_0001|23-JUL-2025|0|0|09-NOV-2025|0|20|01-JAN-1970|01-JAN-1970| | |19-JUL-2025|0|0|1|202547|CONSTRAINED|CONSTRAINED|CONSTRAINED_202547_2025-11-20_0656|BY_IF
11501|50|73|401|25|6704|1|100000002012|1017|1|0|1030001725_10_0001|23-JUL-2025|0|0|09-NOV-2025|0|20|01-JAN-1970|01-JAN-1970| | |19-JUL-2025|0|0|1|202547|CONSTRAINED|CONSTRAINED|CONSTRAINED_202547_2025-11-20_0656|BY_IF
11501|50|74|401|26|6702|1|2001-001-001|1011|1|0|1020000725_0010_0001|23-JUL-2025|0|0|09-NOV-2025|0|20|01-JAN-1970|01-JAN-1970| | |25-JUL-2025|0|0|1|202547|CONSTRAINED|CONSTRAINED|CONSTRAINED_202547_2025-11-20_0656|BY_IF
11501|50|75|401|27|6702|1|2001-001-001|1011|1|0|1020000726_0010_0001|23-JUL-2025|0|0|09-NOV-2025|0|20|01-JAN-1970|01-JAN-1970| | |25-JUL-2025|0|0|1|202547|CONSTRAINED|CONSTRAINED|CONSTRAINED_202547_2025-11-20_0656|BY_IF
11501|50|76|401|28|6704|1|100000002012|1017|1|0|1030001726_10_0001|23-JUL-2025|0|0|09-NOV-2025|0|20|01-JAN-1970|01-JAN-1970| | |19-JUL-2025|0|0|1|202547|CONSTRAINED|CONSTRAINED|CONSTRAINED_202547_2025-11-20_0656|BY_IF
11501|50|77|401|29|6702|1|2001-001-001|1011|1|0|1020000734_0010_0001|23-JUL-2025|0|0|09-NOV-2025|0|25|01-JAN-1970|01-JAN-1970| | |25-JUL-2025|0|0|1|202547|CONSTRAINED|CONSTRAINED|CONSTRAINED_202547_2025-11-20_0656|BY_IF
11501|50|78|401|30|6702|1|2001-001-001|1011|1|0|1020000723_0010_0001|23-JUL-2025|0|0|09-NOV-2025|0|25|01-JAN-1970|01-JAN-1970| | |25-JUL-2025|0|0|1|202547|CONSTRAINED|CONSTRAINED|CONSTRAINED_202547_2025-11-20_0656|BY_IF
11501|50|79|401|31|6704|1|100000002012|1017|1|0|1030001723_10_0001|23-JUL-2025|0|0|09-NOV-2025|0|25|01-JAN-1970|01-JAN-1970| | |19-JUL-2025|0|0|1|202547|CONSTRAINED|CONSTRAINED|CONSTRAINED_202547_2025-11-20_0656|BY_IF
11501|50|80|401|32|6702|1|2001-001-001|1011|1|0|1020000741_0010_0001|21-JUL-2025|0|0|09-NOV-2025|0|25|01-JAN-1970|01-JAN-1970| | |25-JUL-2025|0|0|1|202547|CONSTRAINED|CONSTRAINED|CONSTRAINED_202547_2025-11-20_0656|BY_IF
11501|50|81|401|33|6704|1|100000002012|1017|1|0|1030001721_10_0001|23-JUL-2025|0|0|09-NOV-2025|0|25|01-JAN-1970|01-JAN-1970| | |19-JUL-2025|0|0|1|202547|CONSTRAINED|CONSTRAINED|CONSTRAINED_202547_2025-11-20_0656|BY_IF
11501|50|82|401|34|6702|1|2001-001-001|1011|1|0|1020000721_0010_0001|23-JUL-2025|0|0|09-NOV-2025|0|25|01-JAN-1970|01-JAN-1970| | |25-JUL-2025|0|0|1|202547|CONSTRAINED|CONSTRAINED|CONSTRAINED_202547_2025-11-20_0656|BY_IF
11501|50|83|401|35|6702|1|2000-280-868|1003|1|0|1011000223_10_001|23-JUL-2025|0|0|09-NOV-2025|0|25|01-JAN-1970|01-JAN-1970| | |25-JUL-2025|0|0|1|202547|CONSTRAINED|CONSTRAINED|CONSTRAINED_202547_2025-11-20_0656|BY_IF
11501|50|84|401|36|6702|1|2000-280-868|1003|1|0|1011000221_10_001|23-JUL-2025|0|0|09-NOV-2025|0|25|01-JAN-1970|01-JAN-1970| | |25-JUL-2025|0|0|1|202547|CONSTRAINED|CONSTRAINED|CONSTRAINED_202547_2025-11-20_0656|BY_IF
11501|50|85|401|37|6702|1|2000-280-868|1003|1|0|1011000203_10_001|23-JUL-2025|0|0|09-NOV-2025|0|25|01-JAN-1970|01-JAN-1970| | |25-JUL-2025|0|0|1|202547|CONSTRAINED|CONSTRAINED|CONSTRAINED_202547_2025-11-20_0656|BY_IF
11501|50|86|401|38|6704|1|100000002014|1020|1|0|1030001834_10_0001|23-JUL-2025|0|0|09-NOV-2025|0|25|01-JAN-1970|01-JAN-1970| | |19-JUL-2025|0|0|1|202547|CONSTRAINED|CONSTRAINED|CONSTRAINED_202547_2025-11-20_0656|BY_IF
11501|50|87|401|39|6801|2|100000002014|1020|1|0|1030001834_10_0001|23-JUL-2025|0|0|09-NOV-2025|0|25|01-JAN-1970|01-JAN-1970| | |26-JUL-2025|0|0|1|202547|CONSTRAINED|CONSTRAINED|CONSTRAINED_202547_2025-11-20_0656|BY_IF
11501|50|88|401|40|6704|1|100000002014|1020|1|0|1030001823_10_0001|23-JUL-2025|0|0|09-NOV-2025|0|25|01-JAN-1970|01-JAN-1970| | |19-JUL-2025|0|0|1|202547|CONSTRAINED|CONSTRAINED|CONSTRAINED_202547_2025-11-20_0656|BY_IF
11501|50|89|401|41|6801|2|100000002014|1020|1|0|1030001823_10_0001|23-JUL-2025|0|0|09-NOV-2025|0|25|01-JAN-1970|01-JAN-1970| | |26-JUL-2025|0|0|1|202547|CONSTRAINED|CONSTRAINED|CONSTRAINED_202547_2025-11-20_0656|BY_IF
11501|50|90|401|42|6702|1|100000000004|1004|1|0|1020000503_0010_0001|23-JUL-2025|0|0|09-NOV-2025|0|25|01-JAN-1970|01-JAN-1970| | |25-JUL-2025|0|0|1|202547|CONSTRAINED|CONSTRAINED|CONSTRAINED_202547_2025-11-20_0656|BY_IF
11501|50|91|401|43|6704|1|100000002014|1020|1|0|1030001841_10_0001|21-JUL-2025|0|0|09-NOV-2025|0|25|01-JAN-1970|01-JAN-1970| | |19-JUL-2025|0|0|1|202547|CONSTRAINED|CONSTRAINED|CONSTRAINED_202547_2025-11-20_0656|BY_IF
11501|50|92|401|44|6801|2|100000002014|1020|1|0|1030001841_10_0001|21-JUL-2025|0|0|09-NOV-2025|0|25|01-JAN-1970|01-JAN-1970| | |26-JUL-2025|0|0|1|202547|CONSTRAINED|CONSTRAINED|CONSTRAINED_202547_2025-11-20_0656|BY_IF
11501|50|93|401|45|6702|1|100000000113|1003|1|0|1030001434_10_0001|23-JUL-2025|0|0|09-NOV-2025|0|25|01-JAN-1970|01-JAN-1970| | |25-JUL-2025|0|0|1|202547|CONSTRAINED|CONSTRAINED|CONSTRAINED_202547_2025-11-20_0656|BY_IF
11501|50|94|401|46|6702|1|100000000004|1004|1|0|1020000523_0010_0001|23-JUL-2025|0|0|09-NOV-2025|0|25|01-JAN-1970|01-JAN-1970| | |25-JUL-2025|0|0|1|202547|CONSTRAINED|CONSTRAINED|CONSTRAINED_202547_2025-11-20_0656|BY_IF
11501|50|95|401|47|6702|1|100000000005|1004|1|0|1020000403_10_0001|23-JUL-2025|0|0|09-NOV-2025|0|25|01-JAN-1970|01-JAN-1970| | |25-JUL-2025|0|0|1|202547|CONSTRAINED|CONSTRAINED|CONSTRAINED_202547_2025-11-20_0656|BY_IF
11501|50|96|401|48|6702|1|100000000111|1003|1|0|1030001241_10_0001|21-JUL-2025|0|0|09-NOV-2025|0|25|01-JAN-1970|01-JAN-1970| | |25-JUL-2025|0|0|1|202547|CONSTRAINED|CONSTRAINED|CONSTRAINED_202547_2025-11-20_0656|BY_IF
11501|50|97|401|49|6702|1|100000000008|1006|1|0|1020000641_0010_0001|21-JUL-2025|0|0|09-NOV-2025|0|25|01-JAN-1970|01-JAN-1970| | |15-JUL-2025|0|0|1|202547|CONSTRAINED|CONSTRAINED|CONSTRAINED_202547_2025-11-20_0656|BY_IF
11501|50|98|401|50|6702|1|100000000005|1004|1|0|1020000421_10_0001|23-JUL-2025|0|0|09-NOV-2025|0|25|01-JAN-1970|01-JAN-1970| | |25-JUL-2025|0|0|1|202547|CONSTRAINED|CONSTRAINED|CONSTRAINED_202547_2025-11-20_0656|BY_IF
11501|50|99|401|51|6702|1|100000000005|1004|1|0|1020000423_10_0001|23-JUL-2025|0|0|09-NOV-2025|0|25|01-JAN-1970|01-JAN-1970| | |25-JUL-2025|0|0|1|202547|CONSTRAINED|CONSTRAINED|CONSTRAINED_202547_2025-11-20_0656|BY_IF
11501|50|100|401|52|6702|1|100000000008|1003|1|0|1020000603_0010_0001|23-JUL-2025|0|0|09-NOV-2025|0|25|01-JAN-1970|01-JAN-1970| | |15-JUL-2025|0|0|1|202547|CONSTRAINED|CONSTRAINED|CONSTRAINED_202547_2025-11-20_0656|BY_IF
11501|50|101|401|53|6702|1|100000000112|1003|1|0|1030001341_10_0001|21-JUL-2025|0|0|09-NOV-2025|0|25|01-JAN-1970|01-JAN-1970| | |25-JUL-2025|0|0|1|202547|CONSTRAINED|CONSTRAINED|CONSTRAINED_202547_2025-11-20_0656|BY_IF
11501|50|102|401|54|6702|1|100000000009|1003|1|0|1020000303_10_0001|23-JUL-2025|0|0|09-NOV-2025|0|25|01-JAN-1970|01-JAN-1970| | |25-JUL-2025|0|0|1|202547|CONSTRAINED|CONSTRAINED|CONSTRAINED_202547_2025-11-20_0656|BY_IF
11501|50|103|401|55|6702|1|100000000008|1006|1|0|1020000623_0010_0001|23-JUL-2025|0|0|09-NOV-2025|0|25|01-JAN-1970|01-JAN-1970| | |15-JUL-2025|0|0|1|202547|CONSTRAINED|CONSTRAINED|CONSTRAINED_202547_2025-11-20_0656|BY_IF
11501|50|104|401|56|6702|1|100000000112|1003|1|0|1030001323_10_0001|23-JUL-2025|0|0|09-NOV-2025|0|25|01-JAN-1970|01-JAN-1970| | |25-JUL-2025|0|0|1|202547|CONSTRAINED|CONSTRAINED|CONSTRAINED_202547_2025-11-20_0656|BY_IF
11501|50|105|401|57|6702|1|100000000009|1003|1|0|1020000321_10_0001|23-JUL-2025|0|0|09-NOV-2025|0|25|01-JAN-1970|01-JAN-1970| | |25-JUL-2025|0|0|1|202547|CONSTRAINED|CONSTRAINED|CONSTRAINED_202547_2025-11-20_0656|BY_IF
11501|50|106|401|58|6702|1|100000000008|1006|1|0|1020000634_0010_0001|23-JUL-2025|0|0|09-NOV-2025|0|25|01-JAN-1970|01-JAN-1970| | |15-JUL-2025|0|0|1|202547|CONSTRAINED|CONSTRAINED|CONSTRAINED_202547_2025-11-20_0656|BY_IF
11501|50|107|401|59|6702|1|100000000113|1003|1|0|1030001441_10_0001|21-JUL-2025|0|0|09-NOV-2025|0|25|01-JAN-1970|01-JAN-1970| | |25-JUL-2025|0|0|1|202547|CONSTRAINED|CONSTRAINED|CONSTRAINED_202547_2025-11-20_0656|BY_IF
11501|50|108|401|60|6702|1|100000000111|1003|1|0|1030001223_10_0001|23-JUL-2025|0|0|09-NOV-2025|0|25|01-JAN-1970|01-JAN-1970| | |25-JUL-2025|0|0|1|202547|CONSTRAINED|CONSTRAINED|CONSTRAINED_202547_2025-11-20_0656|BY_IF
11501|50|109|401|61|6702|1|100000000009|1003|1|0|1020000323_10_0001|23-JUL-2025|0|0|09-NOV-2025|0|25|01-JAN-1970|01-JAN-1970| | |25-JUL-2025|0|0|1|202547|CONSTRAINED|CONSTRAINED|CONSTRAINED_202547_2025-11-20_0656|BY_IF
11501|50|110|401|62|6702|1|100000000112|1003|1|0|1030001334_10_0001|23-JUL-2025|0|0|09-NOV-2025|0|25|01-JAN-1970|01-JAN-1970| | |25-JUL-2025|0|0|1|202547|CONSTRAINED|CONSTRAINED|CONSTRAINED_202547_2025-11-20_0656|BY_IF
11501|50|111|401|63|6702|1|100000000111|1003|1|0|1030001234_10_0001|23-JUL-2025|0|0|09-NOV-2025|0|25|01-JAN-1970|01-JAN-1970| | |25-JUL-2025|0|0|1|202547|CONSTRAINED|CONSTRAINED|CONSTRAINED_202547_2025-11-20_0656|BY_IF
11501|50|112|401|64|6702|1|100000000113|1003|1|0|1030001423_10_0001|23-JUL-2025|0|0|09-NOV-2025|0|25|01-JAN-1970|01-JAN-1970| | |25-JUL-2025|0|0|1|202547|CONSTRAINED|CONSTRAINED|CONSTRAINED_202547_2025-11-20_0656|BY_IF
11501|50|113|401|65|6704|1|100000002012|1017|1|0|1030001734_10_0001|23-JUL-2025|0|0|09-NOV-2025|0|25|01-JAN-1970|01-JAN-1970| | |19-JUL-2025|0|0|1|202547|CONSTRAINED|CONSTRAINED|CONSTRAINED_202547_2025-11-20_0656|BY_IF
11501|50|114|401|66|6704|1|100000002012|1017|1|0|1030001741_10_0001|21-JUL-2025|0|0|09-NOV-2025|0|25|01-JAN-1970|01-JAN-1970| | |19-JUL-2025|0|0|1|202547|CONSTRAINED|CONSTRAINED|CONSTRAINED_202547_2025-11-20_0656|BY_IF
11501|50|115|401|67|6704|1|100000002012|1017|1|0|1030001703_10_0001|23-JUL-2025|0|0|09-NOV-2025|0|30|01-JAN-1970|01-JAN-1970| | |19-JUL-2025|0|0|1|202547|CONSTRAINED|CONSTRAINED|CONSTRAINED_202547_2025-11-20_0656|BY_IF
11501|50|116|401|68|6702|1|100000000004|1004|1|0|1020000521_0010_0001|23-JUL-2025|0|0|09-NOV-2025|0|50|01-JAN-1970|01-JAN-1970| | |25-JUL-2025|0|0|1|202547|CONSTRAINED|CONSTRAINED|CONSTRAINED_202547_2025-11-20_0656|BY_IF
11501|50|117|401|69|6702|1|100000000008|1003|1|0|1020000621_0010_0001|23-JUL-2025|0|0|09-NOV-2025|0|50|01-JAN-1970|01-JAN-1970| | |15-JUL-2025|0|0|1|202547|CONSTRAINED|CONSTRAINED|CONSTRAINED_202547_2025-11-20_0656|BY_IF
11501|50|118|401|70|6702|1|2000-280-868|1003|1|0|1011000208_10_001|24-JUL-2025|0|0|09-NOV-2025|0|75|01-JAN-1970|01-JAN-1970| | |25-JUL-2025|0|0|1|202547|CONSTRAINED|CONSTRAINED|CONSTRAINED_202547_2025-11-20_0656|BY_IF
11501|50|119|401|71|6704|1|100000002012|1017|1|0|1030001708_10_0001|24-JUL-2025|0|0|09-NOV-2025|0|75|01-JAN-1970|01-JAN-1970| | |19-JUL-2025|0|0|1|202547|CONSTRAINED|CONSTRAINED|CONSTRAINED_202547_2025-11-20_0656|BY_IF
11501|50|120|401|72|6702|1|100000000008|1003|1|0|1020000608_0010_0001|24-JUL-2025|0|0|09-NOV-2025|0|75|01-JAN-1970|01-JAN-1970| | |15-JUL-2025|0|0|1|202547|CONSTRAINED|CONSTRAINED|CONSTRAINED_202547_2025-11-20_0656|BY_IF
11501|50|121|401|73|6702|1|100000000005|1004|1|0|1020000408_10_0001|24-JUL-2025|0|0|09-NOV-2025|0|75|01-JAN-1970|01-JAN-1970| | |25-JUL-2025|0|0|1|202547|CONSTRAINED|CONSTRAINED|CONSTRAINED_202547_2025-11-20_0656|BY_IF
11501|50|122|401|74|6702|1|100000000004|1004|1|0|1020000508_0010_0001|24-JUL-2025|0|0|09-NOV-2025|0|75|01-JAN-1970|01-JAN-1970| | |25-JUL-2025|0|0|1|202547|CONSTRAINED|CONSTRAINED|CONSTRAINED_202547_2025-11-20_0656|BY_IF
11501|50|123|401|75|6702|1|100000000009|1003|1|0|1020000308_10_0001|24-JUL-2025|0|0|09-NOV-2025|0|75|01-JAN-1970|01-JAN-1970| | |25-JUL-2025|0|0|1|202547|CONSTRAINED|CONSTRAINED|CONSTRAINED_202547_2025-11-20_0656|BY_IF
11501|50|124|401|76|6702|1|100000000008|1003|1|0|1033500002_10_002|28-JUL-2025|0|0|09-NOV-2025|0|75|01-JAN-1970|01-JAN-1970| | |17-JUL-2025|0|0|1|202547|CONSTRAINED|CONSTRAINED|CONSTRAINED_202547_2025-11-20_0656|BY_IF
11501|50|125|401|77|6704|1|100000000009|1003|1|0|1033500006_10_002|28-JUL-2025|0|0|09-NOV-2025|0|65|01-JAN-1970|01-JAN-1970| | |20-JUL-2025|0|0|1|202547|CONSTRAINED|CONSTRAINED|CONSTRAINED_202547_2025-11-20_0656|BY_IF
11501|50|126|401|78|6801|2|100000000009|1003|1|0|1033500006_10_002|28-JUL-2025|0|0|09-NOV-2025|0|65|01-JAN-1970|01-JAN-1970| | |27-JUL-2025|0|0|1|202547|CONSTRAINED|CONSTRAINED|CONSTRAINED_202547_2025-11-20_0656|BY_IF
11501|50|127|401|79|6702|1|100000000005|1004|1|0|1033500005_10_002|28-JUL-2025|0|0|09-NOV-2025|0|75|01-JAN-1970|01-JAN-1970| | |20-JUL-2025|0|0|1|202547|CONSTRAINED|CONSTRAINED|CONSTRAINED_202547_2025-11-20_0656|BY_IF
11501|50|128|401|80|6702|1|100000000004|1004|1|0|1033500001_10_002|28-JUL-2025|0|0|09-NOV-2025|0|75|01-JAN-1970|01-JAN-1970| | |20-JUL-2025|0|0|1|202547|CONSTRAINED|CONSTRAINED|CONSTRAINED_202547_2025-11-20_0656|BY_IF
11501|50|129|401|81|6704|1|100000002012|1017|1|0|1033500014_10_002|28-JUL-2025|0|0|09-NOV-2025|0|75|01-JAN-1970|01-JAN-1970| | |21-JUL-2025|0|0|1|202547|CONSTRAINED|CONSTRAINED|CONSTRAINED_202547_2025-11-20_0656|BY_IF
11501|50|130|401|82|6704|1|2000-280-868|1003|1|0|1033500007_10_002|28-JUL-2025|0|0|09-NOV-2025|0|75|01-JAN-1970|01-JAN-1970| | |20-JUL-2025|0|0|1|202547|CONSTRAINED|CONSTRAINED|CONSTRAINED_202547_2025-11-20_0656|BY_IF
11501|50|131|401|83|6801|2|100000000112|1003|1|0|1030001324_10_0001|09-AUG-2025|0|0|09-NOV-2025|0|12|01-JAN-1970|01-JAN-1970| | |08-AUG-2025|0|0|1|202547|CONSTRAINED|CONSTRAINED|CONSTRAINED_202547_2025-11-20_0656|BY_IF
11501|50|132|401|84|6702|1|2001-000-001|1004|1|0|1010201230_10_001|22-JUL-2025|0|0|09-NOV-2025|0|20|01-JAN-1970|01-JAN-1970| | |25-JUL-2025|0|0|1|202547|CONSTRAINED|CONSTRAINED|CONSTRAINED_202547_2025-11-20_0656|BY_IF
11501|50|133|401|85|6702|1|2001-000-001|1004|1|0|1010201224_10_001|23-JUL-2025|0|0|09-NOV-2025|0|20|01-JAN-1970|01-JAN-1970| | |25-JUL-2025|0|0|1|202547|CONSTRAINED|CONSTRAINED|CONSTRAINED_202547_2025-11-20_0656|BY_IF
11501|50|134|401|86|6702|1|2001-000-001|1004|1|0|1010201235_10_001|23-JUL-2025|0|0|09-NOV-2025|0|20|01-JAN-1970|01-JAN-1970| | |25-JUL-2025|0|0|1|202547|CONSTRAINED|CONSTRAINED|CONSTRAINED_202547_2025-11-20_0656|BY_IF
11501|50|135|401|87|6702|1|2001-000-001|1004|1|0|1010201236_10_001|23-JUL-2025|0|0|09-NOV-2025|0|20|01-JAN-1970|01-JAN-1970| | |25-JUL-2025|0|0|1|202547|CONSTRAINED|CONSTRAINED|CONSTRAINED_202547_2025-11-20_0656|BY_IF
11501|50|136|401|88|6702|1|2001-000-001|1004|1|0|1010201244_10_001|23-JUL-2025|0|0|09-NOV-2025|0|25|01-JAN-1970|01-JAN-1970| | |25-JUL-2025|0|0|1|202547|CONSTRAINED|CONSTRAINED|CONSTRAINED_202547_2025-11-20_0656|BY_IF
11501|50|137|401|89|6702|1|2001-000-001|1004|1|0|1010201233_10_001|23-JUL-2025|0|0|09-NOV-2025|0|25|01-JAN-1970|01-JAN-1970| | |25-JUL-2025|0|0|1|202547|CONSTRAINED|CONSTRAINED|CONSTRAINED_202547_2025-11-20_0656|BY_IF
11501|50|138|401|90|6702|1|2001-000-001|1004|1|0|1010201231_10_001|23-JUL-2025|0|0|09-NOV-2025|0|25|01-JAN-1970|01-JAN-1970| | |25-JUL-2025|0|0|1|202547|CONSTRAINED|CONSTRAINED|CONSTRAINED_202547_2025-11-20_0656|BY_IF
11501|50|139|401|91|6702|1|2001-000-001|1004|1|0|1010201251_10_001|21-JUL-2025|0|0|09-NOV-2025|0|25|01-JAN-1970|01-JAN-1970| | |25-JUL-2025|0|0|1|202547|CONSTRAINED|CONSTRAINED|CONSTRAINED_202547_2025-11-20_0656|BY_IF
11501|50|140|401|92|6702|1|2001-000-001|1004|1|0|1010201213_10_001|23-JUL-2025|0|0|09-NOV-2025|0|30|01-JAN-1970|01-JAN-1970| | |25-JUL-2025|0|0|1|202547|CONSTRAINED|CONSTRAINED|CONSTRAINED_202547_2025-11-20_0656|BY_IF
11501|50|141|401|93|6702|1|2001-000-001|1004|1|0|1010201218_10_001|24-JUL-2025|0|0|09-NOV-2025|0|75|01-JAN-1970|01-JAN-1970| | |25-JUL-2025|0|0|1|202547|CONSTRAINED|CONSTRAINED|CONSTRAINED_202547_2025-11-20_0656|BY_IF
11501|50|142|401|94|6704|1|2001-000-001|1004|1|0|1033500018_10_002|28-JUL-2025|0|0|09-NOV-2025|0|70|01-JAN-1970|01-JAN-1970| | |20-JUL-2025|0|0|1|202547|CONSTRAINED|CONSTRAINED|CONSTRAINED_202547_2025-11-20_0656|BY_IF
11501|50|143|401|95|6704|1|2001-000-001|1004|1|0|1033500018_10_002|28-JUL-2025|0|0|09-NOV-2025|0|70|01-JAN-1970|01-JAN-1970| | |20-JUL-2025|0|0|1|202547|CONSTRAINED|CONSTRAINED|CONSTRAINED_202547_2025-11-20_0656|BY_IF
11501|50|144|401|96|6701|1|2001-000-001|1004|1|0|1010201234_10_001|09-AUG-2025|0|0|09-NOV-2025|0|12|01-JAN-1970|01-JAN-1970| | |31-JUL-2025|0|0|1|202547|CONSTRAINED|CONSTRAINED|CONSTRAINED_202547_2025-11-20_0656|BY_IF
11501|50|145|401|97|6701|1|2001-000-001|1004|1|0|1010201228_10_001|11-AUG-2025|0|0|09-NOV-2025|0|25|01-JAN-1970|01-JAN-1970| | |02-AUG-2025|0|0|1|202547|CONSTRAINED|CONSTRAINED|CONSTRAINED_202547_2025-11-20_0656|BY_IF
11501|50|146|401|98|6801|2|100000000009|1003|1|0|1020000318_10_0001|11-AUG-2025|0|0|09-NOV-2025|0|25|01-JAN-1970|01-JAN-1970| | |10-AUG-2025|0|0|1|202547|CONSTRAINED|CONSTRAINED|CONSTRAINED_202547_2025-11-20_0656|BY_IF
11501|50|147|401|99|6801|2|100000000009|1003|1|0|1020000307_10_0001|11-AUG-2025|0|0|09-NOV-2025|0|25|01-JAN-1970|01-JAN-1970| | |10-AUG-2025|0|0|1|202547|CONSTRAINED|CONSTRAINED|CONSTRAINED_202547_2025-11-20_0656|BY_IF
11501|50|148|401|100|6801|2|100000000009|1003|1|0|1020000306_10_0001|11-AUG-2025|0|0|09-NOV-2025|0|25|01-JAN-1970|01-JAN-1970| | |10-AUG-2025|0|0|1|202547|CONSTRAINED|CONSTRAINED|CONSTRAINED_202547_2025-11-20_0656|BY_IF
11501|50|149|401|101|6701|1|2001-000-001|1004|1|0|1010201217_10_001|11-AUG-2025|0|0|09-NOV-2025|0|25|01-JAN-1970|01-JAN-1970| | |02-AUG-2025|0|0|1|202547|CONSTRAINED|CONSTRAINED|CONSTRAINED_202547_2025-11-20_0656|BY_IF
11501|50|150|401|102|6701|1|2001-000-001|1004|1|0|1010201216_10_001|11-AUG-2025|0|0|09-NOV-2025|0|25|01-JAN-1970|01-JAN-1970| | |02-AUG-2025|0|0|1|202547|CONSTRAINED|CONSTRAINED|CONSTRAINED_202547_2025-11-20_0656|BY_IF
11501|50|151|401|103|6701|1|2001-000-001|1004|1|0|1010201239_10_001|11-AUG-2025|0|0|09-NOV-2025|0|65|01-JAN-1970|01-JAN-1970| | |02-AUG-2025|0|0|1|202547|CONSTRAINED|CONSTRAINED|CONSTRAINED_202547_2025-11-20_0656|BY_IF
11501|50|152|401|104|6801|2|100000000112|1003|1|0|1030001329_10_0001|11-AUG-2025|0|0|09-NOV-2025|0|65|01-JAN-1970|01-JAN-1970| | |10-AUG-2025|0|0|1|202547|CONSTRAINED|CONSTRAINED|CONSTRAINED_202547_2025-11-20_0656|BY_IF
11501|50|153|401|105|6801|2|100000000009|1003|1|0|1020000305_10_0001|12-AUG-2025|0|0|09-NOV-2025|0|10|01-JAN-1970|01-JAN-1970| | |11-AUG-2025|0|0|1|202547|CONSTRAINED|CONSTRAINED|CONSTRAINED_202547_2025-11-20_0656|BY_IF
11501|50|154|401|106|6701|1|2001-000-001|1004|1|0|1010201240_10_001|12-AUG-2025|0|0|09-NOV-2025|0|18|01-JAN-1970|01-JAN-1970| | |03-AUG-2025|0|0|1|202547|CONSTRAINED|CONSTRAINED|CONSTRAINED_202547_2025-11-20_0656|BY_IF
11501|50|155|401|107|6801|2|100000000112|1003|1|0|1030001330_10_0001|12-AUG-2025|0|0|09-NOV-2025|0|18|01-JAN-1970|01-JAN-1970| | |11-AUG-2025|0|0|1|202547|CONSTRAINED|CONSTRAINED|CONSTRAINED_202547_2025-11-20_0656|BY_IF
11501|50|156|401|108|6701|1|2001-000-001|1004|1|0|1010201219_10_001|12-AUG-2025|0|0|09-NOV-2025|0|25|01-JAN-1970|01-JAN-1970| | |03-AUG-2025|0|0|1|202547|CONSTRAINED|CONSTRAINED|CONSTRAINED_202547_2025-11-20_0656|BY_IF
11501|50|157|401|109|6801|2|100000000009|1003|1|0|1020000313_10_0001|12-AUG-2025|0|0|09-NOV-2025|0|25|01-JAN-1970|01-JAN-1970| | |11-AUG-2025|0|0|1|202547|CONSTRAINED|CONSTRAINED|CONSTRAINED_202547_2025-11-20_0656|BY_IF
11501|50|158|401|110|6701|1|2001-000-001|1004|1|0|1010201223_10_001|12-AUG-2025|0|0|09-NOV-2025|0|25|01-JAN-1970|01-JAN-1970| | |03-AUG-2025|0|0|1|202547|CONSTRAINED|CONSTRAINED|CONSTRAINED_202547_2025-11-20_0656|BY_IF
11501|50|159|401|111|6801|2|100000000009|1003|1|0|1020000309_10_0001|12-AUG-2025|0|0|09-NOV-2025|0|25|01-JAN-1970|01-JAN-1970| | |11-AUG-2025|0|0|1|202547|CONSTRAINED|CONSTRAINED|CONSTRAINED_202547_2025-11-20_0656|BY_IF
11501|50|160|401|112|6701|1|2001-000-001|1004|1|0|1010201215_10_001|12-AUG-2025|0|0|09-NOV-2025|0|30|01-JAN-1970|01-JAN-1970| | |03-AUG-2025|0|0|1|202547|CONSTRAINED|CONSTRAINED|CONSTRAINED_202547_2025-11-20_0656|BY_IF
11501|50|161|401|113|6801|2|100000000009|1003|1|0|1020000310_10_0001|12-AUG-2025|0|0|09-NOV-2025|0|50|01-JAN-1970|01-JAN-1970| | |11-AUG-2025|0|0|1|202547|CONSTRAINED|CONSTRAINED|CONSTRAINED_202547_2025-11-20_0656|BY_IF
11501|50|162|401|114|6701|1|2001-000-001|1004|1|0|1010201220_10_001|12-AUG-2025|0|0|09-NOV-2025|0|50|01-JAN-1970|01-JAN-1970| | |03-AUG-2025|0|0|1|202547|CONSTRAINED|CONSTRAINED|CONSTRAINED_202547_2025-11-20_0656|BY_IF
11501|50|163|401|115|6801|2|100000000009|1003|1|0|1020000301_10_0001|13-AUG-2025|0|0|09-NOV-2025|0|25|01-JAN-1970|01-JAN-1970| | |12-AUG-2025|0|0|1|202547|CONSTRAINED|CONSTRAINED|CONSTRAINED_202547_2025-11-20_0656|BY_IF
11501|50|164|401|116|6801|2|100000000112|1003|1|0|1030001328_10_0001|13-AUG-2025|0|0|09-NOV-2025|0|25|01-JAN-1970|01-JAN-1970| | |12-AUG-2025|0|0|1|202547|CONSTRAINED|CONSTRAINED|CONSTRAINED_202547_2025-11-20_0656|BY_IF
11501|50|165|401|117|6701|1|2001-000-001|1004|1|0|1010201238_10_001|13-AUG-2025|0|0|09-NOV-2025|0|25|01-JAN-1970|01-JAN-1970| | |04-AUG-2025|0|0|1|202547|CONSTRAINED|CONSTRAINED|CONSTRAINED_202547_2025-11-20_0656|BY_IF
11501|50|166|401|118|6701|1|2001-000-001|1004|1|0|1010201211_10_001|13-AUG-2025|0|0|09-NOV-2025|0|25|01-JAN-1970|01-JAN-1970| | |04-AUG-2025|0|0|1|202547|CONSTRAINED|CONSTRAINED|CONSTRAINED_202547_2025-11-20_0656|BY_IF
11501|50|167|401|119|6701|1|2001-000-001|1004|1|0|1010201247_10_001|13-AUG-2025|0|0|09-NOV-2025|0|35|01-JAN-1970|01-JAN-1970| | |04-AUG-2025|0|0|1|202547|CONSTRAINED|CONSTRAINED|CONSTRAINED_202547_2025-11-20_0656|BY_IF
11501|50|168|401|120|6801|2|100000000112|1003|1|0|1030001337_10_0001|13-AUG-2025|0|0|09-NOV-2025|0|35|01-JAN-1970|01-JAN-1970| | |12-AUG-2025|0|0|1|202547|CONSTRAINED|CONSTRAINED|CONSTRAINED_202547_2025-11-20_0656|BY_IF
11501|50|169|401|121|6701|1|2001-000-001|1004|1|0|1010201232_10_001|13-AUG-2025|0|0|09-NOV-2025|0|45|01-JAN-1970|01-JAN-1970| | |04-AUG-2025|0|0|1|202547|CONSTRAINED|CONSTRAINED|CONSTRAINED_202547_2025-11-20_0656|BY_IF
11501|50|170|401|122|6801|2|100000000112|1003|1|0|1030001322_10_0001|13-AUG-2025|0|0|09-NOV-2025|0|45|01-JAN-1970|01-JAN-1970| | |12-AUG-2025|0|0|1|202547|CONSTRAINED|CONSTRAINED|CONSTRAINED_202547_2025-11-20_0656|BY_IF
11501|50|171|401|123|6801|2|100000000009|1003|1|0|1020000322_10_0001|13-AUG-2025|0|0|09-NOV-2025|0|50|01-JAN-1970|01-JAN-1970| | |12-AUG-2025|0|0|1|202547|CONSTRAINED|CONSTRAINED|CONSTRAINED_202547_2025-11-20_0656|BY_IF
11501|50|172|401|124|6701|1|2001-000-001|1004|1|0|1010201246_10_001|14-AUG-2025|0|0|09-NOV-2025|0|20|01-JAN-1970|01-JAN-1970| | |05-AUG-2025|0|0|1|202547|CONSTRAINED|CONSTRAINED|CONSTRAINED_202547_2025-11-20_0656|BY_IF
11501|50|173|401|125|6701|1|2001-000-001|1004|1|0|1010201210_10_001|14-AUG-2025|0|0|09-NOV-2025|0|20|01-JAN-1970|01-JAN-1970| | |05-AUG-2025|0|0|1|202547|CONSTRAINED|CONSTRAINED|CONSTRAINED_202547_2025-11-20_0656|BY_IF
11501|50|174|401|126|6801|2|100000000112|1003|1|0|1030001336_10_0001|14-AUG-2025|0|0|09-NOV-2025|0|20|01-JAN-1970|01-JAN-1970| | |13-AUG-2025|0|0|1|202547|CONSTRAINED|CONSTRAINED|CONSTRAINED_202547_2025-11-20_0656|BY_IF
11501|50|175|401|127|6801|2|100000000009|1003|1|0|1020000300_10_0001|14-AUG-2025|0|0|09-NOV-2025|0|25|01-JAN-1970|01-JAN-1970| | |13-AUG-2025|0|0|1|202547|CONSTRAINED|CONSTRAINED|CONSTRAINED_202547_2025-11-20_0656|BY_IF
11501|50|176|401|128|6801|2|100000000112|1003|1|0|1030001332_10_0001|14-AUG-2025|0|0|09-NOV-2025|0|65|01-JAN-1970|01-JAN-1970| | |13-AUG-2025|0|0|1|202547|CONSTRAINED|CONSTRAINED|CONSTRAINED_202547_2025-11-20_0656|BY_IF
11501|50|177|401|129|6701|1|2001-000-001|1004|1|0|1010201242_10_001|14-AUG-2025|0|0|09-NOV-2025|0|65|01-JAN-1970|01-JAN-1970| | |05-AUG-2025|0|0|1|202547|CONSTRAINED|CONSTRAINED|CONSTRAINED_202547_2025-11-20_0656|BY_IF
11501|50|178|401|130|6701|1|2001-000-001|1004|1|0|1010201227_10_001|14-AUG-2025|0|0|09-NOV-2025|0|70|01-JAN-1970|01-JAN-1970| | |05-AUG-2025|0|0|1|202547|CONSTRAINED|CONSTRAINED|CONSTRAINED_202547_2025-11-20_0656|BY_IF
11501|50|179|401|131|6801|2|100000000009|1003|1|0|1020000317_10_0001|14-AUG-2025|0|0|09-NOV-2025|0|80|01-JAN-1970|01-JAN-1970| | |13-AUG-2025|0|0|1|202547|CONSTRAINED|CONSTRAINED|CONSTRAINED_202547_2025-11-20_0656|BY_IF
11501|50|180|401|132|6701|1|2001-000-001|1004|1|0|1010201241_10_001|16-AUG-2025|0|0|09-NOV-2025|0|20|01-JAN-1970|01-JAN-1970| | |07-AUG-2025|0|0|1|202547|CONSTRAINED|CONSTRAINED|CONSTRAINED_202547_2025-11-20_0656|BY_IF
11501|50|181|401|133|6801|2|100000000112|1003|1|0|1030001331_10_0001|16-AUG-2025|0|0|09-NOV-2025|0|20|01-JAN-1970|01-JAN-1970| | |15-AUG-2025|0|0|1|202547|CONSTRAINED|CONSTRAINED|CONSTRAINED_202547_2025-11-20_0656|BY_IF
11501|50|182|401|134|6701|1|2001-000-001|1004|1|0|1010201214_10_001|16-AUG-2025|0|0|09-NOV-2025|0|20|01-JAN-1970|01-JAN-1970| | |07-AUG-2025|0|0|1|202547|CONSTRAINED|CONSTRAINED|CONSTRAINED_202547_2025-11-20_0656|BY_IF
11501|50|183|401|135|6801|2|100000000009|1003|1|0|1020000304_10_0001|16-AUG-2025|0|0|09-NOV-2025|0|25|01-JAN-1970|01-JAN-1970| | |15-AUG-2025|0|0|1|202547|CONSTRAINED|CONSTRAINED|CONSTRAINED_202547_2025-11-20_0656|BY_IF
11501|50|184|401|136|6801|2|100000000112|1003|1|0|1030001340_10_0001|17-AUG-2025|0|0|09-NOV-2025|0|25|01-JAN-1970|01-JAN-1970| | |16-AUG-2025|0|0|1|202547|CONSTRAINED|CONSTRAINED|CONSTRAINED_202547_2025-11-20_0656|BY_IF
11501|50|185|401|137|6701|1|2001-000-001|1004|1|0|1010201250_10_001|17-AUG-2025|0|0|09-NOV-2025|0|25|01-JAN-1970|01-JAN-1970| | |08-AUG-2025|0|0|1|202547|CONSTRAINED|CONSTRAINED|CONSTRAINED_202547_2025-11-20_0656|BY_IF
11501|50|186|401|138|6701|1|2001-000-001|1004|1|0|1010201225_10_001|17-AUG-2025|0|0|09-NOV-2025|0|45|01-JAN-1970|01-JAN-1970| | |08-AUG-2025|0|0|1|202547|CONSTRAINED|CONSTRAINED|CONSTRAINED_202547_2025-11-20_0656|BY_IF
11501|50|187|401|139|6801|2|100000000009|1003|1|0|1020000315_10_0001|17-AUG-2025|0|0|09-NOV-2025|0|90|01-JAN-1970|01-JAN-1970| | |16-AUG-2025|0|0|1|202547|CONSTRAINED|CONSTRAINED|CONSTRAINED_202547_2025-11-20_0656|BY_IF
11501|50|188|401|140|6801|2|100000000112|1003|1|0|1030001327_10_0001|18-AUG-2025|0|0|09-NOV-2025|0|25|01-JAN-1970|01-JAN-1970| | |17-AUG-2025|0|0|1|202547|CONSTRAINED|CONSTRAINED|CONSTRAINED_202547_2025-11-20_0656|BY_IF
11501|50|189|401|141|6701|1|2001-000-001|1004|1|0|1010201243_10_001|18-AUG-2025|0|0|09-NOV-2025|0|25|01-JAN-1970|01-JAN-1970| | |09-AUG-2025|0|0|1|202547|CONSTRAINED|CONSTRAINED|CONSTRAINED_202547_2025-11-20_0656|BY_IF
11501|50|190|401|142|6701|1|2001-000-001|1004|1|0|1010201237_10_001|18-AUG-2025|0|0|09-NOV-2025|0|25|01-JAN-1970|01-JAN-1970| | |09-AUG-2025|0|0|1|202547|CONSTRAINED|CONSTRAINED|CONSTRAINED_202547_2025-11-20_0656|BY_IF
11501|50|191|401|143|6801|2|100000000112|1003|1|0|1030001333_10_0001|18-AUG-2025|0|0|09-NOV-2025|0|25|01-JAN-1970|01-JAN-1970| | |17-AUG-2025|0|0|1|202547|CONSTRAINED|CONSTRAINED|CONSTRAINED_202547_2025-11-20_0656|BY_IF
11501|50|192|401|144|6801|2|100000000009|1003|1|0|1020000319_10_0001|18-AUG-2025|0|0|09-NOV-2025|0|50|01-JAN-1970|01-JAN-1970| | |17-AUG-2025|0|0|1|202547|CONSTRAINED|CONSTRAINED|CONSTRAINED_202547_2025-11-20_0656|BY_IF
11501|50|193|401|145|6701|1|2001-000-001|1004|1|0|1010201229_10_001|18-AUG-2025|0|0|09-NOV-2025|0|50|01-JAN-1970|01-JAN-1970| | |09-AUG-2025|0|0|1|202547|CONSTRAINED|CONSTRAINED|CONSTRAINED_202547_2025-11-20_0656|BY_IF
11501|50|194|401|146|6701|1|2001-000-001|1004|1|0|1010201226_10_001|18-AUG-2025|0|0|09-NOV-2025|0|70|01-JAN-1970|01-JAN-1970| | |09-AUG-2025|0|0|1|202547|CONSTRAINED|CONSTRAINED|CONSTRAINED_202547_2025-11-20_0656|BY_IF
11501|50|195|401|147|6801|2|100000000009|1003|1|0|1020000316_10_0001|18-AUG-2025|0|0|09-NOV-2025|0|70|01-JAN-1970|01-JAN-1970| | |17-AUG-2025|0|0|1|202547|CONSTRAINED|CONSTRAINED|CONSTRAINED_202547_2025-11-20_0656|BY_IF
11501|50|196|401|148|6801|2|100000000112|1003|1|0|1030001339_10_0001|20-AUG-2025|0|0|09-NOV-2025|0|12|01-JAN-1970|01-JAN-1970| | |19-AUG-2025|0|0|1|202547|CONSTRAINED|CONSTRAINED|CONSTRAINED_202547_2025-11-20_0656|BY_IF
11501|50|197|401|149|6701|1|2001-000-001|1004|1|0|1010201249_10_001|20-AUG-2025|0|0|09-NOV-2025|0|12|01-JAN-1970|01-JAN-1970| | |11-AUG-2025|0|0|1|202547|CONSTRAINED|CONSTRAINED|CONSTRAINED_202547_2025-11-20_0656|BY_IF
11501|50|198|401|150|6701|1|2001-000-001|1004|1|0|1010201245_10_001|23-AUG-2025|0|0|09-NOV-2025|0|35|01-JAN-1970|01-JAN-1970| | |14-AUG-2025|0|0|1|202547|CONSTRAINED|CONSTRAINED|CONSTRAINED_202547_2025-11-20_0656|BY_IF
11501|50|199|401|151|6801|2|100000000112|1003|1|0|1030001335_10_0001|23-AUG-2025|0|0|09-NOV-2025|0|35|01-JAN-1970|01-JAN-1970| | |22-AUG-2025|0|0|1|202547|CONSTRAINED|CONSTRAINED|CONSTRAINED_202547_2025-11-20_0656|BY_IF
11501|50|200|401|152|6801|2|100000000112|1003|1|0|1030001338_10_0001|23-AUG-2025|0|0|09-NOV-2025|0|70|01-JAN-1970|01-JAN-1970| | |22-AUG-2025|0|0|1|202547|CONSTRAINED|CONSTRAINED|CONSTRAINED_202547_2025-11-20_0656|BY_IF
11501|50|201|401|153|6701|1|2001-000-001|1004|1|0|1010201248_10_001|23-AUG-2025|0|0|09-NOV-2025|0|70|01-JAN-1970|01-JAN-1970| | |14-AUG-2025|0|0|1|202547|CONSTRAINED|CONSTRAINED|CONSTRAINED_202547_2025-11-20_0656|BY_IF
11501|50|202|401|154|6701|1|2001-000-001|1004|1|0|1010201221_10_001|30-AUG-2025|0|0|09-NOV-2025|0|10|01-JAN-1970|01-JAN-1970| | |21-AUG-2025|0|0|1|202547|CONSTRAINED|CONSTRAINED|CONSTRAINED_202547_2025-11-20_0656|BY_IF
11501|50|203|401|155|6801|2|100000000009|1003|1|0|1020000311_10_0001|30-AUG-2025|0|0|09-NOV-2025|0|10|01-JAN-1970|01-JAN-1970| | |29-AUG-2025|0|0|1|202547|CONSTRAINED|CONSTRAINED|CONSTRAINED_202547_2025-11-20_0656|BY_IF
11501|50|204|401|156|6701|1|2001-000-001|1004|1|0|1010201222_10_001|24-SEP-2025|0|0|09-NOV-2025|0|25|01-JAN-1970|01-JAN-1970| | |15-SEP-2025|0|0|1|202547|CONSTRAINED|CONSTRAINED|CONSTRAINED_202547_2025-11-20_0656|BY_IF
11501|50|205|401|157|6701|1|2001-000-001|1004|1|0|1010201212_10_001|24-SEP-2025|0|0|09-NOV-2025|0|25|01-JAN-1970|01-JAN-1970| | |15-SEP-2025|0|0|1|202547|CONSTRAINED|CONSTRAINED|CONSTRAINED_202547_2025-11-20_0656|BY_IF
11501|50|206|401|158|6801|2|100000000009|1003|1|0|1020000312_10_0001|24-SEP-2025|0|0|09-NOV-2025|0|25|01-JAN-1970|01-JAN-1970| | |23-SEP-2025|0|0|1|202547|CONSTRAINED|CONSTRAINED|CONSTRAINED_202547_2025-11-20_0656|BY_IF
11501|50|207|401|159|6801|2|100000000009|1003|1|0|1020000302_10_0001|24-SEP-2025|0|0|09-NOV-2025|0|25|01-JAN-1970|01-JAN-1970| | |23-SEP-2025|0|0|1|202547|CONSTRAINED|CONSTRAINED|CONSTRAINED_202547_2025-11-20_0656|BY_IF
11501|50|208|401|160|6701|1|2001-000-001|VF|2|1534| |18-OCT-2025|0|0|09-NOV-2025|0|49|01-JAN-1970|01-JAN-1970| | |09-OCT-2025|0|0|1|202547|CONSTRAINED|CONSTRAINED|CONSTRAINED_202547_2025-11-20_0656|BY_IF
11501|50|209|401|161|6701|1|2001-000-001|VF|2|1584| |25-OCT-2025|0|0|09-NOV-2025|0|25|01-JAN-1970|01-JAN-1970| | |16-OCT-2025|0|0|1|202547|CONSTRAINED|CONSTRAINED|CONSTRAINED_202547_2025-11-20_0656|BY_IF
11501|50|210|401|162|6701|1|2001-000-001|VF|2|1529| |22-NOV-2025|0|0|09-NOV-2025|0|98|01-JAN-1970|01-JAN-1970| | |13-NOV-2025|0|0|1|202547|CONSTRAINED|CONSTRAINED|CONSTRAINED_202547_2025-11-20_0656|BY_IF
11501|50|211|401|163|6701|1|2001-000-001|VF|2|1578| |06-DEC-2025|0|0|09-NOV-2025|0|49|01-JAN-1970|01-JAN-1970| | |27-NOV-2025|0|0|1|202547|CONSTRAINED|CONSTRAINED|CONSTRAINED_202547_2025-11-20_0656|BY_IF
11501|50|212|401|164|6701|1|2001-000-001|VF|2|1524| |13-DEC-2025|0|0|09-NOV-2025|0|75|01-JAN-1970|01-JAN-1970| | |04-DEC-2025|0|0|1|202547|CONSTRAINED|CONSTRAINED|CONSTRAINED_202547_2025-11-20_0656|BY_IF
11501|50|213|401|165|6701|1|2001-000-001|VF|2|1574| |20-DEC-2025|0|0|09-NOV-2025|0|75|01-JAN-1970|01-JAN-1970| | |11-DEC-2025|0|0|1|202547|CONSTRAINED|CONSTRAINED|CONSTRAINED_202547_2025-11-20_0656|BY_IF
11501|50|214|401|166|6701|1|2001-000-001|VF|2|1519| |27-DEC-2025|0|0|09-NOV-2025|0|75|01-JAN-1970|01-JAN-1970| | |18-DEC-2025|0|0|1|202547|CONSTRAINED|CONSTRAINED|CONSTRAINED_202547_2025-11-20_0656|BY_IF
11501|50|215|401|167|6701|1|2001-000-001|VF|2|1569| |03-JAN-2026|0|0|09-NOV-2025|0|75|01-JAN-1970|01-JAN-1970| | |25-DEC-2025|0|0|1|202547|CONSTRAINED|CONSTRAINED|CONSTRAINED_202547_2025-11-20_0656|BY_IF
11501|50|216|401|168|6701|1|2001-000-001|VF|2|1613| |10-JAN-2026|0|0|09-NOV-2025|0|75|01-JAN-1970|01-JAN-1970| | |01-JAN-2026|0|0|1|202547|CONSTRAINED|CONSTRAINED|CONSTRAINED_202547_2025-11-20_0656|BY_IF
11501|50|217|401|169|6701|1|2001-000-001|VF|2|1563| |17-JAN-2026|0|0|09-NOV-2025|0|75|01-JAN-1970|01-JAN-1970| | |08-JAN-2026|0|0|1|202547|CONSTRAINED|CONSTRAINED|CONSTRAINED_202547_2025-11-20_0656|BY_IF
11501|50|218|401|170|6701|1|2001-000-001|VF|2|1610| |24-JAN-2026|0|0|09-NOV-2025|0|75|01-JAN-1970|01-JAN-1970| | |15-JAN-2026|0|0|1|202547|CONSTRAINED|CONSTRAINED|CONSTRAINED_202547_2025-11-20_0656|BY_IF
11501|50|219|401|171|6701|1|2001-000-001|VF|2|1560| |31-JAN-2026|0|0|09-NOV-2025|0|75|01-JAN-1970|01-JAN-1970| | |22-JAN-2026|0|0|1|202547|CONSTRAINED|CONSTRAINED|CONSTRAINED_202547_2025-11-20_0656|BY_IF
11501|50|220|401|172|6701|1|2001-000-001|VF|2|1605| |07-FEB-2026|0|0|09-NOV-2025|0|75|01-JAN-1970|01-JAN-1970| | |29-JAN-2026|0|0|1|202547|CONSTRAINED|CONSTRAINED|CONSTRAINED_202547_2025-11-20_0656|BY_IF
11501|50|221|401|173|6701|1|2001-000-001|VF|2|1556| |14-FEB-2026|0|0|09-NOV-2025|0|75|01-JAN-1970|01-JAN-1970| | |05-FEB-2026|0|0|1|202547|CONSTRAINED|CONSTRAINED|CONSTRAINED_202547_2025-11-20_0656|BY_IF
11501|50|222|401|174|6701|1|2001-000-001|VF|2|1599| |21-FEB-2026|0|0|09-NOV-2025|0|75|01-JAN-1970|01-JAN-1970| | |12-FEB-2026|0|0|1|202547|CONSTRAINED|CONSTRAINED|CONSTRAINED_202547_2025-11-20_0656|BY_IF
11501|50|223|401|175|6701|1|2001-000-001|VF|2|1550| |28-FEB-2026|0|0|09-NOV-2025|0|75|01-JAN-1970|01-JAN-1970| | |19-FEB-2026|0|0|1|202547|CONSTRAINED|CONSTRAINED|CONSTRAINED_202547_2025-11-20_0656|BY_IF
11501|50|224|401|176|6701|1|2001-000-001|VF|2|1594| |07-MAR-2026|0|0|09-NOV-2025|0|75|01-JAN-1970|01-JAN-1970| | |26-FEB-2026|0|0|1|202547|CONSTRAINED|CONSTRAINED|CONSTRAINED_202547_2025-11-20_0656|BY_IF
11501|50|225|401|177|6701|1|2001-000-001|VF|2|1545| |14-MAR-2026|0|0|09-NOV-2025|0|75|01-JAN-1970|01-JAN-1970| | |05-MAR-2026|0|0|1|202547|CONSTRAINED|CONSTRAINED|CONSTRAINED_202547_2025-11-20_0656|BY_IF
11501|50|226|401|178|6701|1|2001-000-001|VF|2|1589| |21-MAR-2026|0|0|09-NOV-2025|0|75|01-JAN-1970|01-JAN-1970| | |12-MAR-2026|0|0|1|202547|CONSTRAINED|CONSTRAINED|CONSTRAINED_202547_2025-11-20_0656|BY_IF
11501|50|227|401|179|6701|1|2001-000-001|VF|2|1539| |28-MAR-2026|0|0|09-NOV-2025|0|75|01-JAN-1970|01-JAN-1970| | |19-MAR-2026|0|0|1|202547|CONSTRAINED|CONSTRAINED|CONSTRAINED_202547_2025-11-20_0656|BY_IF
11501|50|228|401|180|6701|1|2001-000-001|VF|2|1579| |04-APR-2026|0|0|09-NOV-2025|0|75|01-JAN-1970|01-JAN-1970| | |26-MAR-2026|0|0|1|202547|CONSTRAINED|CONSTRAINED|CONSTRAINED_202547_2025-11-20_0656|BY_IF
11501|50|229|401|181|6701|1|2001-000-001|VF|2|1528| |11-APR-2026|0|0|09-NOV-2025|0|75|01-JAN-1970|01-JAN-1970| | |02-APR-2026|0|0|1|202547|CONSTRAINED|CONSTRAINED|CONSTRAINED_202547_2025-11-20_0656|BY_IF
11501|50|230|401|182|6701|1|2001-000-001|VF|2|1583| |18-APR-2026|0|0|09-NOV-2025|0|75|01-JAN-1970|01-JAN-1970| | |09-APR-2026|0|0|1|202547|CONSTRAINED|CONSTRAINED|CONSTRAINED_202547_2025-11-20_0656|BY_IF
11501|50|231|401|183|6701|1|2001-000-001|VF|2|1533| |25-APR-2026|0|0|09-NOV-2025|0|75|01-JAN-1970|01-JAN-1970| | |16-APR-2026|0|0|1|202547|CONSTRAINED|CONSTRAINED|CONSTRAINED_202547_2025-11-20_0656|BY_IF
11501|50|232|401|184|6701|1|2001-000-001|VF|2|1568| |02-MAY-2026|0|0|09-NOV-2025|0|75|01-JAN-1970|01-JAN-1970| | |23-APR-2026|0|0|1|202547|CONSTRAINED|CONSTRAINED|CONSTRAINED_202547_2025-11-20_0656|BY_IF
11501|50|233|401|185|6701|1|2001-000-001|VF|2|1518| |09-MAY-2026|0|0|09-NOV-2025|0|75|01-JAN-1970|01-JAN-1970| | |30-APR-2026|0|0|1|202547|CONSTRAINED|CONSTRAINED|CONSTRAINED_202547_2025-11-20_0656|BY_IF
11501|50|234|401|186|6701|1|2001-000-001|VF|2|1573| |16-MAY-2026|0|0|09-NOV-2025|0|75|01-JAN-1970|01-JAN-1970| | |07-MAY-2026|0|0|1|202547|CONSTRAINED|CONSTRAINED|CONSTRAINED_202547_2025-11-20_0656|BY_IF
11501|50|235|401|187|6701|1|2001-000-001|VF|2|1523| |23-MAY-2026|0|0|09-NOV-2025|0|75|01-JAN-1970|01-JAN-1970| | |14-MAY-2026|0|0|1|202547|CONSTRAINED|CONSTRAINED|CONSTRAINED_202547_2025-11-20_0656|BY_IF
11501|50|236|401|188|6701|1|2001-000-001|VF|2|1565| |30-MAY-2026|0|0|09-NOV-2025|0|75|01-JAN-1970|01-JAN-1970| | |21-MAY-2026|0|0|1|202547|CONSTRAINED|CONSTRAINED|CONSTRAINED_202547_2025-11-20_0656|BY_IF
11501|50|237|401|189|6701|1|2001-000-001|VF|2|1615| |06-JUN-2026|0|0|09-NOV-2025|0|75|01-JAN-1970|01-JAN-1970| | |28-MAY-2026|0|0|1|202547|CONSTRAINED|CONSTRAINED|CONSTRAINED_202547_2025-11-20_0656|BY_IF
11501|50|238|401|190|6701|1|2001-000-001|VF|2|1554| |13-JUN-2026|0|0|09-NOV-2025|0|75|01-JAN-1970|01-JAN-1970| | |04-JUN-2026|0|0|1|202547|CONSTRAINED|CONSTRAINED|CONSTRAINED_202547_2025-11-20_0656|BY_IF
11501|50|239|401|191|6701|1|2001-000-001|VF|2|1603| |20-JUN-2026|0|0|09-NOV-2025|0|75|01-JAN-1970|01-JAN-1970| | |11-JUN-2026|0|0|1|202547|CONSTRAINED|CONSTRAINED|CONSTRAINED_202547_2025-11-20_0656|BY_IF
11501|50|240|401|192|6701|1|2001-000-001|VF|2|1558| |27-JUN-2026|0|0|09-NOV-2025|0|75|01-JAN-1970|01-JAN-1970| | |18-JUN-2026|0|0|1|202547|CONSTRAINED|CONSTRAINED|CONSTRAINED_202547_2025-11-20_0656|BY_IF
11501|50|241|401|193|6701|1|2001-000-001|VF|2|1608| |04-JUL-2026|0|0|09-NOV-2025|0|75|01-JAN-1970|01-JAN-1970| | |25-JUN-2026|0|0|1|202547|CONSTRAINED|CONSTRAINED|CONSTRAINED_202547_2025-11-20_0656|BY_IF
11501|50|242|401|194|6701|1|2001-000-001|VF|2|1543| |11-JUL-2026|0|0|09-NOV-2025|0|75|01-JAN-1970|01-JAN-1970| | |02-JUL-2026|0|0|1|202547|CONSTRAINED|CONSTRAINED|CONSTRAINED_202547_2025-11-20_0656|BY_IF
11501|50|243|401|195|6701|1|2001-000-001|VF|2|1592| |18-JUL-2026|0|0|09-NOV-2025|0|75|01-JAN-1970|01-JAN-1970| | |09-JUL-2026|0|0|1|202547|CONSTRAINED|CONSTRAINED|CONSTRAINED_202547_2025-11-20_0656|BY_IF
11501|50|244|401|196|6701|1|2001-000-001|VF|2|1548| |25-JUL-2026|0|0|09-NOV-2025|0|75|01-JAN-1970|01-JAN-1970| | |16-JUL-2026|0|0|1|202547|CONSTRAINED|CONSTRAINED|CONSTRAINED_202547_2025-11-20_0656|BY_IF
11501|50|245|401|197|6701|1|2001-000-001|VF|2|1597| |01-AUG-2026|0|0|09-NOV-2025|0|75|01-JAN-1970|01-JAN-1970| | |23-JUL-2026|0|0|1|202547|CONSTRAINED|CONSTRAINED|CONSTRAINED_202547_2025-11-20_0656|BY_IF
11501|50|246|401|198|6701|1|2001-000-001|VF|2|1538| |08-AUG-2026|0|0|09-NOV-2025|0|75|01-JAN-1970|01-JAN-1970| | |30-JUL-2026|0|0|1|202547|CONSTRAINED|CONSTRAINED|CONSTRAINED_202547_2025-11-20_0656|BY_IF
11501|50|247|401|199|6701|1|2001-000-001|VF|2|1588| |15-AUG-2026|0|0|09-NOV-2025|0|75|01-JAN-1970|01-JAN-1970| | |06-AUG-2026|0|0|1|202547|CONSTRAINED|CONSTRAINED|CONSTRAINED_202547_2025-11-20_0656|BY_IF
11501|50|248|401|200|6701|1|2001-000-001|VF|2|1527| |22-AUG-2026|0|0|09-NOV-2025|0|75|01-JAN-1970|01-JAN-1970| | |13-AUG-2026|0|0|1|202547|CONSTRAINED|CONSTRAINED|CONSTRAINED_202547_2025-11-20_0656|BY_IF
11501|50|249|401|201|6701|1|2001-000-001|VF|2|1577| |29-AUG-2026|0|0|09-NOV-2025|0|75|01-JAN-1970|01-JAN-1970| | |20-AUG-2026|0|0|1|202547|CONSTRAINED|CONSTRAINED|CONSTRAINED_202547_2025-11-20_0656|BY_IF
11501|50|250|401|202|6701|1|2001-000-001|VF|2|1532| |05-SEP-2026|0|0|09-NOV-2025|0|75|01-JAN-1970|01-JAN-1970| | |27-AUG-2026|0|0|1|202547|CONSTRAINED|CONSTRAINED|CONSTRAINED_202547_2025-11-20_0656|BY_IF
11501|50|251|401|203|6701|1|2001-000-001|VF|2|1582| |12-SEP-2026|0|0|09-NOV-2025|0|75|01-JAN-1970|01-JAN-1970| | |03-SEP-2026|0|0|1|202547|CONSTRAINED|CONSTRAINED|CONSTRAINED_202547_2025-11-20_0656|BY_IF
11501|50|252|401|204|6701|1|2001-000-001|VF|2|1517| |19-SEP-2026|0|0|09-NOV-2025|0|75|01-JAN-1970|01-JAN-1970| | |10-SEP-2026|0|0|1|202547|CONSTRAINED|CONSTRAINED|CONSTRAINED_202547_2025-11-20_0656|BY_IF
11501|50|253|401|205|6701|1|2001-000-001|VF|2|1567| |26-SEP-2026|0|0|09-NOV-2025|0|75|01-JAN-1970|01-JAN-1970| | |17-SEP-2026|0|0|1|202547|CONSTRAINED|CONSTRAINED|CONSTRAINED_202547_2025-11-20_0656|BY_IF
11501|50|254|401|206|6701|1|2001-000-001|VF|2|1522| |03-OCT-2026|0|0|09-NOV-2025|0|75|01-JAN-1970|01-JAN-1970| | |24-SEP-2026|0|0|1|202547|CONSTRAINED|CONSTRAINED|CONSTRAINED_202547_2025-11-20_0656|BY_IF
11501|50|255|401|207|6701|1|2001-000-001|VF|2|1572| |10-OCT-2026|0|0|09-NOV-2025|0|75|01-JAN-1970|01-JAN-1970| | |01-OCT-2026|0|0|1|202547|CONSTRAINED|CONSTRAINED|CONSTRAINED_202547_2025-11-20_0656|BY_IF
11501|50|256|401|208|6701|1|2001-000-001|VF|2|1614| |17-OCT-2026|0|0|09-NOV-2025|0|75|01-JAN-1970|01-JAN-1970| | |08-OCT-2026|0|0|1|202547|CONSTRAINED|CONSTRAINED|CONSTRAINED_202547_2025-11-20_0656|BY_IF
11501|50|257|401|209|6701|1|2001-000-001|VF|2|1564| |24-OCT-2026|0|0|09-NOV-2025|0|75|01-JAN-1970|01-JAN-1970| | |15-OCT-2026|0|0|1|202547|CONSTRAINED|CONSTRAINED|CONSTRAINED_202547_2025-11-20_0656|BY_IF
11501|50|258|401|210|6701|1|2001-000-001|VF|2|1602| |31-OCT-2026|0|0|09-NOV-2025|0|75|01-JAN-1970|01-JAN-1970| | |22-OCT-2026|0|0|1|202547|CONSTRAINED|CONSTRAINED|CONSTRAINED_202547_2025-11-20_0656|BY_IF
11501|50|259|401|211|6701|1|2001-000-001|VF|2|1553| |07-NOV-2026|0|0|09-NOV-2025|0|75|01-JAN-1970|01-JAN-1970| | |29-OCT-2026|0|0|1|202547|CONSTRAINED|CONSTRAINED|CONSTRAINED_202547_2025-11-20_0656|BY_IF
11501|50|260|401|212|6701|1|2001-000-001|VF|2|1607| |14-NOV-2026|0|0|09-NOV-2025|0|75|01-JAN-1970|01-JAN-1970| | |05-NOV-2026|0|0|1|202547|CONSTRAINED|CONSTRAINED|CONSTRAINED_202547_2025-11-20_0656|BY_IF
11501|50|261|401|213|6701|1|2001-000-001|VF|2|1561| |21-NOV-2026|0|0|09-NOV-2025|0|75|01-JAN-1970|01-JAN-1970| | |12-NOV-2026|0|0|1|202547|CONSTRAINED|CONSTRAINED|CONSTRAINED_202547_2025-11-20_0656|BY_IF
11501|50|262|401|214|6701|1|2001-000-001|VF|2|1595| |28-NOV-2026|0|0|09-NOV-2025|0|75|01-JAN-1970|01-JAN-1970| | |19-NOV-2026|0|0|1|202547|CONSTRAINED|CONSTRAINED|CONSTRAINED_202547_2025-11-20_0656|BY_IF
11501|50|263|401|215|6701|1|2001-000-001|VF|2|1546| |05-DEC-2026|0|0|09-NOV-2025|0|75|01-JAN-1970|01-JAN-1970| | |26-NOV-2026|0|0|1|202547|CONSTRAINED|CONSTRAINED|CONSTRAINED_202547_2025-11-20_0656|BY_IF
11501|50|264|401|216|6701|1|2001-000-001|VF|2|1600| |12-DEC-2026|0|0|09-NOV-2025|0|75|01-JAN-1970|01-JAN-1970| | |03-DEC-2026|0|0|1|202547|CONSTRAINED|CONSTRAINED|CONSTRAINED_202547_2025-11-20_0656|BY_IF
11501|50|265|401|217|6701|1|2001-000-001|VF|2|1551| |19-DEC-2026|0|0|09-NOV-2025|0|75|01-JAN-1970|01-JAN-1970| | |10-DEC-2026|0|0|1|202547|CONSTRAINED|CONSTRAINED|CONSTRAINED_202547_2025-11-20_0656|BY_IF
11501|50|266|401|218|6701|1|2001-000-001|VF|2|1590| |26-DEC-2026|0|0|09-NOV-2025|0|75|01-JAN-1970|01-JAN-1970| | |17-DEC-2026|0|0|1|202547|CONSTRAINED|CONSTRAINED|CONSTRAINED_202547_2025-11-20_0656|BY_IF
11501|50|267|401|219|6701|1|2001-000-001|VF|2|1540| |02-JAN-2027|0|0|09-NOV-2025|0|75|01-JAN-1970|01-JAN-1970| | |24-DEC-2026|0|0|1|202547|CONSTRAINED|CONSTRAINED|CONSTRAINED_202547_2025-11-20_0656|BY_IF
11501|50|268|401|220|6701|1|2001-000-001|VF|2|1575| |09-JAN-2027|0|0|09-NOV-2025|0|75|01-JAN-1970|01-JAN-1970| | |31-DEC-2026|0|0|1|202547|CONSTRAINED|CONSTRAINED|CONSTRAINED_202547_2025-11-20_0656|BY_IF
11501|50|269|401|221|6701|1|2001-000-001|VF|2|1525| |16-JAN-2027|0|0|09-NOV-2025|0|75|01-JAN-1970|01-JAN-1970| | |07-JAN-2027|0|0|1|202547|CONSTRAINED|CONSTRAINED|CONSTRAINED_202547_2025-11-20_0656|BY_IF
11501|50|270|401|222|6701|1|2001-000-001|VF|2|1570| |23-JAN-2027|0|0|09-NOV-2025|0|75|01-JAN-1970|01-JAN-1970| | |14-JAN-2027|0|0|1|202547|CONSTRAINED|CONSTRAINED|CONSTRAINED_202547_2025-11-20_0656|BY_IF
11501|50|271|401|223|6701|1|2001-000-001|VF|2|1520| |30-JAN-2027|0|0|09-NOV-2025|0|75|01-JAN-1970|01-JAN-1970| | |21-JAN-2027|0|0|1|202547|CONSTRAINED|CONSTRAINED|CONSTRAINED_202547_2025-11-20_0656|BY_IF
11501|50|272|401|224|6701|1|2001-000-001|VF|2|1585| |06-FEB-2027|0|0|09-NOV-2025|0|75|01-JAN-1970|01-JAN-1970| | |28-JAN-2027|0|0|1|202547|CONSTRAINED|CONSTRAINED|CONSTRAINED_202547_2025-11-20_0656|BY_IF
11501|50|273|401|225|6701|1|2001-000-001|VF|2|1535| |13-FEB-2027|0|0|09-NOV-2025|0|75|01-JAN-1970|01-JAN-1970| | |04-FEB-2027|0|0|1|202547|CONSTRAINED|CONSTRAINED|CONSTRAINED_202547_2025-11-20_0656|BY_IF
11501|50|274|401|226|6701|1|2001-000-001|VF|2|1580| |20-FEB-2027|0|0|09-NOV-2025|0|75|01-JAN-1970|01-JAN-1970| | |11-FEB-2027|0|0|1|202547|CONSTRAINED|CONSTRAINED|CONSTRAINED_202547_2025-11-20_0656|BY_IF
11501|50|275|401|227|6701|1|2001-000-001|VF|2|1530| |27-FEB-2027|0|0|09-NOV-2025|0|75|01-JAN-1970|01-JAN-1970| | |18-FEB-2027|0|0|1|202547|CONSTRAINED|CONSTRAINED|CONSTRAINED_202547_2025-11-20_0656|BY_IF
11501|50|276|401|228|6701|1|2001-000-001|VF|2|1566| |06-MAR-2027|0|0|09-NOV-2025|0|75|01-JAN-1970|01-JAN-1970| | |25-FEB-2027|0|0|1|202547|CONSTRAINED|CONSTRAINED|CONSTRAINED_202547_2025-11-20_0656|BY_IF
11501|50|277|401|229|6701|1|2001-000-001|VF|2|1616| |13-MAR-2027|0|0|09-NOV-2025|0|75|01-JAN-1970|01-JAN-1970| | |04-MAR-2027|0|0|1|202547|CONSTRAINED|CONSTRAINED|CONSTRAINED_202547_2025-11-20_0656|BY_IF
11501|50|278|401|230|6701|1|2001-000-001|VF|2|1552| |20-MAR-2027|0|0|09-NOV-2025|0|75|01-JAN-1970|01-JAN-1970| | |11-MAR-2027|0|0|1|202547|CONSTRAINED|CONSTRAINED|CONSTRAINED_202547_2025-11-20_0656|BY_IF
11501|50|279|401|231|6701|1|2001-000-001|VF|2|1601| |27-MAR-2027|0|0|09-NOV-2025|0|75|01-JAN-1970|01-JAN-1970| | |18-MAR-2027|0|0|1|202547|CONSTRAINED|CONSTRAINED|CONSTRAINED_202547_2025-11-20_0656|BY_IF
11501|50|280|401|232|6701|1|2001-000-001|VF|2|1547| |03-APR-2027|0|0|09-NOV-2025|0|75|01-JAN-1970|01-JAN-1970| | |25-MAR-2027|0|0|1|202547|CONSTRAINED|CONSTRAINED|CONSTRAINED_202547_2025-11-20_0656|BY_IF
11501|50|281|401|233|6701|1|2001-000-001|VF|2|1596| |10-APR-2027|0|0|09-NOV-2025|0|75|01-JAN-1970|01-JAN-1970| | |01-APR-2027|0|0|1|202547|CONSTRAINED|CONSTRAINED|CONSTRAINED_202547_2025-11-20_0656|BY_IF
11501|50|282|401|234|6701|1|2001-000-001|VF|2|1562| |17-APR-2027|0|0|09-NOV-2025|0|75|01-JAN-1970|01-JAN-1970| | |08-APR-2027|0|0|1|202547|CONSTRAINED|CONSTRAINED|CONSTRAINED_202547_2025-11-20_0656|BY_IF
11501|50|283|401|235|6701|1|2001-000-001|VF|2|1611| |24-APR-2027|0|0|09-NOV-2025|0|75|01-JAN-1970|01-JAN-1970| | |15-APR-2027|0|0|1|202547|CONSTRAINED|CONSTRAINED|CONSTRAINED_202547_2025-11-20_0656|BY_IF
11501|50|284|401|236|6701|1|2001-000-001|VF|2|1557| |01-MAY-2027|0|0|09-NOV-2025|0|75|01-JAN-1970|01-JAN-1970| | |22-APR-2027|0|0|1|202547|CONSTRAINED|CONSTRAINED|CONSTRAINED_202547_2025-11-20_0656|BY_IF
11501|50|285|401|237|6701|1|2001-000-001|VF|2|1606| |08-MAY-2027|0|0|09-NOV-2025|0|75|01-JAN-1970|01-JAN-1970| | |29-APR-2027|0|0|1|202547|CONSTRAINED|CONSTRAINED|CONSTRAINED_202547_2025-11-20_0656|BY_IF
11501|50|286|401|238|6701|1|2001-000-001|VF|2|1541| |15-MAY-2027|0|0|09-NOV-2025|0|75|01-JAN-1970|01-JAN-1970| | |06-MAY-2027|0|0|1|202547|CONSTRAINED|CONSTRAINED|CONSTRAINED_202547_2025-11-20_0656|BY_IF
11501|50|287|401|239|6701|1|2001-000-001|VF|2|1591| |22-MAY-2027|0|0|09-NOV-2025|0|75|01-JAN-1970|01-JAN-1970| | |13-MAY-2027|0|0|1|202547|CONSTRAINED|CONSTRAINED|CONSTRAINED_202547_2025-11-20_0656|BY_IF
11501|50|288|401|240|6701|1|2001-000-001|VF|2|1526| |29-MAY-2027|0|0|09-NOV-2025|0|75|01-JAN-1970|01-JAN-1970| | |20-MAY-2027|0|0|1|202547|CONSTRAINED|CONSTRAINED|CONSTRAINED_202547_2025-11-20_0656|BY_IF
11501|50|289|401|241|6701|1|2001-000-001|VF|2|1576| |05-JUN-2027|0|0|09-NOV-2025|0|75|01-JAN-1970|01-JAN-1970| | |27-MAY-2027|0|0|1|202547|CONSTRAINED|CONSTRAINED|CONSTRAINED_202547_2025-11-20_0656|BY_IF
11501|50|290|401|242|6701|1|2001-000-001|VF|2|1521| |12-JUN-2027|0|0|09-NOV-2025|0|75|01-JAN-1970|01-JAN-1970| | |03-JUN-2027|0|0|1|202547|CONSTRAINED|CONSTRAINED|CONSTRAINED_202547_2025-11-20_0656|BY_IF
11501|50|291|401|243|6701|1|2001-000-001|VF|2|1571| |19-JUN-2027|0|0|09-NOV-2025|0|75|01-JAN-1970|01-JAN-1970| | |10-JUN-2027|0|0|1|202547|CONSTRAINED|CONSTRAINED|CONSTRAINED_202547_2025-11-20_0656|BY_IF
11501|50|292|401|244|6701|1|2001-000-001|VF|2|1536| |26-JUN-2027|0|0|09-NOV-2025|0|75|01-JAN-1970|01-JAN-1970| | |17-JUN-2027|0|0|1|202547|CONSTRAINED|CONSTRAINED|CONSTRAINED_202547_2025-11-20_0656|BY_IF
11501|50|293|401|245|6701|1|2001-000-001|VF|2|1586| |03-JUL-2027|0|0|09-NOV-2025|0|75|01-JAN-1970|01-JAN-1970| | |24-JUN-2027|0|0|1|202547|CONSTRAINED|CONSTRAINED|CONSTRAINED_202547_2025-11-20_0656|BY_IF
11501|50|294|401|246|6701|1|2001-000-001|VF|2|1531| |10-JUL-2027|0|0|09-NOV-2025|0|75|01-JAN-1970|01-JAN-1970| | |01-JUL-2027|0|0|1|202547|CONSTRAINED|CONSTRAINED|CONSTRAINED_202547_2025-11-20_0656|BY_IF
11501|50|295|401|247|6701|1|2001-000-001|VF|2|1581| |17-JUL-2027|0|0|09-NOV-2025|0|75|01-JAN-1970|01-JAN-1970| | |08-JUL-2027|0|0|1|202547|CONSTRAINED|CONSTRAINED|CONSTRAINED_202547_2025-11-20_0656|BY_IF
11501|50|296|401|248|6701|1|2001-000-001|VF|2|1542| |24-JUL-2027|0|0|09-NOV-2025|0|75|01-JAN-1970|01-JAN-1970| | |15-JUL-2027|0|0|1|202547|CONSTRAINED|CONSTRAINED|CONSTRAINED_202547_2025-11-20_0656|BY_IF
