ITEM|LOC|CONSTRSTOCKLOWDATE|CONSTRSTOCKLOWDUR|CONSTRSTOCKLOWQTY|CONSTRSTOCKOUTDATE|CONSTRSTOCKOUTQTY|CONSTRSTOCKOUTDUR|MAXCONSTRPROJOHDATE|MAXCONSTRCOVDATE|MAXCONSTRCOVDUR|MAXCONSTRPROJOH|MINCONSTRCOVDATE|MINCONSTRCOVDUR|OPTIONSET|PROCESSDATE|STARTDATE|CAPTURE_WK|CAPTURE_TYPE|SIMULATION_NAME|SOLVE_VERSION|U_PLANMODULE
100000000101|1020|01-JAN-1970|0|0|01-JAN-1970|0|0||01-JAN-1970|0|0|01-JAN-1970|0|BATCH_IF_SSP|10-NOV-2025|26-JUL-2025|202547|CONSTRAINED|CONSTRAINED|CONSTRAINED_202547_2025-11-20_0656|BY_IF
100000000102|1020|01-JAN-1970|0|0|01-JAN-1970|0|0||01-JAN-1970|0|0|01-JAN-1970|0|BATCH_IF_SSP|10-NOV-2025|26-JUL-2025|202547|CONSTRAINED|CONSTRAINED|CONSTRAINED_202547_2025-11-20_0656|BY_IF
100000000103|1020|01-JAN-1970|0|0|01-JAN-1970|0|0||01-JAN-1970|0|0|01-JAN-1970|0|BATCH_IF_SSP|10-NOV-2025|26-JUL-2025|202547|CONSTRAINED|CONSTRAINED|CONSTRAINED_202547_2025-11-20_0656|BY_IF
100000002009|1020|01-JAN-1970|0|0|01-JAN-1970|0|0||01-JAN-1970|0|0|01-JAN-1970|0|BATCH_IF_SSP|10-NOV-2025|26-JUL-2025|202547|CONSTRAINED|CONSTRAINED|CONSTRAINED_202547_2025-11-20_0656|BY_IF
100000002010|1020|01-JAN-1970|0|0|01-JAN-1970|0|0||01-JAN-1970|0|0|01-JAN-1970|0|BATCH_IF_SSP|10-NOV-2025|26-JUL-2025|202547|CONSTRAINED|CONSTRAINED|CONSTRAINED_202547_2025-11-20_0656|BY_IF
100000002014|1020|01-JAN-1970|0|0|01-JAN-1970|0|0||01-JAN-1970|0|0|01-JAN-1970|0|BATCH_IF_SSP|10-NOV-2025|26-JUL-2025|202547|CONSTRAINED|CONSTRAINED|CONSTRAINED_202547_2025-11-20_0656|BY_IF
2000-001-049|1020|01-JAN-1970|0|0|01-JAN-1970|0|0||01-JAN-1970|0|0|01-JAN-1970|0|BATCH_IF_SSP|10-NOV-2025|26-JUL-2025|202547|CONSTRAINED|CONSTRAINED|CONSTRAINED_202547_2025-11-20_0656|BY_IF
2000-001-050|1020|01-JAN-1970|0|0|01-JAN-1970|0|0||01-JAN-1970|0|0|01-JAN-1970|0|BATCH_IF_SSP|10-NOV-2025|26-JUL-2025|202547|CONSTRAINED|CONSTRAINED|CONSTRAINED_202547_2025-11-20_0656|BY_IF
2000-280-869|1020|01-JAN-1970|0|0|01-JAN-1970|0|0||01-JAN-1970|0|0|01-JAN-1970|0|BATCH_IF_SSP|10-NOV-2025|26-JUL-2025|202547|CONSTRAINED|CONSTRAINED|CONSTRAINED_202547_2025-11-20_0656|BY_IF
2000-281-396|1020|01-JAN-1970|0|0|01-JAN-1970|0|0||01-JAN-1970|0|0|01-JAN-1970|0|BATCH_IF_SSP|10-NOV-2025|26-JUL-2025|202547|CONSTRAINED|CONSTRAINED|CONSTRAINED_202547_2025-11-20_0656|BY_IF
2000-281-424|1020|01-JAN-1970|0|0|01-JAN-1970|0|0||01-JAN-1970|0|0|01-JAN-1970|0|BATCH_IF_SSP|10-NOV-2025|26-JUL-2025|202547|CONSTRAINED|CONSTRAINED|CONSTRAINED_202547_2025-11-20_0656|BY_IF
2000-281-446|1020|01-JAN-1970|0|0|01-JAN-1970|0|0||01-JAN-1970|0|0|01-JAN-1970|0|BATCH_IF_SSP|10-NOV-2025|26-JUL-2025|202547|CONSTRAINED|CONSTRAINED|CONSTRAINED_202547_2025-11-20_0656|BY_IF
2000-281-452|1020|01-JAN-1970|0|0|01-JAN-1970|0|0||01-JAN-1970|0|0|01-JAN-1970|0|BATCH_IF_SSP|10-NOV-2025|26-JUL-2025|202547|CONSTRAINED|CONSTRAINED|CONSTRAINED_202547_2025-11-20_0656|BY_IF
2000-285-609|1020|01-JAN-1970|0|0|01-JAN-1970|0|0||01-JAN-1970|0|0|01-JAN-1970|0|BATCH_IF_SSP|10-NOV-2025|26-JUL-2025|202547|CONSTRAINED|CONSTRAINED|CONSTRAINED_202547_2025-11-20_0656|BY_IF
2000-285-610|1020|01-JAN-1970|0|0|01-JAN-1970|0|0||01-JAN-1970|0|0|01-JAN-1970|0|BATCH_IF_SSP|10-NOV-2025|26-JUL-2025|202547|CONSTRAINED|CONSTRAINED|CONSTRAINED_202547_2025-11-20_0656|BY_IF
2000-285-677|1020|01-JAN-1970|0|0|01-JAN-1970|0|0||01-JAN-1970|0|0|01-JAN-1970|0|BATCH_IF_SSP|10-NOV-2025|26-JUL-2025|202547|CONSTRAINED|CONSTRAINED|CONSTRAINED_202547_2025-11-20_0656|BY_IF
2000-285-678|1020|01-JAN-1970|0|0|01-JAN-1970|0|0||01-JAN-1970|0|0|01-JAN-1970|0|BATCH_IF_SSP|10-NOV-2025|26-JUL-2025|202547|CONSTRAINED|CONSTRAINED|CONSTRAINED_202547_2025-11-20_0656|BY_IF
2000-293-667|1020|01-JAN-1970|0|0|01-JAN-1970|0|0||01-JAN-1970|0|0|01-JAN-1970|0|BATCH_IF_SSP|10-NOV-2025|26-JUL-2025|202547|CONSTRAINED|CONSTRAINED|CONSTRAINED_202547_2025-11-20_0656|BY_IF
2000-293-669|1020|01-JAN-1970|0|0|01-JAN-1970|0|0||01-JAN-1970|0|0|01-JAN-1970|0|BATCH_IF_SSP|10-NOV-2025|26-JUL-2025|202547|CONSTRAINED|CONSTRAINED|CONSTRAINED_202547_2025-11-20_0656|BY_IF
2000-293-673|1020|01-JAN-1970|0|0|01-JAN-1970|0|0||01-JAN-1970|0|0|01-JAN-1970|0|BATCH_IF_SSP|10-NOV-2025|26-JUL-2025|202547|CONSTRAINED|CONSTRAINED|CONSTRAINED_202547_2025-11-20_0656|BY_IF
2000-293-678|1020|01-JAN-1970|0|0|01-JAN-1970|0|0||01-JAN-1970|0|0|01-JAN-1970|0|BATCH_IF_SSP|10-NOV-2025|26-JUL-2025|202547|CONSTRAINED|CONSTRAINED|CONSTRAINED_202547_2025-11-20_0656|BY_IF
2001-001-002|1020|01-JAN-1970|0|0|01-JAN-1970|0|0||01-JAN-1970|0|0|01-JAN-1970|0|BATCH_IF_SSP|10-NOV-2025|26-JUL-2025|202547|CONSTRAINED|CONSTRAINED|CONSTRAINED_202547_2025-11-20_0656|BY_IF
2001-001-003|1020|01-JAN-1970|0|0|01-JAN-1970|0|0||01-JAN-1970|0|0|01-JAN-1970|0|BATCH_IF_SSP|10-NOV-2025|26-JUL-2025|202547|CONSTRAINED|CONSTRAINED|CONSTRAINED_202547_2025-11-20_0656|BY_IF
100000000004|1004|01-JAN-1970|0|0|01-JAN-1970|0|0||01-JAN-1970|0|0|01-JAN-1970|0|BATCH_IF_SSP|10-NOV-2025|26-JUL-2025|202547|CONSTRAINED|CONSTRAINED|CONSTRAINED_202547_2025-11-20_0656|BY_IF
100000000005|1004|01-JAN-1970|0|0|01-JAN-1970|0|0||01-JAN-1970|0|0|01-JAN-1970|0|BATCH_IF_SSP|10-NOV-2025|26-JUL-2025|202547|CONSTRAINED|CONSTRAINED|CONSTRAINED_202547_2025-11-20_0656|BY_IF
100000000006|1004|01-JAN-1970|0|0|01-JAN-1970|0|0||01-JAN-1970|0|0|01-JAN-1970|0|BATCH_IF_SSP|10-NOV-2025|26-JUL-2025|202547|CONSTRAINED|CONSTRAINED|CONSTRAINED_202547_2025-11-20_0656|BY_IF
100000000024|1004|01-JAN-1970|0|0|01-JAN-1970|0|0||01-JAN-1970|0|0|01-JAN-1970|0|BATCH_IF_SSP|10-NOV-2025|26-JUL-2025|202547|CONSTRAINED|CONSTRAINED|CONSTRAINED_202547_2025-11-20_0656|BY_IF
100000000025|1004|01-JAN-1970|0|0|01-JAN-1970|0|0||01-JAN-1970|0|0|01-JAN-1970|0|BATCH_IF_SSP|10-NOV-2025|26-JUL-2025|202547|CONSTRAINED|CONSTRAINED|CONSTRAINED_202547_2025-11-20_0656|BY_IF
100000000035|1004|01-JAN-1970|0|0|01-JAN-1970|0|0||01-JAN-1970|0|0|01-JAN-1970|0|BATCH_IF_SSP|10-NOV-2025|26-JUL-2025|202547|CONSTRAINED|CONSTRAINED|CONSTRAINED_202547_2025-11-20_0656|BY_IF
100000000036|1004|01-JAN-1970|0|0|01-JAN-1970|0|0||01-JAN-1970|0|0|01-JAN-1970|0|BATCH_IF_SSP|10-NOV-2025|26-JUL-2025|202547|CONSTRAINED|CONSTRAINED|CONSTRAINED_202547_2025-11-20_0656|BY_IF
100000000107|1004|01-JAN-1970|0|0|01-JAN-1970|0|0||01-JAN-1970|0|0|01-JAN-1970|0|BATCH_IF_SSP|10-NOV-2025|26-JUL-2025|202547|CONSTRAINED|CONSTRAINED|CONSTRAINED_202547_2025-11-20_0656|BY_IF
100000001001|1004|01-JAN-1970|0|0|01-JAN-1970|0|0||01-JAN-1970|0|0|01-JAN-1970|0|BATCH_IF_SSP|10-NOV-2025|26-JUL-2025|202547|CONSTRAINED|CONSTRAINED|CONSTRAINED_202547_2025-11-20_0656|BY_IF
100000002001|1004|01-JAN-1970|0|0|01-JAN-1970|0|0||01-JAN-1970|0|0|01-JAN-1970|0|BATCH_IF_SSP|10-NOV-2025|26-JUL-2025|202547|CONSTRAINED|CONSTRAINED|CONSTRAINED_202547_2025-11-20_0656|BY_IF
100000002002|1004|01-JAN-1970|0|0|01-JAN-1970|0|0||01-JAN-1970|0|0|01-JAN-1970|0|BATCH_IF_SSP|10-NOV-2025|26-JUL-2025|202547|CONSTRAINED|CONSTRAINED|CONSTRAINED_202547_2025-11-20_0656|BY_IF
100000002007|1004|01-JAN-1970|0|0|01-JAN-1970|0|0||01-JAN-1970|0|0|01-JAN-1970|0|BATCH_IF_SSP|10-NOV-2025|26-JUL-2025|202547|CONSTRAINED|CONSTRAINED|CONSTRAINED_202547_2025-11-20_0656|BY_IF
100000002011|1004|01-JAN-1970|0|0|01-JAN-1970|0|0||01-JAN-1970|0|0|01-JAN-1970|0|BATCH_IF_SSP|10-NOV-2025|26-JUL-2025|202547|CONSTRAINED|CONSTRAINED|CONSTRAINED_202547_2025-11-20_0656|BY_IF
100000002023|1004|01-JAN-1970|0|0|01-JAN-1970|0|0||01-JAN-1970|0|0|01-JAN-1970|0|BATCH_IF_SSP|10-NOV-2025|26-JUL-2025|202547|CONSTRAINED|CONSTRAINED|CONSTRAINED_202547_2025-11-20_0656|BY_IF
2000-291-742|1004|01-JAN-1970|0|0|01-JAN-1970|0|0||01-JAN-1970|0|0|01-JAN-1970|0|BATCH_IF_SSP|10-NOV-2025|26-JUL-2025|202547|CONSTRAINED|CONSTRAINED|CONSTRAINED_202547_2025-11-20_0656|BY_IF
2000-291-749|1004|01-JAN-1970|0|0|01-JAN-1970|0|0||01-JAN-1970|0|0|01-JAN-1970|0|BATCH_IF_SSP|10-NOV-2025|26-JUL-2025|202547|CONSTRAINED|CONSTRAINED|CONSTRAINED_202547_2025-11-20_0656|BY_IF
2000-293-736|1004|01-JAN-1970|0|0|01-JAN-1970|0|0||01-JAN-1970|0|0|01-JAN-1970|0|BATCH_IF_SSP|10-NOV-2025|26-JUL-2025|202547|CONSTRAINED|CONSTRAINED|CONSTRAINED_202547_2025-11-20_0656|BY_IF
2000-309-414|1004|01-JAN-1970|0|0|01-JAN-1970|0|0||01-JAN-1970|0|0|01-JAN-1970|0|BATCH_IF_SSP|10-NOV-2025|26-JUL-2025|202547|CONSTRAINED|CONSTRAINED|CONSTRAINED_202547_2025-11-20_0656|BY_IF
2000-309-877|1004|01-JAN-1970|0|0|01-JAN-1970|0|0||01-JAN-1970|0|0|01-JAN-1970|0|BATCH_IF_SSP|10-NOV-2025|26-JUL-2025|202547|CONSTRAINED|CONSTRAINED|CONSTRAINED_202547_2025-11-20_0656|BY_IF
2000-311-262|1004|01-JAN-1970|0|0|01-JAN-1970|0|0||01-JAN-1970|0|0|01-JAN-1970|0|BATCH_IF_SSP|10-NOV-2025|26-JUL-2025|202547|CONSTRAINED|CONSTRAINED|CONSTRAINED_202547_2025-11-20_0656|BY_IF
2000-314-350|1004|01-JAN-1970|0|0|01-JAN-1970|0|0||01-JAN-1970|0|0|01-JAN-1970|0|BATCH_IF_SSP|10-NOV-2025|26-JUL-2025|202547|CONSTRAINED|CONSTRAINED|CONSTRAINED_202547_2025-11-20_0656|BY_IF
2000-322-142|1004|01-JAN-1970|0|0|01-JAN-1970|0|0||01-JAN-1970|0|0|01-JAN-1970|0|BATCH_IF_SSP|10-NOV-2025|26-JUL-2025|202547|CONSTRAINED|CONSTRAINED|CONSTRAINED_202547_2025-11-20_0656|BY_IF
2000-322-146|1004|01-JAN-1970|0|0|01-JAN-1970|0|0||01-JAN-1970|0|0|01-JAN-1970|0|BATCH_IF_SSP|10-NOV-2025|26-JUL-2025|202547|CONSTRAINED|CONSTRAINED|CONSTRAINED_202547_2025-11-20_0656|BY_IF
2001-000-001|1004|01-JAN-1970|0|0|01-JAN-1970|0|0||01-JAN-1970|0|0|01-JAN-1970|0|BATCH_IF_SSP|10-NOV-2025|26-JUL-2025|202547|CONSTRAINED|CONSTRAINED|CONSTRAINED_202547_2025-11-20_0656|BY_IF
2001-001-001|1004|01-JAN-1970|0|0|01-JAN-1970|0|0||01-JAN-1970|0|0|01-JAN-1970|0|BATCH_IF_SSP|10-NOV-2025|26-JUL-2025|202547|CONSTRAINED|CONSTRAINED|CONSTRAINED_202547_2025-11-20_0656|BY_IF
A95538-012|1004|01-JAN-1970|0|0|01-JAN-1970|0|0||01-JAN-1970|0|0|01-JAN-1970|0|BATCH_IF_SSP|10-NOV-2025|26-JUL-2025|202547|CONSTRAINED|CONSTRAINED|CONSTRAINED_202547_2025-11-20_0656|BY_IF
N41399-001|1004|01-JAN-1970|0|0|01-JAN-1970|0|0||01-JAN-1970|0|0|01-JAN-1970|0|BATCH_IF_SSP|10-NOV-2025|26-JUL-2025|202547|CONSTRAINED|CONSTRAINED|CONSTRAINED_202547_2025-11-20_0656|BY_IF
N44236-002|1004|01-JAN-1970|0|0|01-JAN-1970|0|0||01-JAN-1970|0|0|01-JAN-1970|0|BATCH_IF_SSP|10-NOV-2025|26-JUL-2025|202547|CONSTRAINED|CONSTRAINED|CONSTRAINED_202547_2025-11-20_0656|BY_IF
N51852-001|1004|01-JAN-1970|0|0|01-JAN-1970|0|0||01-JAN-1970|0|0|01-JAN-1970|0|BATCH_IF_SSP|10-NOV-2025|26-JUL-2025|202547|CONSTRAINED|CONSTRAINED|CONSTRAINED_202547_2025-11-20_0656|BY_IF
100000002003|1017|01-JAN-1970|0|0|01-JAN-1970|0|0||01-JAN-1970|0|0|01-JAN-1970|0|BATCH_IF_SSP|10-NOV-2025|26-JUL-2025|202547|CONSTRAINED|CONSTRAINED|CONSTRAINED_202547_2025-11-20_0656|BY_IF
100000002004|1017|01-JAN-1970|0|0|01-JAN-1970|0|0||01-JAN-1970|0|0|01-JAN-1970|0|BATCH_IF_SSP|10-NOV-2025|26-JUL-2025|202547|CONSTRAINED|CONSTRAINED|CONSTRAINED_202547_2025-11-20_0656|BY_IF
100000002005|1017|01-JAN-1970|0|0|01-JAN-1970|0|0||01-JAN-1970|0|0|01-JAN-1970|0|BATCH_IF_SSP|10-NOV-2025|26-JUL-2025|202547|CONSTRAINED|CONSTRAINED|CONSTRAINED_202547_2025-11-20_0656|BY_IF
100000002006|1017|01-JAN-1970|0|0|01-JAN-1970|0|0||01-JAN-1970|0|0|01-JAN-1970|0|BATCH_IF_SSP|10-NOV-2025|26-JUL-2025|202547|CONSTRAINED|CONSTRAINED|CONSTRAINED_202547_2025-11-20_0656|BY_IF
100000002012|1017|01-JAN-1970|0|0|01-JAN-1970|0|0||01-JAN-1970|0|0|01-JAN-1970|0|BATCH_IF_SSP|10-NOV-2025|26-JUL-2025|202547|CONSTRAINED|CONSTRAINED|CONSTRAINED_202547_2025-11-20_0656|BY_IF
100000002013|1017|01-JAN-1970|0|0|01-JAN-1970|0|0||01-JAN-1970|0|0|01-JAN-1970|0|BATCH_IF_SSP|10-NOV-2025|26-JUL-2025|202547|CONSTRAINED|CONSTRAINED|CONSTRAINED_202547_2025-11-20_0656|BY_IF
2000-293-719|1017|01-JAN-1970|0|0|01-JAN-1970|0|0||01-JAN-1970|0|0|01-JAN-1970|0|BATCH_IF_SSP|10-NOV-2025|26-JUL-2025|202547|CONSTRAINED|CONSTRAINED|CONSTRAINED_202547_2025-11-20_0656|BY_IF
2000-293-724|1017|01-JAN-1970|0|0|01-JAN-1970|0|0||01-JAN-1970|0|0|01-JAN-1970|0|BATCH_IF_SSP|10-NOV-2025|26-JUL-2025|202547|CONSTRAINED|CONSTRAINED|CONSTRAINED_202547_2025-11-20_0656|BY_IF
100000000008|1006|01-JAN-1970|0|0|01-JAN-1970|0|0||01-JAN-1970|0|0|01-JAN-1970|0|BATCH_IF_SSP|10-NOV-2025|26-JUL-2025|202547|CONSTRAINED|CONSTRAINED|CONSTRAINED_202547_2025-11-20_0656|BY_IF
100000000009|1006|01-JAN-1970|0|0|01-JAN-1970|0|0||01-JAN-1970|0|0|01-JAN-1970|0|BATCH_IF_SSP|10-NOV-2025|26-JUL-2025|202547|CONSTRAINED|CONSTRAINED|CONSTRAINED_202547_2025-11-20_0656|BY_IF
100000000026|1006|01-JAN-1970|0|0|01-JAN-1970|0|0||01-JAN-1970|0|0|01-JAN-1970|0|BATCH_IF_SSP|10-NOV-2025|26-JUL-2025|202547|CONSTRAINED|CONSTRAINED|CONSTRAINED_202547_2025-11-20_0656|BY_IF
100000000027|1006|01-JAN-1970|0|0|01-JAN-1970|0|0||01-JAN-1970|0|0|01-JAN-1970|0|BATCH_IF_SSP|10-NOV-2025|26-JUL-2025|202547|CONSTRAINED|CONSTRAINED|CONSTRAINED_202547_2025-11-20_0656|BY_IF
100000000028|1006|01-JAN-1970|0|0|01-JAN-1970|0|0||01-JAN-1970|0|0|01-JAN-1970|0|BATCH_IF_SSP|10-NOV-2025|26-JUL-2025|202547|CONSTRAINED|CONSTRAINED|CONSTRAINED_202547_2025-11-20_0656|BY_IF
100000000029|1006|01-JAN-1970|0|0|01-JAN-1970|0|0||01-JAN-1970|0|0|01-JAN-1970|0|BATCH_IF_SSP|10-NOV-2025|26-JUL-2025|202547|CONSTRAINED|CONSTRAINED|CONSTRAINED_202547_2025-11-20_0656|BY_IF
100000000030|1006|01-JAN-1970|0|0|01-JAN-1970|0|0||01-JAN-1970|0|0|01-JAN-1970|0|BATCH_IF_SSP|10-NOV-2025|26-JUL-2025|202547|CONSTRAINED|CONSTRAINED|CONSTRAINED_202547_2025-11-20_0656|BY_IF
100000000031|1006|01-JAN-1970|0|0|01-JAN-1970|0|0||01-JAN-1970|0|0|01-JAN-1970|0|BATCH_IF_SSP|10-NOV-2025|26-JUL-2025|202547|CONSTRAINED|CONSTRAINED|CONSTRAINED_202547_2025-11-20_0656|BY_IF
100000000032|1006|01-JAN-1970|0|0|01-JAN-1970|0|0||01-JAN-1970|0|0|01-JAN-1970|0|BATCH_IF_SSP|10-NOV-2025|26-JUL-2025|202547|CONSTRAINED|CONSTRAINED|CONSTRAINED_202547_2025-11-20_0656|BY_IF
100000000033|1006|01-JAN-1970|0|0|01-JAN-1970|0|0||01-JAN-1970|0|0|01-JAN-1970|0|BATCH_IF_SSP|10-NOV-2025|26-JUL-2025|202547|CONSTRAINED|CONSTRAINED|CONSTRAINED_202547_2025-11-20_0656|BY_IF
100000000034|1006|01-JAN-1970|0|0|01-JAN-1970|0|0||01-JAN-1970|0|0|01-JAN-1970|0|BATCH_IF_SSP|10-NOV-2025|26-JUL-2025|202547|CONSTRAINED|CONSTRAINED|CONSTRAINED_202547_2025-11-20_0656|BY_IF
100000000101|1006|01-JAN-1970|0|0|01-JAN-1970|0|0||01-JAN-1970|0|0|01-JAN-1970|0|BATCH_IF_SSP|10-NOV-2025|26-JUL-2025|202547|CONSTRAINED|CONSTRAINED|CONSTRAINED_202547_2025-11-20_0656|BY_IF
100000000102|1006|01-JAN-1970|0|0|01-JAN-1970|0|0||01-JAN-1970|0|0|01-JAN-1970|0|BATCH_IF_SSP|10-NOV-2025|26-JUL-2025|202547|CONSTRAINED|CONSTRAINED|CONSTRAINED_202547_2025-11-20_0656|BY_IF
100000000103|1006|01-JAN-1970|0|0|01-JAN-1970|0|0||01-JAN-1970|0|0|01-JAN-1970|0|BATCH_IF_SSP|10-NOV-2025|26-JUL-2025|202547|CONSTRAINED|CONSTRAINED|CONSTRAINED_202547_2025-11-20_0656|BY_IF
100000000110|1006|01-JAN-1970|0|0|01-JAN-1970|0|0||01-JAN-1970|0|0|01-JAN-1970|0|BATCH_IF_SSP|10-NOV-2025|26-JUL-2025|202547|CONSTRAINED|CONSTRAINED|CONSTRAINED_202547_2025-11-20_0656|BY_IF
100000000111|1006|01-JAN-1970|0|0|01-JAN-1970|0|0||01-JAN-1970|0|0|01-JAN-1970|0|BATCH_IF_SSP|10-NOV-2025|26-JUL-2025|202547|CONSTRAINED|CONSTRAINED|CONSTRAINED_202547_2025-11-20_0656|BY_IF
100000000112|1006|01-JAN-1970|0|0|01-JAN-1970|0|0||01-JAN-1970|0|0|01-JAN-1970|0|BATCH_IF_SSP|10-NOV-2025|26-JUL-2025|202547|CONSTRAINED|CONSTRAINED|CONSTRAINED_202547_2025-11-20_0656|BY_IF
100000000113|1006|01-JAN-1970|0|0|01-JAN-1970|0|0||01-JAN-1970|0|0|01-JAN-1970|0|BATCH_IF_SSP|10-NOV-2025|26-JUL-2025|202547|CONSTRAINED|CONSTRAINED|CONSTRAINED_202547_2025-11-20_0656|BY_IF
100000001002|1006|01-JAN-1970|0|0|01-JAN-1970|0|0||01-JAN-1970|0|0|01-JAN-1970|0|BATCH_IF_SSP|10-NOV-2025|26-JUL-2025|202547|CONSTRAINED|CONSTRAINED|CONSTRAINED_202547_2025-11-20_0656|BY_IF
100000001003|1006|01-JAN-1970|0|0|01-JAN-1970|0|0||01-JAN-1970|0|0|01-JAN-1970|0|BATCH_IF_SSP|10-NOV-2025|26-JUL-2025|202547|CONSTRAINED|CONSTRAINED|CONSTRAINED_202547_2025-11-20_0656|BY_IF
100000002008|1006|01-JAN-1970|0|0|01-JAN-1970|0|0||01-JAN-1970|0|0|01-JAN-1970|0|BATCH_IF_SSP|10-NOV-2025|26-JUL-2025|202547|CONSTRAINED|CONSTRAINED|CONSTRAINED_202547_2025-11-20_0656|BY_IF
100000002009|1006|01-JAN-1970|0|0|01-JAN-1970|0|0||01-JAN-1970|0|0|01-JAN-1970|0|BATCH_IF_SSP|10-NOV-2025|26-JUL-2025|202547|CONSTRAINED|CONSTRAINED|CONSTRAINED_202547_2025-11-20_0656|BY_IF
100000002010|1006|01-JAN-1970|0|0|01-JAN-1970|0|0||01-JAN-1970|0|0|01-JAN-1970|0|BATCH_IF_SSP|10-NOV-2025|26-JUL-2025|202547|CONSTRAINED|CONSTRAINED|CONSTRAINED_202547_2025-11-20_0656|BY_IF
100000002013|1006|01-JAN-1970|0|0|01-JAN-1970|0|0||01-JAN-1970|0|0|01-JAN-1970|0|BATCH_IF_SSP|10-NOV-2025|26-JUL-2025|202547|CONSTRAINED|CONSTRAINED|CONSTRAINED_202547_2025-11-20_0656|BY_IF
100000002014|1006|01-JAN-1970|0|0|01-JAN-1970|0|0||01-JAN-1970|0|0|01-JAN-1970|0|BATCH_IF_SSP|10-NOV-2025|26-JUL-2025|202547|CONSTRAINED|CONSTRAINED|CONSTRAINED_202547_2025-11-20_0656|BY_IF
100000002015|1006|01-JAN-1970|0|0|01-JAN-1970|0|0||01-JAN-1970|0|0|01-JAN-1970|0|BATCH_IF_SSP|10-NOV-2025|26-JUL-2025|202547|CONSTRAINED|CONSTRAINED|CONSTRAINED_202547_2025-11-20_0656|BY_IF
100000002016|1006|01-JAN-1970|0|0|01-JAN-1970|0|0||01-JAN-1970|0|0|01-JAN-1970|0|BATCH_IF_SSP|10-NOV-2025|26-JUL-2025|202547|CONSTRAINED|CONSTRAINED|CONSTRAINED_202547_2025-11-20_0656|BY_IF
2000-001-049|1006|01-JAN-1970|0|0|01-JAN-1970|0|0||01-JAN-1970|0|0|01-JAN-1970|0|BATCH_IF_SSP|10-NOV-2025|26-JUL-2025|202547|CONSTRAINED|CONSTRAINED|CONSTRAINED_202547_2025-11-20_0656|BY_IF
2000-001-050|1006|01-JAN-1970|0|0|01-JAN-1970|0|0||01-JAN-1970|0|0|01-JAN-1970|0|BATCH_IF_SSP|10-NOV-2025|26-JUL-2025|202547|CONSTRAINED|CONSTRAINED|CONSTRAINED_202547_2025-11-20_0656|BY_IF
2000-280-868|1006|01-JAN-1970|0|0|01-JAN-1970|0|0||01-JAN-1970|0|0|01-JAN-1970|0|BATCH_IF_SSP|10-NOV-2025|26-JUL-2025|202547|CONSTRAINED|CONSTRAINED|CONSTRAINED_202547_2025-11-20_0656|BY_IF
2000-280-869|1006|01-JAN-1970|0|0|01-JAN-1970|0|0||01-JAN-1970|0|0|01-JAN-1970|0|BATCH_IF_SSP|10-NOV-2025|26-JUL-2025|202547|CONSTRAINED|CONSTRAINED|CONSTRAINED_202547_2025-11-20_0656|BY_IF
2000-281-391|1006|01-JAN-1970|0|0|01-JAN-1970|0|0||01-JAN-1970|0|0|01-JAN-1970|0|BATCH_IF_SSP|10-NOV-2025|26-JUL-2025|202547|CONSTRAINED|CONSTRAINED|CONSTRAINED_202547_2025-11-20_0656|BY_IF
2000-281-396|1006|01-JAN-1970|0|0|01-JAN-1970|0|0||01-JAN-1970|0|0|01-JAN-1970|0|BATCH_IF_SSP|10-NOV-2025|26-JUL-2025|202547|CONSTRAINED|CONSTRAINED|CONSTRAINED_202547_2025-11-20_0656|BY_IF
2000-281-424|1006|01-JAN-1970|0|0|01-JAN-1970|0|0||01-JAN-1970|0|0|01-JAN-1970|0|BATCH_IF_SSP|10-NOV-2025|26-JUL-2025|202547|CONSTRAINED|CONSTRAINED|CONSTRAINED_202547_2025-11-20_0656|BY_IF
2000-281-427|1006|01-JAN-1970|0|0|01-JAN-1970|0|0||01-JAN-1970|0|0|01-JAN-1970|0|BATCH_IF_SSP|10-NOV-2025|26-JUL-2025|202547|CONSTRAINED|CONSTRAINED|CONSTRAINED_202547_2025-11-20_0656|BY_IF
2000-281-446|1006|01-JAN-1970|0|0|01-JAN-1970|0|0||01-JAN-1970|0|0|01-JAN-1970|0|BATCH_IF_SSP|10-NOV-2025|26-JUL-2025|202547|CONSTRAINED|CONSTRAINED|CONSTRAINED_202547_2025-11-20_0656|BY_IF
2000-281-452|1006|01-JAN-1970|0|0|01-JAN-1970|0|0||01-JAN-1970|0|0|01-JAN-1970|0|BATCH_IF_SSP|10-NOV-2025|26-JUL-2025|202547|CONSTRAINED|CONSTRAINED|CONSTRAINED_202547_2025-11-20_0656|BY_IF
2000-281-512|1006|01-JAN-1970|0|0|01-JAN-1970|0|0||01-JAN-1970|0|0|01-JAN-1970|0|BATCH_IF_SSP|10-NOV-2025|26-JUL-2025|202547|CONSTRAINED|CONSTRAINED|CONSTRAINED_202547_2025-11-20_0656|BY_IF
2000-281-514|1006|01-JAN-1970|0|0|01-JAN-1970|0|0||01-JAN-1970|0|0|01-JAN-1970|0|BATCH_IF_SSP|10-NOV-2025|26-JUL-2025|202547|CONSTRAINED|CONSTRAINED|CONSTRAINED_202547_2025-11-20_0656|BY_IF
2000-285-609|1006|01-JAN-1970|0|0|01-JAN-1970|0|0||01-JAN-1970|0|0|01-JAN-1970|0|BATCH_IF_SSP|10-NOV-2025|26-JUL-2025|202547|CONSTRAINED|CONSTRAINED|CONSTRAINED_202547_2025-11-20_0656|BY_IF
2000-285-610|1006|01-JAN-1970|0|0|01-JAN-1970|0|0||01-JAN-1970|0|0|01-JAN-1970|0|BATCH_IF_SSP|10-NOV-2025|26-JUL-2025|202547|CONSTRAINED|CONSTRAINED|CONSTRAINED_202547_2025-11-20_0656|BY_IF
2000-285-677|1006|01-JAN-1970|0|0|01-JAN-1970|0|0||01-JAN-1970|0|0|01-JAN-1970|0|BATCH_IF_SSP|10-NOV-2025|26-JUL-2025|202547|CONSTRAINED|CONSTRAINED|CONSTRAINED_202547_2025-11-20_0656|BY_IF
2000-285-678|1006|01-JAN-1970|0|0|01-JAN-1970|0|0||01-JAN-1970|0|0|01-JAN-1970|0|BATCH_IF_SSP|10-NOV-2025|26-JUL-2025|202547|CONSTRAINED|CONSTRAINED|CONSTRAINED_202547_2025-11-20_0656|BY_IF
2000-288-661|1006|01-JAN-1970|0|0|01-JAN-1970|0|0||01-JAN-1970|0|0|01-JAN-1970|0|BATCH_IF_SSP|10-NOV-2025|26-JUL-2025|202547|CONSTRAINED|CONSTRAINED|CONSTRAINED_202547_2025-11-20_0656|BY_IF
2000-288-665|1006|01-JAN-1970|0|0|01-JAN-1970|0|0||01-JAN-1970|0|0|01-JAN-1970|0|BATCH_IF_SSP|10-NOV-2025|26-JUL-2025|202547|CONSTRAINED|CONSTRAINED|CONSTRAINED_202547_2025-11-20_0656|BY_IF
2000-288-667|1006|01-JAN-1970|0|0|01-JAN-1970|0|0||01-JAN-1970|0|0|01-JAN-1970|0|BATCH_IF_SSP|10-NOV-2025|26-JUL-2025|202547|CONSTRAINED|CONSTRAINED|CONSTRAINED_202547_2025-11-20_0656|BY_IF
2000-288-671|1006|01-JAN-1970|0|0|01-JAN-1970|0|0||01-JAN-1970|0|0|01-JAN-1970|0|BATCH_IF_SSP|10-NOV-2025|26-JUL-2025|202547|CONSTRAINED|CONSTRAINED|CONSTRAINED_202547_2025-11-20_0656|BY_IF
2000-288-677|1006|01-JAN-1970|0|0|01-JAN-1970|0|0||01-JAN-1970|0|0|01-JAN-1970|0|BATCH_IF_SSP|10-NOV-2025|26-JUL-2025|202547|CONSTRAINED|CONSTRAINED|CONSTRAINED_202547_2025-11-20_0656|BY_IF
2000-293-667|1006|01-JAN-1970|0|0|01-JAN-1970|0|0||01-JAN-1970|0|0|01-JAN-1970|0|BATCH_IF_SSP|10-NOV-2025|26-JUL-2025|202547|CONSTRAINED|CONSTRAINED|CONSTRAINED_202547_2025-11-20_0656|BY_IF
2000-293-669|1006|01-JAN-1970|0|0|01-JAN-1970|0|0||01-JAN-1970|0|0|01-JAN-1970|0|BATCH_IF_SSP|10-NOV-2025|26-JUL-2025|202547|CONSTRAINED|CONSTRAINED|CONSTRAINED_202547_2025-11-20_0656|BY_IF
2000-293-673|1006|01-JAN-1970|0|0|01-JAN-1970|0|0||01-JAN-1970|0|0|01-JAN-1970|0|BATCH_IF_SSP|10-NOV-2025|26-JUL-2025|202547|CONSTRAINED|CONSTRAINED|CONSTRAINED_202547_2025-11-20_0656|BY_IF
2000-293-678|1006|01-JAN-1970|0|0|01-JAN-1970|0|0||01-JAN-1970|0|0|01-JAN-1970|0|BATCH_IF_SSP|10-NOV-2025|26-JUL-2025|202547|CONSTRAINED|CONSTRAINED|CONSTRAINED_202547_2025-11-20_0656|BY_IF
2000-295-273|1006|01-JAN-1970|0|0|01-JAN-1970|0|0||01-JAN-1970|0|0|01-JAN-1970|0|BATCH_IF_SSP|10-NOV-2025|26-JUL-2025|202547|CONSTRAINED|CONSTRAINED|CONSTRAINED_202547_2025-11-20_0656|BY_IF
2000-301-518|1006|01-JAN-1970|0|0|01-JAN-1970|0|0||01-JAN-1970|0|0|01-JAN-1970|0|BATCH_IF_SSP|10-NOV-2025|26-JUL-2025|202547|CONSTRAINED|CONSTRAINED|CONSTRAINED_202547_2025-11-20_0656|BY_IF
2000-309-414|1006|01-JAN-1970|0|0|01-JAN-1970|0|0||01-JAN-1970|0|0|01-JAN-1970|0|BATCH_IF_SSP|10-NOV-2025|26-JUL-2025|202547|CONSTRAINED|CONSTRAINED|CONSTRAINED_202547_2025-11-20_0656|BY_IF
2000-309-415|1006|01-JAN-1970|0|0|01-JAN-1970|0|0||01-JAN-1970|0|0|01-JAN-1970|0|BATCH_IF_SSP|10-NOV-2025|26-JUL-2025|202547|CONSTRAINED|CONSTRAINED|CONSTRAINED_202547_2025-11-20_0656|BY_IF
2000-309-416|1006|01-JAN-1970|0|0|01-JAN-1970|0|0||01-JAN-1970|0|0|01-JAN-1970|0|BATCH_IF_SSP|10-NOV-2025|26-JUL-2025|202547|CONSTRAINED|CONSTRAINED|CONSTRAINED_202547_2025-11-20_0656|BY_IF
2000-309-877|1006|01-JAN-1970|0|0|01-JAN-1970|0|0||01-JAN-1970|0|0|01-JAN-1970|0|BATCH_IF_SSP|10-NOV-2025|26-JUL-2025|202547|CONSTRAINED|CONSTRAINED|CONSTRAINED_202547_2025-11-20_0656|BY_IF
2000-309-879|1006|01-JAN-1970|0|0|01-JAN-1970|0|0||01-JAN-1970|0|0|01-JAN-1970|0|BATCH_IF_SSP|10-NOV-2025|26-JUL-2025|202547|CONSTRAINED|CONSTRAINED|CONSTRAINED_202547_2025-11-20_0656|BY_IF
2000-313-096|1006|01-JAN-1970|0|0|01-JAN-1970|0|0||01-JAN-1970|0|0|01-JAN-1970|0|BATCH_IF_SSP|10-NOV-2025|26-JUL-2025|202547|CONSTRAINED|CONSTRAINED|CONSTRAINED_202547_2025-11-20_0656|BY_IF
2000-314-191|1006|01-JAN-1970|0|0|01-JAN-1970|0|0||01-JAN-1970|0|0|01-JAN-1970|0|BATCH_IF_SSP|10-NOV-2025|26-JUL-2025|202547|CONSTRAINED|CONSTRAINED|CONSTRAINED_202547_2025-11-20_0656|BY_IF
2000-314-192|1006|01-JAN-1970|0|0|01-JAN-1970|0|0||01-JAN-1970|0|0|01-JAN-1970|0|BATCH_IF_SSP|10-NOV-2025|26-JUL-2025|202547|CONSTRAINED|CONSTRAINED|CONSTRAINED_202547_2025-11-20_0656|BY_IF
2000-314-196|1006|01-JAN-1970|0|0|01-JAN-1970|0|0||01-JAN-1970|0|0|01-JAN-1970|0|BATCH_IF_SSP|10-NOV-2025|26-JUL-2025|202547|CONSTRAINED|CONSTRAINED|CONSTRAINED_202547_2025-11-20_0656|BY_IF
2000-314-348|1006|01-JAN-1970|0|0|01-JAN-1970|0|0||01-JAN-1970|0|0|01-JAN-1970|0|BATCH_IF_SSP|10-NOV-2025|26-JUL-2025|202547|CONSTRAINED|CONSTRAINED|CONSTRAINED_202547_2025-11-20_0656|BY_IF
2000-314-350|1006|01-JAN-1970|0|0|01-JAN-1970|0|0||01-JAN-1970|0|0|01-JAN-1970|0|BATCH_IF_SSP|10-NOV-2025|26-JUL-2025|202547|CONSTRAINED|CONSTRAINED|CONSTRAINED_202547_2025-11-20_0656|BY_IF
2001-000-002|1006|01-JAN-1970|0|0|01-JAN-1970|0|0||01-JAN-1970|0|0|01-JAN-1970|0|BATCH_IF_SSP|10-NOV-2025|26-JUL-2025|202547|CONSTRAINED|CONSTRAINED|CONSTRAINED_202547_2025-11-20_0656|BY_IF
2001-000-003|1006|01-JAN-1970|0|0|01-JAN-1970|0|0||01-JAN-1970|0|0|01-JAN-1970|0|BATCH_IF_SSP|10-NOV-2025|26-JUL-2025|202547|CONSTRAINED|CONSTRAINED|CONSTRAINED_202547_2025-11-20_0656|BY_IF
2001-000-004|1006|01-JAN-1970|0|0|01-JAN-1970|0|0||01-JAN-1970|0|0|01-JAN-1970|0|BATCH_IF_SSP|10-NOV-2025|26-JUL-2025|202547|CONSTRAINED|CONSTRAINED|CONSTRAINED_202547_2025-11-20_0656|BY_IF
2001-001-002|1006|01-JAN-1970|0|0|01-JAN-1970|0|0||01-JAN-1970|0|0|01-JAN-1970|0|BATCH_IF_SSP|10-NOV-2025|26-JUL-2025|202547|CONSTRAINED|CONSTRAINED|CONSTRAINED_202547_2025-11-20_0656|BY_IF
2001-001-003|1006|01-JAN-1970|0|0|01-JAN-1970|0|0||01-JAN-1970|0|0|01-JAN-1970|0|BATCH_IF_SSP|10-NOV-2025|26-JUL-2025|202547|CONSTRAINED|CONSTRAINED|CONSTRAINED_202547_2025-11-20_0656|BY_IF
821-3110-59|1006|01-JAN-1970|0|0|01-JAN-1970|0|0||01-JAN-1970|0|0|01-JAN-1970|0|BATCH_IF_SSP|10-NOV-2025|26-JUL-2025|202547|CONSTRAINED|CONSTRAINED|CONSTRAINED_202547_2025-11-20_0656|BY_IF
823-1005-81|1006|01-JAN-1970|0|0|01-JAN-1970|0|0||01-JAN-1970|0|0|01-JAN-1970|0|BATCH_IF_SSP|10-NOV-2025|26-JUL-2025|202547|CONSTRAINED|CONSTRAINED|CONSTRAINED_202547_2025-11-20_0656|BY_IF
823-3030-08|1006|01-JAN-1970|0|0|01-JAN-1970|0|0||01-JAN-1970|0|0|01-JAN-1970|0|BATCH_IF_SSP|10-NOV-2025|26-JUL-2025|202547|CONSTRAINED|CONSTRAINED|CONSTRAINED_202547_2025-11-20_0656|BY_IF
823-3072-20|1006|01-JAN-1970|0|0|01-JAN-1970|0|0||01-JAN-1970|0|0|01-JAN-1970|0|BATCH_IF_SSP|10-NOV-2025|26-JUL-2025|202547|CONSTRAINED|CONSTRAINED|CONSTRAINED_202547_2025-11-20_0656|BY_IF
823-3072-21|1006|01-JAN-1970|0|0|01-JAN-1970|0|0||01-JAN-1970|0|0|01-JAN-1970|0|BATCH_IF_SSP|10-NOV-2025|26-JUL-2025|202547|CONSTRAINED|CONSTRAINED|CONSTRAINED_202547_2025-11-20_0656|BY_IF
823-3074-82|1006|01-JAN-1970|0|0|01-JAN-1970|0|0||01-JAN-1970|0|0|01-JAN-1970|0|BATCH_IF_SSP|10-NOV-2025|26-JUL-2025|202547|CONSTRAINED|CONSTRAINED|CONSTRAINED_202547_2025-11-20_0656|BY_IF
N54418-001|1006|01-JAN-1970|0|0|01-JAN-1970|0|0||01-JAN-1970|0|0|01-JAN-1970|0|BATCH_IF_SSP|10-NOV-2025|26-JUL-2025|202547|CONSTRAINED|CONSTRAINED|CONSTRAINED_202547_2025-11-20_0656|BY_IF
100000000008|1003|01-JAN-1970|0|0|01-JAN-1970|0|0||01-JAN-1970|0|0|01-JAN-1970|0|BATCH_IF_SSP|10-NOV-2025|26-JUL-2025|202547|CONSTRAINED|CONSTRAINED|CONSTRAINED_202547_2025-11-20_0656|BY_IF
100000000009|1003|01-JAN-1970|0|0|01-JAN-1970|0|0||01-JAN-1970|0|0|01-JAN-1970|0|BATCH_IF_SSP|10-NOV-2025|26-JUL-2025|202547|CONSTRAINED|CONSTRAINED|CONSTRAINED_202547_2025-11-20_0656|BY_IF
100000000026|1003|01-JAN-1970|0|0|01-JAN-1970|0|0||01-JAN-1970|0|0|01-JAN-1970|0|BATCH_IF_SSP|10-NOV-2025|26-JUL-2025|202547|CONSTRAINED|CONSTRAINED|CONSTRAINED_202547_2025-11-20_0656|BY_IF
100000000027|1003|01-JAN-1970|0|0|01-JAN-1970|0|0||01-JAN-1970|0|0|01-JAN-1970|0|BATCH_IF_SSP|10-NOV-2025|26-JUL-2025|202547|CONSTRAINED|CONSTRAINED|CONSTRAINED_202547_2025-11-20_0656|BY_IF
100000000028|1003|01-JAN-1970|0|0|01-JAN-1970|0|0||01-JAN-1970|0|0|01-JAN-1970|0|BATCH_IF_SSP|10-NOV-2025|26-JUL-2025|202547|CONSTRAINED|CONSTRAINED|CONSTRAINED_202547_2025-11-20_0656|BY_IF
100000000029|1003|01-JAN-1970|0|0|01-JAN-1970|0|0||01-JAN-1970|0|0|01-JAN-1970|0|BATCH_IF_SSP|10-NOV-2025|26-JUL-2025|202547|CONSTRAINED|CONSTRAINED|CONSTRAINED_202547_2025-11-20_0656|BY_IF
100000000030|1003|01-JAN-1970|0|0|01-JAN-1970|0|0||01-JAN-1970|0|0|01-JAN-1970|0|BATCH_IF_SSP|10-NOV-2025|26-JUL-2025|202547|CONSTRAINED|CONSTRAINED|CONSTRAINED_202547_2025-11-20_0656|BY_IF
100000000031|1003|01-JAN-1970|0|0|01-JAN-1970|0|0||01-JAN-1970|0|0|01-JAN-1970|0|BATCH_IF_SSP|10-NOV-2025|26-JUL-2025|202547|CONSTRAINED|CONSTRAINED|CONSTRAINED_202547_2025-11-20_0656|BY_IF
100000000032|1003|01-JAN-1970|0|0|01-JAN-1970|0|0||01-JAN-1970|0|0|01-JAN-1970|0|BATCH_IF_SSP|10-NOV-2025|26-JUL-2025|202547|CONSTRAINED|CONSTRAINED|CONSTRAINED_202547_2025-11-20_0656|BY_IF
100000000033|1003|01-JAN-1970|0|0|01-JAN-1970|0|0||01-JAN-1970|0|0|01-JAN-1970|0|BATCH_IF_SSP|10-NOV-2025|26-JUL-2025|202547|CONSTRAINED|CONSTRAINED|CONSTRAINED_202547_2025-11-20_0656|BY_IF
100000000034|1003|01-JAN-1970|0|0|01-JAN-1970|0|0||01-JAN-1970|0|0|01-JAN-1970|0|BATCH_IF_SSP|10-NOV-2025|26-JUL-2025|202547|CONSTRAINED|CONSTRAINED|CONSTRAINED_202547_2025-11-20_0656|BY_IF
100000000110|1003|01-JAN-1970|0|0|01-JAN-1970|0|0||01-JAN-1970|0|0|01-JAN-1970|0|BATCH_IF_SSP|10-NOV-2025|26-JUL-2025|202547|CONSTRAINED|CONSTRAINED|CONSTRAINED_202547_2025-11-20_0656|BY_IF
100000000111|1003|01-JAN-1970|0|0|01-JAN-1970|0|0||01-JAN-1970|0|0|01-JAN-1970|0|BATCH_IF_SSP|10-NOV-2025|26-JUL-2025|202547|CONSTRAINED|CONSTRAINED|CONSTRAINED_202547_2025-11-20_0656|BY_IF
100000000112|1003|01-JAN-1970|0|0|01-JAN-1970|0|0||01-JAN-1970|0|0|01-JAN-1970|0|BATCH_IF_SSP|10-NOV-2025|26-JUL-2025|202547|CONSTRAINED|CONSTRAINED|CONSTRAINED_202547_2025-11-20_0656|BY_IF
100000000113|1003|01-JAN-1970|0|0|01-JAN-1970|0|0||01-JAN-1970|0|0|01-JAN-1970|0|BATCH_IF_SSP|10-NOV-2025|26-JUL-2025|202547|CONSTRAINED|CONSTRAINED|CONSTRAINED_202547_2025-11-20_0656|BY_IF
100000002003|1003|01-JAN-1970|0|0|01-JAN-1970|0|0||01-JAN-1970|0|0|01-JAN-1970|0|BATCH_IF_SSP|10-NOV-2025|26-JUL-2025|202547|CONSTRAINED|CONSTRAINED|CONSTRAINED_202547_2025-11-20_0656|BY_IF
100000002004|1003|01-JAN-1970|0|0|01-JAN-1970|0|0||01-JAN-1970|0|0|01-JAN-1970|0|BATCH_IF_SSP|10-NOV-2025|26-JUL-2025|202547|CONSTRAINED|CONSTRAINED|CONSTRAINED_202547_2025-11-20_0656|BY_IF
100000002005|1003|01-JAN-1970|0|0|01-JAN-1970|0|0||01-JAN-1970|0|0|01-JAN-1970|0|BATCH_IF_SSP|10-NOV-2025|26-JUL-2025|202547|CONSTRAINED|CONSTRAINED|CONSTRAINED_202547_2025-11-20_0656|BY_IF
100000002006|1003|01-JAN-1970|0|0|01-JAN-1970|0|0||01-JAN-1970|0|0|01-JAN-1970|0|BATCH_IF_SSP|10-NOV-2025|26-JUL-2025|202547|CONSTRAINED|CONSTRAINED|CONSTRAINED_202547_2025-11-20_0656|BY_IF
100000002013|1003|01-JAN-1970|0|0|01-JAN-1970|0|0||01-JAN-1970|0|0|01-JAN-1970|0|BATCH_IF_SSP|10-NOV-2025|26-JUL-2025|202547|CONSTRAINED|CONSTRAINED|CONSTRAINED_202547_2025-11-20_0656|BY_IF
2000-001-049|1003|01-JAN-1970|0|0|01-JAN-1970|0|0||01-JAN-1970|0|0|01-JAN-1970|0|BATCH_IF_SSP|10-NOV-2025|26-JUL-2025|202547|CONSTRAINED|CONSTRAINED|CONSTRAINED_202547_2025-11-20_0656|BY_IF
2000-001-050|1003|01-JAN-1970|0|0|01-JAN-1970|0|0||01-JAN-1970|0|0|01-JAN-1970|0|BATCH_IF_SSP|10-NOV-2025|26-JUL-2025|202547|CONSTRAINED|CONSTRAINED|CONSTRAINED_202547_2025-11-20_0656|BY_IF
2000-280-868|1003|01-JAN-1970|0|0|01-JAN-1970|0|0||01-JAN-1970|0|0|01-JAN-1970|0|BATCH_IF_SSP|10-NOV-2025|26-JUL-2025|202547|CONSTRAINED|CONSTRAINED|CONSTRAINED_202547_2025-11-20_0656|BY_IF
2000-280-869|1003|01-JAN-1970|0|0|01-JAN-1970|0|0||01-JAN-1970|0|0|01-JAN-1970|0|BATCH_IF_SSP|10-NOV-2025|26-JUL-2025|202547|CONSTRAINED|CONSTRAINED|CONSTRAINED_202547_2025-11-20_0656|BY_IF
2000-281-391|1003|01-JAN-1970|0|0|01-JAN-1970|0|0||01-JAN-1970|0|0|01-JAN-1970|0|BATCH_IF_SSP|10-NOV-2025|26-JUL-2025|202547|CONSTRAINED|CONSTRAINED|CONSTRAINED_202547_2025-11-20_0656|BY_IF
2000-281-396|1003|01-JAN-1970|0|0|01-JAN-1970|0|0||01-JAN-1970|0|0|01-JAN-1970|0|BATCH_IF_SSP|10-NOV-2025|26-JUL-2025|202547|CONSTRAINED|CONSTRAINED|CONSTRAINED_202547_2025-11-20_0656|BY_IF
2000-281-424|1003|01-JAN-1970|0|0|01-JAN-1970|0|0||01-JAN-1970|0|0|01-JAN-1970|0|BATCH_IF_SSP|10-NOV-2025|26-JUL-2025|202547|CONSTRAINED|CONSTRAINED|CONSTRAINED_202547_2025-11-20_0656|BY_IF
2000-281-427|1003|01-JAN-1970|0|0|01-JAN-1970|0|0||01-JAN-1970|0|0|01-JAN-1970|0|BATCH_IF_SSP|10-NOV-2025|26-JUL-2025|202547|CONSTRAINED|CONSTRAINED|CONSTRAINED_202547_2025-11-20_0656|BY_IF
2000-281-446|1003|01-JAN-1970|0|0|01-JAN-1970|0|0||01-JAN-1970|0|0|01-JAN-1970|0|BATCH_IF_SSP|10-NOV-2025|26-JUL-2025|202547|CONSTRAINED|CONSTRAINED|CONSTRAINED_202547_2025-11-20_0656|BY_IF
2000-281-452|1003|01-JAN-1970|0|0|01-JAN-1970|0|0||01-JAN-1970|0|0|01-JAN-1970|0|BATCH_IF_SSP|10-NOV-2025|26-JUL-2025|202547|CONSTRAINED|CONSTRAINED|CONSTRAINED_202547_2025-11-20_0656|BY_IF
2000-281-512|1003|01-JAN-1970|0|0|01-JAN-1970|0|0||01-JAN-1970|0|0|01-JAN-1970|0|BATCH_IF_SSP|10-NOV-2025|26-JUL-2025|202547|CONSTRAINED|CONSTRAINED|CONSTRAINED_202547_2025-11-20_0656|BY_IF
2000-281-514|1003|01-JAN-1970|0|0|01-JAN-1970|0|0||01-JAN-1970|0|0|01-JAN-1970|0|BATCH_IF_SSP|10-NOV-2025|26-JUL-2025|202547|CONSTRAINED|CONSTRAINED|CONSTRAINED_202547_2025-11-20_0656|BY_IF
2000-285-609|1003|01-JAN-1970|0|0|01-JAN-1970|0|0||01-JAN-1970|0|0|01-JAN-1970|0|BATCH_IF_SSP|10-NOV-2025|26-JUL-2025|202547|CONSTRAINED|CONSTRAINED|CONSTRAINED_202547_2025-11-20_0656|BY_IF
2000-285-677|1003|01-JAN-1970|0|0|01-JAN-1970|0|0||01-JAN-1970|0|0|01-JAN-1970|0|BATCH_IF_SSP|10-NOV-2025|26-JUL-2025|202547|CONSTRAINED|CONSTRAINED|CONSTRAINED_202547_2025-11-20_0656|BY_IF
2000-288-661|1003|01-JAN-1970|0|0|01-JAN-1970|0|0||01-JAN-1970|0|0|01-JAN-1970|0|BATCH_IF_SSP|10-NOV-2025|26-JUL-2025|202547|CONSTRAINED|CONSTRAINED|CONSTRAINED_202547_2025-11-20_0656|BY_IF
2000-288-665|1003|01-JAN-1970|0|0|01-JAN-1970|0|0||01-JAN-1970|0|0|01-JAN-1970|0|BATCH_IF_SSP|10-NOV-2025|26-JUL-2025|202547|CONSTRAINED|CONSTRAINED|CONSTRAINED_202547_2025-11-20_0656|BY_IF
2000-288-667|1003|01-JAN-1970|0|0|01-JAN-1970|0|0||01-JAN-1970|0|0|01-JAN-1970|0|BATCH_IF_SSP|10-NOV-2025|26-JUL-2025|202547|CONSTRAINED|CONSTRAINED|CONSTRAINED_202547_2025-11-20_0656|BY_IF
2000-288-671|1003|01-JAN-1970|0|0|01-JAN-1970|0|0||01-JAN-1970|0|0|01-JAN-1970|0|BATCH_IF_SSP|10-NOV-2025|26-JUL-2025|202547|CONSTRAINED|CONSTRAINED|CONSTRAINED_202547_2025-11-20_0656|BY_IF
2000-288-677|1003|01-JAN-1970|0|0|01-JAN-1970|0|0||01-JAN-1970|0|0|01-JAN-1970|0|BATCH_IF_SSP|10-NOV-2025|26-JUL-2025|202547|CONSTRAINED|CONSTRAINED|CONSTRAINED_202547_2025-11-20_0656|BY_IF
2000-293-719|1003|01-JAN-1970|0|0|01-JAN-1970|0|0||01-JAN-1970|0|0|01-JAN-1970|0|BATCH_IF_SSP|10-NOV-2025|26-JUL-2025|202547|CONSTRAINED|CONSTRAINED|CONSTRAINED_202547_2025-11-20_0656|BY_IF
2000-293-724|1003|01-JAN-1970|0|0|01-JAN-1970|0|0||01-JAN-1970|0|0|01-JAN-1970|0|BATCH_IF_SSP|10-NOV-2025|26-JUL-2025|202547|CONSTRAINED|CONSTRAINED|CONSTRAINED_202547_2025-11-20_0656|BY_IF
2000-295-273|1003|01-JAN-1970|0|0|01-JAN-1970|0|0||01-JAN-1970|0|0|01-JAN-1970|0|BATCH_IF_SSP|10-NOV-2025|26-JUL-2025|202547|CONSTRAINED|CONSTRAINED|CONSTRAINED_202547_2025-11-20_0656|BY_IF
821-3110-59|1003|01-JAN-1970|0|0|01-JAN-1970|0|0||01-JAN-1970|0|0|01-JAN-1970|0|BATCH_IF_SSP|10-NOV-2025|26-JUL-2025|202547|CONSTRAINED|CONSTRAINED|CONSTRAINED_202547_2025-11-20_0656|BY_IF
823-1005-81|1003|01-JAN-1970|0|0|01-JAN-1970|0|0||01-JAN-1970|0|0|01-JAN-1970|0|BATCH_IF_SSP|10-NOV-2025|26-JUL-2025|202547|CONSTRAINED|CONSTRAINED|CONSTRAINED_202547_2025-11-20_0656|BY_IF
823-3072-20|1003|01-JAN-1970|0|0|01-JAN-1970|0|0||01-JAN-1970|0|0|01-JAN-1970|0|BATCH_IF_SSP|10-NOV-2025|26-JUL-2025|202547|CONSTRAINED|CONSTRAINED|CONSTRAINED_202547_2025-11-20_0656|BY_IF
823-3072-21|1003|01-JAN-1970|0|0|01-JAN-1970|0|0||01-JAN-1970|0|0|01-JAN-1970|0|BATCH_IF_SSP|10-NOV-2025|26-JUL-2025|202547|CONSTRAINED|CONSTRAINED|CONSTRAINED_202547_2025-11-20_0656|BY_IF
A95538-012|VF_S|01-JAN-1970|0|0|01-JAN-1970|0|0||01-JAN-1970|0|0|01-JAN-1970|0|BATCH_IF_SSP|10-NOV-2025|26-JUL-2025|202547|CONSTRAINED|CONSTRAINED|CONSTRAINED_202547_2025-11-20_0656|BY_IF
DUMMY_IHS|VF_S|01-JAN-1970|0|0|01-JAN-1970|0|0||01-JAN-1970|0|0|01-JAN-1970|0|BATCH_IF_SSP|10-NOV-2025|26-JUL-2025|202547|CONSTRAINED|CONSTRAINED|CONSTRAINED_202547_2025-11-20_0656|BY_IF
N41399-001|VF_S|01-JAN-1970|0|0|01-JAN-1970|0|0||01-JAN-1970|0|0|01-JAN-1970|0|BATCH_IF_SSP|10-NOV-2025|26-JUL-2025|202547|CONSTRAINED|CONSTRAINED|CONSTRAINED_202547_2025-11-20_0656|BY_IF
N44236-002|VF_S|01-JAN-1970|0|0|01-JAN-1970|0|0||01-JAN-1970|0|0|01-JAN-1970|0|BATCH_IF_SSP|10-NOV-2025|26-JUL-2025|202547|CONSTRAINED|CONSTRAINED|CONSTRAINED_202547_2025-11-20_0656|BY_IF
N51852-001|VF_S|01-JAN-1970|0|0|01-JAN-1970|0|0||01-JAN-1970|0|0|01-JAN-1970|0|BATCH_IF_SSP|10-NOV-2025|26-JUL-2025|202547|CONSTRAINED|CONSTRAINED|CONSTRAINED_202547_2025-11-20_0656|BY_IF
N54418-001|VF_S|01-JAN-1970|0|0|01-JAN-1970|0|0||01-JAN-1970|0|0|01-JAN-1970|0|BATCH_IF_SSP|10-NOV-2025|26-JUL-2025|202547|CONSTRAINED|CONSTRAINED|CONSTRAINED_202547_2025-11-20_0656|BY_IF
N55628-004|VF_S|01-JAN-1970|0|0|01-JAN-1970|0|0||01-JAN-1970|0|0|01-JAN-1970|0|BATCH_IF_SSP|10-NOV-2025|26-JUL-2025|202547|CONSTRAINED|CONSTRAINED|CONSTRAINED_202547_2025-11-20_0656|BY_IF
100000000004|VF|01-JAN-1970|0|0|01-JAN-1970|0|0||01-JAN-1970|0|0|01-JAN-1970|0|BATCH_IF_SSP|10-NOV-2025|26-JUL-2025|202547|CONSTRAINED|CONSTRAINED|CONSTRAINED_202547_2025-11-20_0656|BY_IF
100000000005|VF|01-JAN-1970|0|0|01-JAN-1970|0|0||01-JAN-1970|0|0|01-JAN-1970|0|BATCH_IF_SSP|10-NOV-2025|26-JUL-2025|202547|CONSTRAINED|CONSTRAINED|CONSTRAINED_202547_2025-11-20_0656|BY_IF
100000000008|VF|01-JAN-1970|0|0|01-JAN-1970|0|0||01-JAN-1970|0|0|01-JAN-1970|0|BATCH_IF_SSP|10-NOV-2025|26-JUL-2025|202547|CONSTRAINED|CONSTRAINED|CONSTRAINED_202547_2025-11-20_0656|BY_IF
100000000009|VF|01-JAN-1970|0|0|01-JAN-1970|0|0||01-JAN-1970|0|0|01-JAN-1970|0|BATCH_IF_SSP|10-NOV-2025|26-JUL-2025|202547|CONSTRAINED|CONSTRAINED|CONSTRAINED_202547_2025-11-20_0656|BY_IF
100000000110|VF|01-JAN-1970|0|0|01-JAN-1970|0|0||01-JAN-1970|0|0|01-JAN-1970|0|BATCH_IF_SSP|10-NOV-2025|26-JUL-2025|202547|CONSTRAINED|CONSTRAINED|CONSTRAINED_202547_2025-11-20_0656|BY_IF
100000000111|VF|01-JAN-1970|0|0|01-JAN-1970|0|0||01-JAN-1970|0|0|01-JAN-1970|0|BATCH_IF_SSP|10-NOV-2025|26-JUL-2025|202547|CONSTRAINED|CONSTRAINED|CONSTRAINED_202547_2025-11-20_0656|BY_IF
100000000112|VF|01-JAN-1970|0|0|01-JAN-1970|0|0||01-JAN-1970|0|0|01-JAN-1970|0|BATCH_IF_SSP|10-NOV-2025|26-JUL-2025|202547|CONSTRAINED|CONSTRAINED|CONSTRAINED_202547_2025-11-20_0656|BY_IF
100000000113|VF|01-JAN-1970|0|0|01-JAN-1970|0|0||01-JAN-1970|0|0|01-JAN-1970|0|BATCH_IF_SSP|10-NOV-2025|26-JUL-2025|202547|CONSTRAINED|CONSTRAINED|CONSTRAINED_202547_2025-11-20_0656|BY_IF
100000002011|VF|01-JAN-1970|0|0|01-JAN-1970|0|0||01-JAN-1970|0|0|01-JAN-1970|0|BATCH_IF_SSP|10-NOV-2025|26-JUL-2025|202547|CONSTRAINED|CONSTRAINED|CONSTRAINED_202547_2025-11-20_0656|BY_IF
100000002012|VF|01-JAN-1970|0|0|01-JAN-1970|0|0||01-JAN-1970|0|0|01-JAN-1970|0|BATCH_IF_SSP|10-NOV-2025|26-JUL-2025|202547|CONSTRAINED|CONSTRAINED|CONSTRAINED_202547_2025-11-20_0656|BY_IF
100000002013|VF|01-JAN-1970|0|0|01-JAN-1970|0|0||01-JAN-1970|0|0|01-JAN-1970|0|BATCH_IF_SSP|10-NOV-2025|26-JUL-2025|202547|CONSTRAINED|CONSTRAINED|CONSTRAINED_202547_2025-11-20_0656|BY_IF
100000002014|VF|01-JAN-1970|0|0|01-JAN-1970|0|0||01-JAN-1970|0|0|01-JAN-1970|0|BATCH_IF_SSP|10-NOV-2025|26-JUL-2025|202547|CONSTRAINED|CONSTRAINED|CONSTRAINED_202547_2025-11-20_0656|BY_IF
100000002015|VF|01-JAN-1970|0|0|01-JAN-1970|0|0||01-JAN-1970|0|0|01-JAN-1970|0|BATCH_IF_SSP|10-NOV-2025|26-JUL-2025|202547|CONSTRAINED|CONSTRAINED|CONSTRAINED_202547_2025-11-20_0656|BY_IF
100000002016|VF|01-JAN-1970|0|0|01-JAN-1970|0|0||01-JAN-1970|0|0|01-JAN-1970|0|BATCH_IF_SSP|10-NOV-2025|26-JUL-2025|202547|CONSTRAINED|CONSTRAINED|CONSTRAINED_202547_2025-11-20_0656|BY_IF
2000-280-868|VF|01-JAN-1970|0|0|01-JAN-1970|0|0||01-JAN-1970|0|0|01-JAN-1970|0|BATCH_IF_SSP|10-NOV-2025|26-JUL-2025|202547|CONSTRAINED|CONSTRAINED|CONSTRAINED_202547_2025-11-20_0656|BY_IF
2000-285-610|VF|01-JAN-1970|0|0|01-JAN-1970|0|0||01-JAN-1970|0|0|01-JAN-1970|0|BATCH_IF_SSP|10-NOV-2025|26-JUL-2025|202547|CONSTRAINED|CONSTRAINED|CONSTRAINED_202547_2025-11-20_0656|BY_IF
2001-000-001|VF|01-JAN-1970|0|0|01-JAN-1970|0|0||01-JAN-1970|0|0|01-JAN-1970|0|BATCH_IF_SSP|10-NOV-2025|26-JUL-2025|202547|CONSTRAINED|CONSTRAINED|CONSTRAINED_202547_2025-11-20_0656|BY_IF
2001-001-001|VF|01-JAN-1970|0|0|01-JAN-1970|0|0||01-JAN-1970|0|0|01-JAN-1970|0|BATCH_IF_SSP|10-NOV-2025|26-JUL-2025|202547|CONSTRAINED|CONSTRAINED|CONSTRAINED_202547_2025-11-20_0656|BY_IF
821-3110-59|VF|01-JAN-1970|0|0|01-JAN-1970|0|0||01-JAN-1970|0|0|01-JAN-1970|0|BATCH_IF_SSP|10-NOV-2025|26-JUL-2025|202547|CONSTRAINED|CONSTRAINED|CONSTRAINED_202547_2025-11-20_0656|BY_IF
823-1005-81|VF|01-JAN-1970|0|0|01-JAN-1970|0|0||01-JAN-1970|0|0|01-JAN-1970|0|BATCH_IF_SSP|10-NOV-2025|26-JUL-2025|202547|CONSTRAINED|CONSTRAINED|CONSTRAINED_202547_2025-11-20_0656|BY_IF
823-3030-08|VF|01-JAN-1970|0|0|01-JAN-1970|0|0||01-JAN-1970|0|0|01-JAN-1970|0|BATCH_IF_SSP|10-NOV-2025|26-JUL-2025|202547|CONSTRAINED|CONSTRAINED|CONSTRAINED_202547_2025-11-20_0656|BY_IF
823-3072-20|VF|01-JAN-1970|0|0|01-JAN-1970|0|0||01-JAN-1970|0|0|01-JAN-1970|0|BATCH_IF_SSP|10-NOV-2025|26-JUL-2025|202547|CONSTRAINED|CONSTRAINED|CONSTRAINED_202547_2025-11-20_0656|BY_IF
823-3072-21|VF|01-JAN-1970|0|0|01-JAN-1970|0|0||01-JAN-1970|0|0|01-JAN-1970|0|BATCH_IF_SSP|10-NOV-2025|26-JUL-2025|202547|CONSTRAINED|CONSTRAINED|CONSTRAINED_202547_2025-11-20_0656|BY_IF
823-3074-82|VF|01-JAN-1970|0|0|01-JAN-1970|0|0||01-JAN-1970|0|0|01-JAN-1970|0|BATCH_IF_SSP|10-NOV-2025|26-JUL-2025|202547|CONSTRAINED|CONSTRAINED|CONSTRAINED_202547_2025-11-20_0656|BY_IF
100000000024|1029|01-JAN-1970|0|0|01-JAN-1970|0|0||01-JAN-1970|0|0|01-JAN-1970|0|BATCH_IF_SSP|10-NOV-2025|26-JUL-2025|202547|CONSTRAINED|CONSTRAINED|CONSTRAINED_202547_2025-11-20_0656|BY_IF
100000000025|1029|01-JAN-1970|0|0|01-JAN-1970|0|0||01-JAN-1970|0|0|01-JAN-1970|0|BATCH_IF_SSP|10-NOV-2025|26-JUL-2025|202547|CONSTRAINED|CONSTRAINED|CONSTRAINED_202547_2025-11-20_0656|BY_IF
100000000035|1029|01-JAN-1970|0|0|01-JAN-1970|0|0||01-JAN-1970|0|0|01-JAN-1970|0|BATCH_IF_SSP|10-NOV-2025|26-JUL-2025|202547|CONSTRAINED|CONSTRAINED|CONSTRAINED_202547_2025-11-20_0656|BY_IF
100000000036|1029|01-JAN-1970|0|0|01-JAN-1970|0|0||01-JAN-1970|0|0|01-JAN-1970|0|BATCH_IF_SSP|10-NOV-2025|26-JUL-2025|202547|CONSTRAINED|CONSTRAINED|CONSTRAINED_202547_2025-11-20_0656|BY_IF
100000002001|1029|01-JAN-1970|0|0|01-JAN-1970|0|0||01-JAN-1970|0|0|01-JAN-1970|0|BATCH_IF_SSP|10-NOV-2025|26-JUL-2025|202547|CONSTRAINED|CONSTRAINED|CONSTRAINED_202547_2025-11-20_0656|BY_IF
100000002002|1029|01-JAN-1970|0|0|01-JAN-1970|0|0||01-JAN-1970|0|0|01-JAN-1970|0|BATCH_IF_SSP|10-NOV-2025|26-JUL-2025|202547|CONSTRAINED|CONSTRAINED|CONSTRAINED_202547_2025-11-20_0656|BY_IF
100000002007|1029|01-JAN-1970|0|0|01-JAN-1970|0|0||01-JAN-1970|0|0|01-JAN-1970|0|BATCH_IF_SSP|10-NOV-2025|26-JUL-2025|202547|CONSTRAINED|CONSTRAINED|CONSTRAINED_202547_2025-11-20_0656|BY_IF
100000002023|1029|01-JAN-1970|0|0|01-JAN-1970|0|0||01-JAN-1970|0|0|01-JAN-1970|0|BATCH_IF_SSP|10-NOV-2025|26-JUL-2025|202547|CONSTRAINED|CONSTRAINED|CONSTRAINED_202547_2025-11-20_0656|BY_IF
2000-293-736|1029|01-JAN-1970|0|0|01-JAN-1970|0|0||01-JAN-1970|0|0|01-JAN-1970|0|BATCH_IF_SSP|10-NOV-2025|26-JUL-2025|202547|CONSTRAINED|CONSTRAINED|CONSTRAINED_202547_2025-11-20_0656|BY_IF
2000-311-262|1029|01-JAN-1970|0|0|01-JAN-1970|0|0||01-JAN-1970|0|0|01-JAN-1970|0|BATCH_IF_SSP|10-NOV-2025|26-JUL-2025|202547|CONSTRAINED|CONSTRAINED|CONSTRAINED_202547_2025-11-20_0656|BY_IF
100000000004|1011|01-JAN-1970|0|0|01-JAN-1970|0|0||01-JAN-1970|0|0|01-JAN-1970|0|BATCH_IF_SSP|10-NOV-2025|26-JUL-2025|202547|CONSTRAINED|CONSTRAINED|CONSTRAINED_202547_2025-11-20_0656|BY_IF
100000000005|1011|01-JAN-1970|0|0|01-JAN-1970|0|0||01-JAN-1970|0|0|01-JAN-1970|0|BATCH_IF_SSP|10-NOV-2025|26-JUL-2025|202547|CONSTRAINED|CONSTRAINED|CONSTRAINED_202547_2025-11-20_0656|BY_IF
100000000006|1011|01-JAN-1970|0|0|01-JAN-1970|0|0||01-JAN-1970|0|0|01-JAN-1970|0|BATCH_IF_SSP|10-NOV-2025|26-JUL-2025|202547|CONSTRAINED|CONSTRAINED|CONSTRAINED_202547_2025-11-20_0656|BY_IF
100000000107|1011|01-JAN-1970|0|0|01-JAN-1970|0|0||01-JAN-1970|0|0|01-JAN-1970|0|BATCH_IF_SSP|10-NOV-2025|26-JUL-2025|202547|CONSTRAINED|CONSTRAINED|CONSTRAINED_202547_2025-11-20_0656|BY_IF
2000-291-742|1011|01-JAN-1970|0|0|01-JAN-1970|0|0||01-JAN-1970|0|0|01-JAN-1970|0|BATCH_IF_SSP|10-NOV-2025|26-JUL-2025|202547|CONSTRAINED|CONSTRAINED|CONSTRAINED_202547_2025-11-20_0656|BY_IF
2000-291-749|1011|01-JAN-1970|0|0|01-JAN-1970|0|0||01-JAN-1970|0|0|01-JAN-1970|0|BATCH_IF_SSP|10-NOV-2025|26-JUL-2025|202547|CONSTRAINED|CONSTRAINED|CONSTRAINED_202547_2025-11-20_0656|BY_IF
2000-311-262|1011|01-JAN-1970|0|0|01-JAN-1970|0|0||01-JAN-1970|0|0|01-JAN-1970|0|BATCH_IF_SSP|10-NOV-2025|26-JUL-2025|202547|CONSTRAINED|CONSTRAINED|CONSTRAINED_202547_2025-11-20_0656|BY_IF
2001-001-001|1011|01-JAN-1970|0|0|01-JAN-1970|0|0||01-JAN-1970|0|0|01-JAN-1970|0|BATCH_IF_SSP|10-NOV-2025|26-JUL-2025|202547|CONSTRAINED|CONSTRAINED|CONSTRAINED_202547_2025-11-20_0656|BY_IF
