ITEM|LOC|PURCHMETHOD|NONEWSUPPLYDATE|EFF|DISC|LEADTIME|U_PLANMODULE 
100000000036|1004|100000000036_1004_PURCH|07-07-2025|01-01-1970|01-01-9999|0|BY_IF
100000000035|1004|100000000035_1004_PURCH|07-07-2025|01-01-1970|01-01-9999|0|BY_IF
100000000025|1004|100000000025_1004_PURCH|07-07-2025|01-01-1970|01-01-9999|0|BY_IF
100000000036|1029|100000000036_1029_PURCH|07-07-2025|01-01-1970|01-01-9999|0|BY_IF
100000000035|1029|100000000035_1029_PURCH|07-07-2025|01-01-1970|01-01-9999|0|BY_IF
100000000025|1029|100000000025_1029_PURCH|07-07-2025|01-01-1970|01-01-9999|0|BY_IF
100000000024|1004|100000000024_1004_PURCH|07-07-2025|01-01-1970|01-01-9999|0|BY_IF
100000000024|1029|100000000024_1029_PURCH|07-07-2025|01-01-1970|01-01-9999|0|BY_IF
100000000026|1003|100000000026_1003_PURCH|07-07-2025|01-01-1970|01-01-9999|0|BY_IF
100000000026|1006|100000000026_1006_PURCH|07-07-2025|01-01-1970|01-01-9999|0|BY_IF
100000000027|1003|100000000027_1003_PURCH|07-07-2025|01-01-1970|01-01-9999|0|BY_IF
100000000027|1006|100000000027_1006_PURCH|07-07-2025|01-01-1970|01-01-9999|0|BY_IF
100000000028|1003|100000000028_1003_PURCH|07-07-2025|01-01-1970|01-01-9999|0|BY_IF
100000000028|1006|100000000028_1006_PURCH|07-07-2025|01-01-1970|01-01-9999|0|BY_IF
100000000029|1003|100000000029_1003_PURCH|07-07-2025|01-01-1970|01-01-9999|0|BY_IF
100000000029|1006|100000000029_1006_PURCH|07-07-2025|01-01-1970|01-01-9999|0|BY_IF
100000000030|1003|100000000030_1003_PURCH|07-07-2025|01-01-1970|01-01-9999|0|BY_IF
100000000030|1006|100000000030_1006_PURCH|07-07-2025|01-01-1970|01-01-9999|0|BY_IF
100000000031|1003|100000000031_1003_PURCH|07-07-2025|01-01-1970|01-01-9999|0|BY_IF
100000000031|1006|100000000031_1006_PURCH|07-07-2025|01-01-1970|01-01-9999|0|BY_IF
100000000032|1003|100000000032_1003_PURCH|07-07-2025|01-01-1970|01-01-9999|0|BY_IF
100000000032|1006|100000000032_1006_PURCH|07-07-2025|01-01-1970|01-01-9999|0|BY_IF
100000000033|1003|100000000033_1003_PURCH|07-07-2025|01-01-1970|01-01-9999|0|BY_IF
100000000033|1006|100000000033_1006_PURCH|07-07-2025|01-01-1970|01-01-9999|0|BY_IF
100000000034|1003|100000000034_1003_PURCH|07-07-2025|01-01-1970|01-01-9999|0|BY_IF
100000000034|1006|100000000034_1006_PURCH|07-07-2025|01-01-1970|01-01-9999|0|BY_IF
100000000101|1020|100000000101_1020_PURCH|07-07-2025|01-01-1970|01-01-9999|0|BY_IF
100000000101|1006|100000000101_1006_PURCH|07-07-2025|01-01-1970|01-01-9999|0|BY_IF
100000000102|1020|100000000102_1020_PURCH|07-07-2025|01-01-1970|01-01-9999|0|BY_IF
100000000102|1006|100000000102_1006_PURCH|07-07-2025|01-01-1970|01-01-9999|0|BY_IF
100000000103|1020|100000000103_1020_PURCH|07-07-2025|01-01-1970|01-01-9999|0|BY_IF
100000000103|1006|100000000103_1006_PURCH|07-07-2025|01-01-1970|01-01-9999|0|BY_IF
100000002001|1004|100000002001_1004_PURCH|07-07-2025|01-01-1970|01-01-9999|0|BY_IF
100000002023|1004|100000002023_1004_PURCH|07-07-2025|01-01-1970|01-01-9999|0|BY_IF
100000002023|1029|100000002023_1029_PURCH|07-07-2025|01-01-1970|01-01-9999|0|BY_IF
100000002001|1029|100000002001_1029_PURCH|07-07-2025|01-01-1970|01-01-9999|0|BY_IF
100000002002|1004|100000002002_1004_PURCH|07-07-2025|01-01-1970|01-01-9999|0|BY_IF
100000002007|1004|100000002007_1004_PURCH|07-07-2025|01-01-1970|01-01-9999|0|BY_IF
100000002002|1029|100000002002_1029_PURCH|07-07-2025|01-01-1970|01-01-9999|0|BY_IF
100000002007|1029|100000002007_1029_PURCH|07-07-2025|01-01-1970|01-01-9999|0|BY_IF
100000002004|1003|100000002004_1003_PURCH|07-07-2025|01-01-1970|01-01-9999|0|BY_IF
100000002003|1003|100000002003_1003_PURCH|07-07-2025|01-01-1970|01-01-9999|0|BY_IF
100000002005|1003|100000002005_1003_PURCH|07-07-2025|01-01-1970|01-01-9999|0|BY_IF
100000002005|1017|100000002005_1017_PURCH|07-07-2025|01-01-1970|01-01-9999|0|BY_IF
100000002004|1017|100000002004_1017_PURCH|07-07-2025|01-01-1970|01-01-9999|0|BY_IF
100000002003|1017|100000002003_1017_PURCH|07-07-2025|01-01-1970|01-01-9999|0|BY_IF
100000002006|1017|100000002006_1017_PURCH|07-07-2025|01-01-1970|01-01-9999|0|BY_IF
100000002006|1003|100000002006_1003_PURCH|07-07-2025|01-01-1970|01-01-9999|0|BY_IF
100000002008|1006|100000002008_1006_PURCH|07-07-2025|01-01-1970|01-01-9999|0|BY_IF
100000002009|1006|100000002009_1006_PURCH|07-07-2025|01-01-1970|01-01-9999|0|BY_IF
100000002009|1020|100000002009_1020_PURCH|07-07-2025|01-01-1970|01-01-9999|0|BY_IF
100000002010|1020|100000002010_1020_PURCH|07-07-2025|01-01-1970|01-01-9999|0|BY_IF
100000002010|1006|100000002010_1006_PURCH|07-07-2025|01-01-1970|01-01-9999|0|BY_IF
100000001001|1004|100000001001_1004_PURCH|07-07-2025|01-01-1970|01-01-9999|0|BY_IF
100000001003|1006|100000001003_1006_PURCH|07-07-2025|01-01-1970|01-01-9999|0|BY_IF
100000001002|1006|100000001002_1006_PURCH|07-07-2025|01-01-1970|01-01-9999|0|BY_IF
A95538-012|VF_S|A95538-012_VF_S_PURCH|07-07-2025|01-01-1970|01-01-9999|10080|BY_IF
N41399-001|VF_S|N41399-001_VF_S_PURCH|07-07-2025|01-01-1970|01-01-9999|10080|BY_IF
N51852-001|VF_S|N51852-001_VF_S_PURCH|07-07-2025|01-01-1970|01-01-9999|10080|BY_IF
N54418-001|VF_S|N54418-001_VF_S_PURCH|07-07-2025|01-01-1970|01-01-9999|10080|BY_IF
