CAL|DESCR|PATTERNSW|TYPE|U_PLANMODULE
IF_BOM_YCAL_100000000005_1004|IF_BOM_YCAL_100000000005_1004|1|16|BY_IF
IF_BOM_YCAL_100000000005_1011|IF_BOM_YCAL_100000000005_1011|1|16|BY_IF
IF_BOM_YCAL_100000000004_1004|IF_BOM_YCAL_100000000004_1004|1|16|BY_IF
IF_BOM_YCAL_100000000004_1011|IF_BOM_YCAL_100000000004_1011|1|16|BY_IF
IF_BOM_YCAL_100000000107_1004|IF_BOM_YCAL_100000000107_1004|1|16|BY_IF
IF_BOM_YCAL_100000000107_1011|IF_BOM_YCAL_100000000107_1011|1|16|BY_IF
IF_BOM_YCAL_100000000006_1004|IF_BOM_YCAL_100000000006_1004|1|16|BY_IF
IF_BOM_YCAL_100000000006_1011|IF_BOM_YCAL_100000000006_1011|1|16|BY_IF
IF_BOM_YCAL_2000-291-742_1004|IF_BOM_YCAL_2000-291-742_1004|1|16|BY_IF
IF_BOM_YCAL_2000-291-742_1011|IF_BOM_YCAL_2000-291-742_1011|1|16|BY_IF
IF_BOM_YCAL_2000-291-749_1004|IF_BOM_YCAL_2000-291-749_1004|1|16|BY_IF
IF_BOM_YCAL_2000-291-749_1011|IF_BOM_YCAL_2000-291-749_1011|1|16|BY_IF
IF_BOM_YCAL_100000000008_1003|IF_BOM_YCAL_100000000008_1003|1|16|BY_IF
IF_BOM_YCAL_100000000008_1006|IF_BOM_YCAL_100000000008_1006|1|16|BY_IF
IF_BOM_YCAL_2000-288-671_1003|IF_BOM_YCAL_2000-288-671_1003|1|16|BY_IF
IF_BOM_YCAL_2000-288-671_1006|IF_BOM_YCAL_2000-288-671_1006|1|16|BY_IF
IF_BOM_YCAL_2000-288-677_1003|IF_BOM_YCAL_2000-288-677_1003|1|16|BY_IF
IF_BOM_YCAL_2000-288-677_1006|IF_BOM_YCAL_2000-288-677_1006|1|16|BY_IF
IF_BOM_YCAL_2000-288-665_1003|IF_BOM_YCAL_2000-288-665_1003|1|16|BY_IF
IF_BOM_YCAL_2000-288-665_1006|IF_BOM_YCAL_2000-288-665_1006|1|16|BY_IF
IF_BOM_YCAL_2000-288-661_1003|IF_BOM_YCAL_2000-288-661_1003|1|16|BY_IF
IF_BOM_YCAL_2000-288-661_1006|IF_BOM_YCAL_2000-288-661_1006|1|16|BY_IF
IF_BOM_YCAL_2000-295-273_1003|IF_BOM_YCAL_2000-295-273_1003|1|16|BY_IF
IF_BOM_YCAL_2000-295-273_1006|IF_BOM_YCAL_2000-295-273_1006|1|16|BY_IF
IF_BOM_YCAL_2000-288-667_1003|IF_BOM_YCAL_2000-288-667_1003|1|16|BY_IF
IF_BOM_YCAL_2000-288-667_1006|IF_BOM_YCAL_2000-288-667_1006|1|16|BY_IF
IF_BOM_YCAL_100000000009_1003|IF_BOM_YCAL_100000000009_1003|1|16|BY_IF
IF_BOM_YCAL_100000000009_1006|IF_BOM_YCAL_100000000009_1006|1|16|BY_IF
IF_BOM_YCAL_100000000110_1003|IF_BOM_YCAL_100000000110_1003|1|16|BY_IF
IF_BOM_YCAL_100000000110_1006|IF_BOM_YCAL_100000000110_1006|1|16|BY_IF
IF_BOM_YCAL_100000000111_1003|IF_BOM_YCAL_100000000111_1003|1|16|BY_IF
IF_BOM_YCAL_100000000111_1006|IF_BOM_YCAL_100000000111_1006|1|16|BY_IF
IF_BOM_YCAL_100000000112_1003|IF_BOM_YCAL_100000000112_1003|1|16|BY_IF
IF_BOM_YCAL_100000000112_1006|IF_BOM_YCAL_100000000112_1006|1|16|BY_IF
IF_BOM_YCAL_100000000113_1003|IF_BOM_YCAL_100000000113_1003|1|16|BY_IF
IF_BOM_YCAL_100000000113_1006|IF_BOM_YCAL_100000000113_1006|1|16|BY_IF
IF_BOM_YCAL_2000-280-868_1003|IF_BOM_YCAL_2000-280-868_1003|1|16|BY_IF
IF_BOM_YCAL_2000-280-868_1006|IF_BOM_YCAL_2000-280-868_1006|1|16|BY_IF
IF_BOM_YCAL_2000-281-512_1003|IF_BOM_YCAL_2000-281-512_1003|1|16|BY_IF
IF_BOM_YCAL_2000-281-512_1006|IF_BOM_YCAL_2000-281-512_1006|1|16|BY_IF
IF_BOM_YCAL_2000-281-514_1003|IF_BOM_YCAL_2000-281-514_1003|1|16|BY_IF
IF_BOM_YCAL_2000-281-514_1006|IF_BOM_YCAL_2000-281-514_1006|1|16|BY_IF
IF_BOM_YCAL_2000-281-427_1003|IF_BOM_YCAL_2000-281-427_1003|1|16|BY_IF
IF_BOM_YCAL_2000-281-427_1006|IF_BOM_YCAL_2000-281-427_1006|1|16|BY_IF
IF_BOM_YCAL_2000-281-391_1003|IF_BOM_YCAL_2000-281-391_1003|1|16|BY_IF
IF_BOM_YCAL_2000-281-391_1006|IF_BOM_YCAL_2000-281-391_1006|1|16|BY_IF
IF_BOM_YCAL_2000-281-424_1020|IF_BOM_YCAL_2000-281-424_1020|1|16|BY_IF
IF_BOM_YCAL_2000-281-424_1006|IF_BOM_YCAL_2000-281-424_1006|1|16|BY_IF
IF_BOM_YCAL_2000-001-049_1020|IF_BOM_YCAL_2000-001-049_1020|1|16|BY_IF
IF_BOM_YCAL_2000-001-049_1006|IF_BOM_YCAL_2000-001-049_1006|1|16|BY_IF
IF_BOM_YCAL_2000-281-446_1020|IF_BOM_YCAL_2000-281-446_1020|1|16|BY_IF
IF_BOM_YCAL_2000-281-446_1006|IF_BOM_YCAL_2000-281-446_1006|1|16|BY_IF
IF_BOM_YCAL_2000-281-452_1020|IF_BOM_YCAL_2000-281-452_1020|1|16|BY_IF
IF_BOM_YCAL_2000-281-452_1006|IF_BOM_YCAL_2000-281-452_1006|1|16|BY_IF
IF_BOM_YCAL_2000-001-050_1020|IF_BOM_YCAL_2000-001-050_1020|1|16|BY_IF
IF_BOM_YCAL_2000-001-050_1006|IF_BOM_YCAL_2000-001-050_1006|1|16|BY_IF
IF_BOM_YCAL_2000-280-869_1003|IF_BOM_YCAL_2000-280-869_1003|1|16|BY_IF
IF_BOM_YCAL_2000-280-869_1006|IF_BOM_YCAL_2000-280-869_1006|1|16|BY_IF
IF_BOM_YCAL_2000-281-396_1003|IF_BOM_YCAL_2000-281-396_1003|1|16|BY_IF
IF_BOM_YCAL_2000-281-396_1006|IF_BOM_YCAL_2000-281-396_1006|1|16|BY_IF
IF_BOM_YCAL_2001-001-001_1004|IF_BOM_YCAL_2001-001-001_1004|1|16|BY_IF
IF_BOM_YCAL_2001-001-001_1011|IF_BOM_YCAL_2001-001-001_1011|1|16|BY_IF
IF_BOM_YCAL_2000-311-262_1004|IF_BOM_YCAL_2000-311-262_1004|1|16|BY_IF
IF_BOM_YCAL_2000-311-262_1029|IF_BOM_YCAL_2000-311-262_1029|1|16|BY_IF
IF_BOM_YCAL_100000002011_1004|IF_BOM_YCAL_100000002011_1004|1|16|BY_IF
IF_BOM_YCAL_2000-293-736_1004|IF_BOM_YCAL_2000-293-736_1004|1|16|BY_IF
IF_BOM_YCAL_2000-293-736_1029|IF_BOM_YCAL_2000-293-736_1029|1|16|BY_IF
IF_BOM_YCAL_100000002012_1017|IF_BOM_YCAL_100000002012_1017|1|16|BY_IF
IF_BOM_YCAL_2000-293-724_1003|IF_BOM_YCAL_2000-293-724_1003|1|16|BY_IF
IF_BOM_YCAL_2000-293-724_1017|IF_BOM_YCAL_2000-293-724_1017|1|16|BY_IF
IF_BOM_YCAL_2000-293-719_1017|IF_BOM_YCAL_2000-293-719_1017|1|16|BY_IF
IF_BOM_YCAL_2000-293-719_1003|IF_BOM_YCAL_2000-293-719_1003|1|16|BY_IF
IF_BOM_YCAL_100000002013_1006|IF_BOM_YCAL_100000002013_1006|1|16|BY_IF
IF_BOM_YCAL_100000002014_1006|IF_BOM_YCAL_100000002014_1006|1|16|BY_IF
IF_BOM_YCAL_100000002014_1020|IF_BOM_YCAL_100000002014_1020|1|16|BY_IF
IF_BOM_YCAL_100000002015_1006|IF_BOM_YCAL_100000002015_1006|1|16|BY_IF
IF_BOM_YCAL_100000002016_1006|IF_BOM_YCAL_100000002016_1006|1|16|BY_IF
IF_BOM_YCAL_2000-285-610_1006|IF_BOM_YCAL_2000-285-610_1006|1|16|BY_IF
IF_BOM_YCAL_2000-285-610_1020|IF_BOM_YCAL_2000-285-610_1020|1|16|BY_IF
IF_BOM_YCAL_2000-285-678_1006|IF_BOM_YCAL_2000-285-678_1006|1|16|BY_IF
IF_BOM_YCAL_2000-285-678_1020|IF_BOM_YCAL_2000-285-678_1020|1|16|BY_IF
IF_BOM_YCAL_2000-293-669_1020|IF_BOM_YCAL_2000-293-669_1020|1|16|BY_IF
IF_BOM_YCAL_2000-293-669_1006|IF_BOM_YCAL_2000-293-669_1006|1|16|BY_IF
IF_BOM_YCAL_2000-293-673_1020|IF_BOM_YCAL_2000-293-673_1020|1|16|BY_IF
IF_BOM_YCAL_2000-293-673_1006|IF_BOM_YCAL_2000-293-673_1006|1|16|BY_IF
IF_BOM_YCAL_2001-001-003_1006|IF_BOM_YCAL_2001-001-003_1006|1|16|BY_IF
IF_BOM_YCAL_2001-001-003_1020|IF_BOM_YCAL_2001-001-003_1020|1|16|BY_IF
IF_BOM_YCAL_2001-001-002_1006|IF_BOM_YCAL_2001-001-002_1006|1|16|BY_IF
IF_BOM_YCAL_2001-001-002_1020|IF_BOM_YCAL_2001-001-002_1020|1|16|BY_IF
IF_BOM_YCAL_2000-293-667_1006|IF_BOM_YCAL_2000-293-667_1006|1|16|BY_IF
IF_BOM_YCAL_2000-293-667_1020|IF_BOM_YCAL_2000-293-667_1020|1|16|BY_IF
IF_BOM_YCAL_2000-293-678_1020|IF_BOM_YCAL_2000-293-678_1020|1|16|BY_IF
IF_BOM_YCAL_2000-293-678_1006|IF_BOM_YCAL_2000-293-678_1006|1|16|BY_IF
IF_BOM_YCAL_2000-285-609_1003|IF_BOM_YCAL_2000-285-609_1003|1|16|BY_IF
IF_BOM_YCAL_2000-285-609_1006|IF_BOM_YCAL_2000-285-609_1006|1|16|BY_IF
IF_BOM_YCAL_2000-285-677_1006|IF_BOM_YCAL_2000-285-677_1006|1|16|BY_IF
IF_BOM_YCAL_2000-285-677_1003|IF_BOM_YCAL_2000-285-677_1003|1|16|BY_IF
IF_BOM_YCAL_2001-000-001_1004|IF_BOM_YCAL_2001-000-001_1004|1|16|BY_IF
IF_BOM_YCAL_2000-322-146_1004|IF_BOM_YCAL_2000-322-146_1004|1|16|BY_IF
IF_BOM_YCAL_2000-322-142_1004|IF_BOM_YCAL_2000-322-142_1004|1|16|BY_IF
IF_BOM_YCAL_2000-314-350_1006|IF_BOM_YCAL_2000-314-350_1006|1|16|BY_IF
IF_BOM_YCAL_2000-309-877_1006|IF_BOM_YCAL_2000-309-877_1006|1|16|BY_IF
IF_BOM_YCAL_N55628-004_1004|IF_BOM_YCAL_N55628-004_1004|1|16|BY_IF
IF_BOM_YCAL_2000-314-348_1006|IF_BOM_YCAL_2000-314-348_1006|1|16|BY_IF
IF_BOM_YCAL_2000-309-879_1006|IF_BOM_YCAL_2000-309-879_1006|1|16|BY_IF
IF_BOM_YCAL_2000-313-096_1006|IF_BOM_YCAL_2000-313-096_1006|1|16|BY_IF
IF_BOM_YCAL_2000-314-196_1006|IF_BOM_YCAL_2000-314-196_1006|1|16|BY_IF
IF_BOM_YCAL_2000-301-518_1006|IF_BOM_YCAL_2000-301-518_1006|1|16|BY_IF
IF_BOM_YCAL_2000-314-192_1006|IF_BOM_YCAL_2000-314-192_1006|1|16|BY_IF
IF_BOM_YCAL_2001-000-003_1006|IF_BOM_YCAL_2001-000-003_1006|1|16|BY_IF
IF_BOM_YCAL_2000-309-414_1006|IF_BOM_YCAL_2000-309-414_1006|1|16|BY_IF
IF_BOM_YCAL_2001-000-002_1006|IF_BOM_YCAL_2001-000-002_1006|1|16|BY_IF
IF_BOM_YCAL_2000-309-416_1006|IF_BOM_YCAL_2000-309-416_1006|1|16|BY_IF
IF_BOM_YCAL_2000-314-191_1006|IF_BOM_YCAL_2000-314-191_1006|1|16|BY_IF
IF_BOM_YCAL_2001-000-004_1006|IF_BOM_YCAL_2001-000-004_1006|1|16|BY_IF
IF_BOM_YCAL_2000-309-415_1006|IF_BOM_YCAL_2000-309-415_1006|1|16|BY_IF
R_CAL_Capacity Envelope 1|R_CAL_Capacity Envelope 1|1|10|BY_IF
R_CAL_CDAT envelop HPOb|R_CAL_CDAT envelop HPOb|1|10|BY_IF
R_CAL_CDAT envelop STHp|R_CAL_CDAT envelop STHp|1|10|BY_IF
R_CAL_CD6_MTL U 2C+8A+GT1 15W|R_CAL_CD6_MTL U 2C+8A+GT1 15W|1|10|BY_IF
R_CAL_PRODMIX_RES|R_CAL_PRODMIX_RES|1|10|BY_IF
R_CAL_Capacity Envelope 2|R_CAL_Capacity Envelope 2|1|10|BY_IF
R_CAL_CDAT envelop NSB-A|R_CAL_CDAT envelop NSB-A|1|10|BY_IF
R_CAL_Capacity Envelope 3|R_CAL_Capacity Envelope 3|1|10|BY_IF
R_CAL_CDAT envelop NSB-B|R_CAL_CDAT envelop NSB-B|1|10|BY_IF
R_CAL_Capacity Envelope 4|R_CAL_Capacity Envelope 4|1|10|BY_IF
R_CAL_CDAT envelop NSB-C|R_CAL_CDAT envelop NSB-C|1|10|BY_IF
PR_CAL_100000000005_1004_2|PR_CAL_100000000005_1004_2|1|17|BY_IF
PR_CAL_100000000005_1004_3|PR_CAL_100000000005_1004_3|1|17|BY_IF
PR_CAL_100000000005_1004_4|PR_CAL_100000000005_1004_4|1|17|BY_IF
PR_CAL_100000000005_1011_2|PR_CAL_100000000005_1011_2|1|17|BY_IF
PR_CAL_100000000005_1011_3|PR_CAL_100000000005_1011_3|1|17|BY_IF
PR_CAL_100000000004_1004_2|PR_CAL_100000000004_1004_2|1|17|BY_IF
PR_CAL_100000000004_1004_3|PR_CAL_100000000004_1004_3|1|17|BY_IF
PR_CAL_100000000004_1004_4|PR_CAL_100000000004_1004_4|1|17|BY_IF
PR_CAL_100000000004_1011_2|PR_CAL_100000000004_1011_2|1|17|BY_IF
PR_CAL_100000000004_1011_3|PR_CAL_100000000004_1011_3|1|17|BY_IF
PR_CAL_100000000107_1011_2|PR_CAL_100000000107_1011_2|1|17|BY_IF
PR_CAL_100000000107_1011_3|PR_CAL_100000000107_1011_3|1|17|BY_IF
PR_CAL_100000000006_1011_2|PR_CAL_100000000006_1011_2|1|17|BY_IF
PR_CAL_100000000006_1011_3|PR_CAL_100000000006_1011_3|1|17|BY_IF
PR_CAL_2000-291-742_1029_2|PR_CAL_2000-291-742_1029_2|1|17|BY_IF
PR_CAL_2000-291-742_1029_3|PR_CAL_2000-291-742_1029_3|1|17|BY_IF
PR_CAL_2000-291-749_1029_2|PR_CAL_2000-291-749_1029_2|1|17|BY_IF
PR_CAL_2000-291-749_1029_3|PR_CAL_2000-291-749_1029_3|1|17|BY_IF
IF_FNE_CAL|IF_FNE_CAL|1|7|BY_IF
R_CAL_RES_INTEL FOV-5_IFS_F21|R_CAL_RES_INTEL FOV-5_IFS_F21|1|10|BY_IF
R_CAL_RES_METEOR LAKE-BASE-P682_8POACVBA_F21|R_CAL_RES_METEOR LAKE-BASE-P682_8POACVBA_F21|1|10|BY_IF
R_CAL_RES_C4 ONLY_COMMON_D1D|R_CAL_RES_C4 ONLY_COMMON_D1D|1|10|BY_IF
R_CAL_RES_FLATTOP MOUNTAIN-TSD-4_8LF4CVA_D1D|R_CAL_RES_FLATTOP MOUNTAIN-TSD-4_8LF4CVA_D1D|1|10|BY_IF
R_CAL_RES_CG-1224_F21|R_CAL_RES_CG-1224_F21|1|10|BY_IF
R_CAL_RES_CG-1227_F21|R_CAL_RES_CG-1227_F21|1|10|BY_IF
R_CAL_RES_INTEL FOV-1_COMMON_F21|R_CAL_RES_INTEL FOV-1_COMMON_F21|1|10|BY_IF
R_CAL_RES_INTEL EMIB2.0-1_COMMON_F21|R_CAL_RES_INTEL EMIB2.0-1_COMMON_F21|1|10|BY_IF
R_CAL_RES_INTEL FOV-7_IFS_F21|R_CAL_RES_INTEL FOV-7_IFS_F21|1|10|BY_IF
R_CAL_RES_C4 ONLY_COMMON_F21|R_CAL_RES_C4 ONLY_COMMON_F21|1|10|BY_IF
R_CAL_RES_INTEL FOV-7_COMMON_F21|R_CAL_RES_INTEL FOV-7_COMMON_F21|1|10|BY_IF
R_CAL_RES_FLATTOP MOUNTAIN-TSD-4_8LF4CVA_F21|R_CAL_RES_FLATTOP MOUNTAIN-TSD-4_8LF4CVA_F21|1|10|BY_IF
R_CAL_RES_INTEL FOV-2_COMMON_F21|R_CAL_RES_INTEL FOV-2_COMMON_F21|1|10|BY_IF
R_CAL_RES_INTEL FOV-5_COMMON_F21|R_CAL_RES_INTEL FOV-5_COMMON_F21|1|10|BY_IF
R_CAL_RES_INTEL FOV-6_IFS_F21|R_CAL_RES_INTEL FOV-6_IFS_F21|1|10|BY_IF
R_CAL_RES_INTEL EMIB1.0-3_COMMON_F21|R_CAL_RES_INTEL EMIB1.0-3_COMMON_F21|1|10|BY_IF
R_CAL_RES_INTEL EMIB1.0-4_COMMON_F21|R_CAL_RES_INTEL EMIB1.0-4_COMMON_F21|1|10|BY_IF
R_CAL_RES_CG-EMIB_F21|R_CAL_RES_CG-EMIB_F21|1|10|BY_IF
R_CAL_RES_INTEL EMIB1.0-1_COMMON_F21|R_CAL_RES_INTEL EMIB1.0-1_COMMON_F21|1|10|BY_IF
R_CAL_RES_CG-1224_D1D|R_CAL_RES_CG-1224_D1D|1|10|BY_IF
R_CAL_RES_LUNAR LAKE-BASE-M442_8PURCVA_F21|R_CAL_RES_LUNAR LAKE-BASE-M442_8PURCVA_F21|1|10|BY_IF
R_CAL_RES_INTEL FOV-2_IFS_F21|R_CAL_RES_INTEL FOV-2_IFS_F21|1|10|BY_IF
R_CAL_RES_INTEL FOV-6_COMMON_F21|R_CAL_RES_INTEL FOV-6_COMMON_F21|1|10|BY_IF
R_CAL_RES_INTEL FOV-1_IFS_F21|R_CAL_RES_INTEL FOV-1_IFS_F21|1|10|BY_IF
R_CAL_RES_INTEL FOV-4_IFS_F21|R_CAL_RES_INTEL FOV-4_IFS_F21|1|10|BY_IF
R_CAL_RES_CAYMAN POINT-BASE_8FCMCVB_F21|R_CAL_RES_CAYMAN POINT-BASE_8FCMCVB_F21|1|10|BY_IF
R_CAL_RES_LAVA BRIDGE-12_8PJ2CVA_F21|R_CAL_RES_LAVA BRIDGE-12_8PJ2CVA_F21|1|10|BY_IF
R_CAL_RES_INTEL FOV-4_COMMON_F21|R_CAL_RES_INTEL FOV-4_COMMON_F21|1|10|BY_IF
R_CAL_RES_INTEL EMIB1.0-2_COMMON_F21|R_CAL_RES_INTEL EMIB1.0-2_COMMON_F21|1|10|BY_IF
IF_PR_275_INTEL FOV-1|IF_PR_275_INTEL FOV-1|1|17|BY_IF
IF_PR_275_INTEL FOV-2|IF_PR_275_INTEL FOV-2|1|17|BY_IF
IF_PR_275_INTEL FOV-4|IF_PR_275_INTEL FOV-4|1|17|BY_IF
IF_PR_275_INTEL FOV-5|IF_PR_275_INTEL FOV-5|1|17|BY_IF
IF_PR_275_INTEL FOV-6|IF_PR_275_INTEL FOV-6|1|17|BY_IF
IF_PR_275_INTEL FOV-7|IF_PR_275_INTEL FOV-7|1|17|BY_IF
IF_PR_437_INTEL FOV-1|IF_PR_437_INTEL FOV-1|1|17|BY_IF
IF_PR_437_INTEL FOV-2|IF_PR_437_INTEL FOV-2|1|17|BY_IF
IF_PR_437_INTEL FOV-4|IF_PR_437_INTEL FOV-4|1|17|BY_IF
IF_PR_437_INTEL FOV-5|IF_PR_437_INTEL FOV-5|1|17|BY_IF
IF_PR_437_INTEL FOV-6|IF_PR_437_INTEL FOV-6|1|17|BY_IF
IF_PR_437_INTEL FOV-7|IF_PR_437_INTEL FOV-7|1|17|BY_IF
IF_PR_435_C4 ONLY|IF_PR_435_C4 ONLY|1|17|BY_IF
IF_PR_434_C4 ONLY|IF_PR_434_C4 ONLY|1|17|BY_IF
IF_PR_481_INTEL EMIB1.0-1|IF_PR_481_INTEL EMIB1.0-1|1|17|BY_IF
IF_PR_481_INTEL EMIB1.0-2|IF_PR_481_INTEL EMIB1.0-2|1|17|BY_IF
IF_PR_481_INTEL EMIB1.0-3|IF_PR_481_INTEL EMIB1.0-3|1|17|BY_IF
IF_PR_481_INTEL EMIB1.0-4|IF_PR_481_INTEL EMIB1.0-4|1|17|BY_IF
IF_PR_481_INTEL EMIB2.0-1|IF_PR_481_INTEL EMIB2.0-1|1|17|BY_IF
IF_PR_191_INTEL FOV-1|IF_PR_191_INTEL FOV-1|1|17|BY_IF
IF_PR_191_INTEL FOV-2|IF_PR_191_INTEL FOV-2|1|17|BY_IF
IF_PR_191_INTEL FOV-4|IF_PR_191_INTEL FOV-4|1|17|BY_IF
IF_PR_191_INTEL FOV-5|IF_PR_191_INTEL FOV-5|1|17|BY_IF
IF_PR_191_INTEL FOV-6|IF_PR_191_INTEL FOV-6|1|17|BY_IF
IF_PR_191_INTEL FOV-7|IF_PR_191_INTEL FOV-7|1|17|BY_IF
IF_BOM_YCAL_100000000008_1003_9002|IF_BOM_YCAL_100000000008_1003_9002|1|16|BY_IF
IF_BOM_YCAL_100000000008_1006_9001|IF_BOM_YCAL_100000000008_1006_9001|1|16|BY_IF
R_CAL_ACWaa_1006|R_CAL_ACWaa_1006|1|10|BY_IF
R_CAL_N3Ech_1006|R_CAL_N3Ech_1006|1|10|BY_IF
R_CAL_CEVci_1006|R_CAL_CEVci_1006|1|10|BY_IF
R_CAL_EXDba_1006|R_CAL_EXDba_1006|1|10|BY_IF
R_CAL_DCOe_1006|R_CAL_DCOe_1006|1|10|BY_IF
R_CAL_HDSih_1006|R_CAL_HDSih_1006|1|10|BY_IF
R_CAL_WTTaa_1006|R_CAL_WTTaa_1006|1|10|BY_IF
R_CAL_ACWaa_1003|R_CAL_ACWaa_1003|1|10|BY_IF
R_CAL_N3Ech_1003|R_CAL_N3Ech_1003|1|10|BY_IF
R_CAL_CEVci_1003|R_CAL_CEVci_1003|1|10|BY_IF
R_CAL_EXDba_1003|R_CAL_EXDba_1003|1|10|BY_IF
R_CAL_DCOe_1003|R_CAL_DCOe_1003|1|10|BY_IF
R_CAL_HDSbd_1003|R_CAL_HDSbd_1003|1|10|BY_IF
R_CAL_WTTaa_1003|R_CAL_WTTaa_1003|1|10|BY_IF
R_CAL_RES_ST-1006-1003|R_CAL_RES_ST-1006-1003|1|10|BY_IF
R_CAL_RES_ST-1003-1006|R_CAL_RES_ST-1003-1006|1|10|BY_IF
PR_CAL_100000000008_1003_285_PV1_10|PR_CAL_100000000008_1003_285_PV1_10|1|17|BY_IF
PR_CAL_100000000008_1003_285_PV1_20|PR_CAL_100000000008_1003_285_PV1_20|1|17|BY_IF
PR_CAL_100000000008_1003_285_PV1_30|PR_CAL_100000000008_1003_285_PV1_30|1|17|BY_IF
PR_CAL_100000000008_1003_285_PV1_40|PR_CAL_100000000008_1003_285_PV1_40|1|17|BY_IF
PR_CAL_100000000008_1003_285_PV1_50|PR_CAL_100000000008_1003_285_PV1_50|1|17|BY_IF
PR_CAL_100000000008_1003_285_PV1_60|PR_CAL_100000000008_1003_285_PV1_60|1|17|BY_IF
PR_CAL_100000000008_1003_285_PV1_70|PR_CAL_100000000008_1003_285_PV1_70|1|17|BY_IF
PR_CAL_100000000008_1003_9002_PV2_10|PR_CAL_100000000008_1003_9002_PV2_10|1|17|BY_IF
PR_CAL_100000000008_1003_9002_PV2_20|PR_CAL_100000000008_1003_9002_PV2_20|1|17|BY_IF
PR_CAL_100000000008_1003_9002_PV2_30|PR_CAL_100000000008_1003_9002_PV2_30|1|17|BY_IF
PR_CAL_100000000008_1003_9002_PV2_40|PR_CAL_100000000008_1003_9002_PV2_40|1|17|BY_IF
PR_CAL_100000000008_1003_9002_PV2_50|PR_CAL_100000000008_1003_9002_PV2_50|1|17|BY_IF
PR_CAL_100000000008_1003_9002_PV2_60|PR_CAL_100000000008_1003_9002_PV2_60|1|17|BY_IF
PR_CAL_100000000008_1003_9002_PV2_70|PR_CAL_100000000008_1003_9002_PV2_70|1|17|BY_IF
PR_CAL_100000000008_1006_283_PV1_10|PR_CAL_100000000008_1006_283_PV1_10|1|17|BY_IF
PR_CAL_100000000008_1006_283_PV1_20|PR_CAL_100000000008_1006_283_PV1_20|1|17|BY_IF
PR_CAL_100000000008_1006_283_PV1_30|PR_CAL_100000000008_1006_283_PV1_30|1|17|BY_IF
PR_CAL_100000000008_1006_283_PV1_40|PR_CAL_100000000008_1006_283_PV1_40|1|17|BY_IF
PR_CAL_100000000008_1006_283_PV1_50|PR_CAL_100000000008_1006_283_PV1_50|1|17|BY_IF
PR_CAL_100000000008_1006_283_PV1_60|PR_CAL_100000000008_1006_283_PV1_60|1|17|BY_IF
PR_CAL_100000000008_1006_283_PV1_70|PR_CAL_100000000008_1006_283_PV1_70|1|17|BY_IF
PR_CAL_100000000008_1006_9001_PV2_10|PR_CAL_100000000008_1006_9001_PV2_10|1|17|BY_IF
PR_CAL_100000000008_1006_9001_PV2_20|PR_CAL_100000000008_1006_9001_PV2_20|1|17|BY_IF
PR_CAL_100000000008_1006_9001_PV2_30|PR_CAL_100000000008_1006_9001_PV2_30|1|17|BY_IF
PR_CAL_100000000008_1006_9001_PV2_40|PR_CAL_100000000008_1006_9001_PV2_40|1|17|BY_IF
PR_CAL_100000000008_1006_9001_PV2_50|PR_CAL_100000000008_1006_9001_PV2_50|1|17|BY_IF
PR_CAL_100000000008_1006_9001_PV2_60|PR_CAL_100000000008_1006_9001_PV2_60|1|17|BY_IF
PR_CAL_100000000008_1006_9001_PV2_70|PR_CAL_100000000008_1006_9001_PV2_70|1|17|BY_IF
PR_CAL_100000000008_1003_9002_PV2_45|PR_CAL_100000000008_1003_9002_PV2_45|1|17|BY_IF
PR_CAL_100000000008_1006_9001_PV2_45|PR_CAL_100000000008_1006_9001_PV2_45|1|17|BY_IF
IF_RCAL_RES_C4_LRP_CEVcn_F21|IF_RCAL_RES_C4_LRP_CEVcn_F21|1|10|BY_IF
IF_RCAL_RES_C4_LRP_DSTcg_FAL|IF_RCAL_RES_C4_LRP_DSTcg_FAL|1|10|BY_IF
IF_RCAL_RES_C4_PATcf_FAL|IF_RCAL_RES_C4_PATcf_FAL|1|10|BY_IF
IF_RCAL_RES_CAYMAN POINT IPD-COLD_ARR|IF_RCAL_RES_CAYMAN POINT IPD-COLD_ARR|1|10|BY_IF
IF_RCAL_RES_CAYMAN POINT-BASE-COLD_ARR|IF_RCAL_RES_CAYMAN POINT-BASE-COLD_ARR|1|10|BY_IF
IF_RCAL_RES_CEVcn_F11X_SDA_F21|IF_RCAL_RES_CEVcn_F11X_SDA_F21|1|10|BY_IF
IF_RCAL_RES_CSG_CSP_F11X_SDA_F21|IF_RCAL_RES_CSG_CSP_F11X_SDA_F21|1|10|BY_IF
IF_RCAL_RES_HWTaa_ARR|IF_RCAL_RES_HWTaa_ARR|1|10|BY_IF
IF_RCAL_RES_HoP4k_448_Prec_ARR|IF_RCAL_RES_HoP4k_448_Prec_ARR|1|10|BY_IF
IF_RCAL_RES_LAVA BRIDGE-12-COLD_ARR|IF_RCAL_RES_LAVA BRIDGE-12-COLD_ARR|1|10|BY_IF
IF_RCAL_RES_LNL M442 CPU XIU_ARR|IF_RCAL_RES_LNL M442 CPU XIU_ARR|1|10|BY_IF
IF_RCAL_RES_LNL SOC M XIU_ARR|IF_RCAL_RES_LNL SOC M XIU_ARR|1|10|BY_IF
IF_RCAL_RES_LUNAR LAKE 4 4 2 M BASE-COLD_ARR|IF_RCAL_RES_LUNAR LAKE 4 4 2 M BASE-COLD_ARR|1|10|BY_IF
IF_RCAL_RES_METEOR LAKE-FOV-X27-25_82-COLD_ARR|IF_RCAL_RES_METEOR LAKE-FOV-X27-25_82-COLD_ARR|1|10|BY_IF
IF_RCAL_RES_METEOR LAKE-IOE-P - COLD-COLD_ARR|IF_RCAL_RES_METEOR LAKE-IOE-P - COLD-COLD_ARR|1|10|BY_IF
IF_RCAL_RES_MTL GPU P XIU_ARR|IF_RCAL_RES_MTL GPU P XIU_ARR|1|10|BY_IF
IF_RCAL_RES_TTTa1_AR4|IF_RCAL_RES_TTTa1_AR4|1|10|BY_IF
IF_RCAL_RES_TTTa1_ARR|IF_RCAL_RES_TTTa1_ARR|1|10|BY_IF
IF_RCAL_RES_USPa_AR4|IF_RCAL_RES_USPa_AR4|1|10|BY_IF
IF_RCAL_RES_WTTaa_AR4|IF_RCAL_RES_WTTaa_AR4|1|10|BY_IF
IF_RCAL_RES_WTTaa_ARR|IF_RCAL_RES_WTTaa_ARR|1|10|BY_IF
IF_RCAL_RES_XIU_ARLSOCM_AR4|IF_RCAL_RES_XIU_ARLSOCM_AR4|1|10|BY_IF
IF_RCAL_RES_XIU_MTLGPUP_AR4|IF_RCAL_RES_XIU_MTLGPUP_AR4|1|10|BY_IF
IF_RCAL_RES_NO_SORT_RESOURCE_SAL_SAL|IF_RCAL_RES_NO_SORT_RESOURCE_SAL_SAL|1|10|BY_IF
IF_RCAL_RES_TTTa1_SAL|IF_RCAL_RES_TTTa1_SAL|1|10|BY_IF
IF_RCAL_RES_USPa_SAL|IF_RCAL_RES_USPa_SAL|1|10|BY_IF
IF_RCAL_RES_WTTaa_SAL|IF_RCAL_RES_WTTaa_SAL|1|10|BY_IF
IF_RCAL_RES_XIU_LNLCPU_SAL|IF_RCAL_RES_XIU_LNLCPU_SAL|1|10|BY_IF
IF_RCAL_RES_XIU_LNLSOCM_SAL|IF_RCAL_RES_XIU_LNLSOCM_SAL|1|10|BY_IF
IF_PR_2519_RES_C4_LRP_CEVcn_F21|IF_PR_2519_RES_C4_LRP_CEVcn_F21|1|17|BY_IF
IF_PR_2519_RES_CEVcn_F11X_SDA_F21|IF_PR_2519_RES_CEVcn_F11X_SDA_F21|1|17|BY_IF
IF_PR_2519_RES_CSG_CSP_F11X_SDA_F21|IF_PR_2519_RES_CSG_CSP_F11X_SDA_F21|1|17|BY_IF
IF_PR_2521_RES_C4_LRP_DSTcg_FAL|IF_PR_2521_RES_C4_LRP_DSTcg_FAL|1|17|BY_IF
IF_PR_2521_RES_C4_PATcf_FAL|IF_PR_2521_RES_C4_PATcf_FAL|1|17|BY_IF
IF_PR_2522_RES_TTTa1_AR4|IF_PR_2522_RES_TTTa1_AR4|1|17|BY_IF
IF_PR_2522_RES_USPa_AR4|IF_PR_2522_RES_USPa_AR4|1|17|BY_IF
IF_PR_2522_RES_WTTaa_AR4|IF_PR_2522_RES_WTTaa_AR4|1|17|BY_IF
IF_PR_2522_RES_XIU_ARLSOCM_AR4|IF_PR_2522_RES_XIU_ARLSOCM_AR4|1|17|BY_IF
IF_PR_2532_RES_HoP4k_448_Prec_ARR|IF_PR_2532_RES_HoP4k_448_Prec_ARR|1|17|BY_IF
IF_PR_2532_RES_METEOR LAKE-IOE-P - COLD-COLD_ARR|IF_PR_2532_RES_METEOR LAKE-IOE-P - COLD-COLD_ARR|1|17|BY_IF
IF_PR_2535_RES_TTTa1_AR4|IF_PR_2535_RES_TTTa1_AR4|1|17|BY_IF
IF_PR_2535_RES_USPa_AR4|IF_PR_2535_RES_USPa_AR4|1|17|BY_IF
IF_PR_2535_RES_WTTaa_AR4|IF_PR_2535_RES_WTTaa_AR4|1|17|BY_IF
IF_PR_2535_RES_XIU_MTLGPUP_AR4|IF_PR_2535_RES_XIU_MTLGPUP_AR4|1|17|BY_IF
IF_PR_2536_RES_HWTaa_ARR|IF_PR_2536_RES_HWTaa_ARR|1|17|BY_IF
IF_PR_2536_RES_MTL GPU P XIU_ARR|IF_PR_2536_RES_MTL GPU P XIU_ARR|1|17|BY_IF
IF_PR_2536_RES_TTTa1_ARR|IF_PR_2536_RES_TTTa1_ARR|1|17|BY_IF
IF_PR_2536_RES_WTTaa_ARR|IF_PR_2536_RES_WTTaa_ARR|1|17|BY_IF
IF_PR_2540_RES_C4_LRP_CEVcn_F21|IF_PR_2540_RES_C4_LRP_CEVcn_F21|1|17|BY_IF
IF_PR_2540_RES_CEVcn_F11X_SDA_F21|IF_PR_2540_RES_CEVcn_F11X_SDA_F21|1|17|BY_IF
IF_PR_2540_RES_CSG_CSP_F11X_SDA_F21|IF_PR_2540_RES_CSG_CSP_F11X_SDA_F21|1|17|BY_IF
IF_PR_2541_RES_C4_LRP_DSTcg_FAL|IF_PR_2541_RES_C4_LRP_DSTcg_FAL|1|17|BY_IF
IF_PR_2541_RES_C4_PATcf_FAL|IF_PR_2541_RES_C4_PATcf_FAL|1|17|BY_IF
IF_PR_2542_RES_C4_LRP_CEVcn_F21|IF_PR_2542_RES_C4_LRP_CEVcn_F21|1|17|BY_IF
IF_PR_2542_RES_CEVcn_F11X_SDA_F21|IF_PR_2542_RES_CEVcn_F11X_SDA_F21|1|17|BY_IF
IF_PR_2542_RES_CSG_CSP_F11X_SDA_F21|IF_PR_2542_RES_CSG_CSP_F11X_SDA_F21|1|17|BY_IF
IF_PR_2543_RES_C4_LRP_DSTcg_FAL|IF_PR_2543_RES_C4_LRP_DSTcg_FAL|1|17|BY_IF
IF_PR_2543_RES_C4_PATcf_FAL|IF_PR_2543_RES_C4_PATcf_FAL|1|17|BY_IF
IF_PR_2681_RES_C4_LRP_CEVcn_F21|IF_PR_2681_RES_C4_LRP_CEVcn_F21|1|17|BY_IF
IF_PR_2681_RES_CEVcn_F11X_SDA_F21|IF_PR_2681_RES_CEVcn_F11X_SDA_F21|1|17|BY_IF
IF_PR_2681_RES_CSG_CSP_F11X_SDA_F21|IF_PR_2681_RES_CSG_CSP_F11X_SDA_F21|1|17|BY_IF
IF_PR_2682_RES_C4_LRP_DSTcg_FAL|IF_PR_2682_RES_C4_LRP_DSTcg_FAL|1|17|BY_IF
IF_PR_2682_RES_C4_PATcf_FAL|IF_PR_2682_RES_C4_PATcf_FAL|1|17|BY_IF
IF_PR_2684_RES_HWTaa_ARR|IF_PR_2684_RES_HWTaa_ARR|1|17|BY_IF
IF_PR_2684_RES_LNL M442 CPU XIU_ARR|IF_PR_2684_RES_LNL M442 CPU XIU_ARR|1|17|BY_IF
IF_PR_2684_RES_TTTa1_ARR|IF_PR_2684_RES_TTTa1_ARR|1|17|BY_IF
IF_PR_2684_RES_WTTaa_ARR|IF_PR_2684_RES_WTTaa_ARR|1|17|BY_IF
IF_PR_2685_RES_TTTa1_SAL|IF_PR_2685_RES_TTTa1_SAL|1|17|BY_IF
IF_PR_2685_RES_USPa_SAL|IF_PR_2685_RES_USPa_SAL|1|17|BY_IF
IF_PR_2685_RES_WTTaa_SAL|IF_PR_2685_RES_WTTaa_SAL|1|17|BY_IF
IF_PR_2685_RES_XIU_LNLCPU_SAL|IF_PR_2685_RES_XIU_LNLCPU_SAL|1|17|BY_IF
IF_PR_2687_RES_C4_LRP_CEVcn_F21|IF_PR_2687_RES_C4_LRP_CEVcn_F21|1|17|BY_IF
IF_PR_2687_RES_CEVcn_F11X_SDA_F21|IF_PR_2687_RES_CEVcn_F11X_SDA_F21|1|17|BY_IF
IF_PR_2687_RES_CSG_CSP_F11X_SDA_F21|IF_PR_2687_RES_CSG_CSP_F11X_SDA_F21|1|17|BY_IF
IF_PR_2688_RES_C4_LRP_DSTcg_FAL|IF_PR_2688_RES_C4_LRP_DSTcg_FAL|1|17|BY_IF
IF_PR_2688_RES_C4_PATcf_FAL|IF_PR_2688_RES_C4_PATcf_FAL|1|17|BY_IF
IF_PR_2684_RES_HWTaa_ARR|IF_PR_2684_RES_HWTaa_ARR|1|17|BY_IF
IF_PR_2690_RES_LNL SOC M XIU_ARR|IF_PR_2690_RES_LNL SOC M XIU_ARR|1|17|BY_IF
IF_PR_2690_RES_TTTa1_ARR|IF_PR_2690_RES_TTTa1_ARR|1|17|BY_IF
IF_PR_2690_RES_WTTaa_ARR|IF_PR_2690_RES_WTTaa_ARR|1|17|BY_IF
IF_PR_2691_RES_TTTa1_SAL|IF_PR_2691_RES_TTTa1_SAL|1|17|BY_IF
IF_PR_2691_RES_USPa_SAL|IF_PR_2691_RES_USPa_SAL|1|17|BY_IF
IF_PR_2691_RES_WTTaa_SAL|IF_PR_2691_RES_WTTaa_SAL|1|17|BY_IF
IF_PR_2691_RES_XIU_LNLSOCM_SAL|IF_PR_2691_RES_XIU_LNLSOCM_SAL|1|17|BY_IF
IF_PR_2951_RES_C4_LRP_CEVcn_F21|IF_PR_2951_RES_C4_LRP_CEVcn_F21|1|17|BY_IF
IF_PR_2951_RES_CEVcn_F11X_SDA_F21|IF_PR_2951_RES_CEVcn_F11X_SDA_F21|1|17|BY_IF
IF_PR_2951_RES_CSG_CSP_F11X_SDA_F21|IF_PR_2951_RES_CSG_CSP_F11X_SDA_F21|1|17|BY_IF
IF_PR_2971_RES_CAYMAN POINT IPD-COLD_ARR|IF_PR_2971_RES_CAYMAN POINT IPD-COLD_ARR|1|17|BY_IF
IF_PR_2971_RES_HoP4k_448_Prec_ARR|IF_PR_2971_RES_HoP4k_448_Prec_ARR|1|17|BY_IF
IF_PR_3269_RES_CAYMAN POINT-BASE-COLD_ARR|IF_PR_3269_RES_CAYMAN POINT-BASE-COLD_ARR|1|17|BY_IF
IF_PR_3269_RES_HoP4k_448_Prec_ARR|IF_PR_3269_RES_HoP4k_448_Prec_ARR|1|17|BY_IF
IF_PR_3770_RES_HoP4k_448_Prec_ARR|IF_PR_3770_RES_HoP4k_448_Prec_ARR|1|17|BY_IF
IF_PR_3770_RES_METEOR LAKE-FOV-X27-25_82-COLD_ARR|IF_PR_3770_RES_METEOR LAKE-FOV-X27-25_82-COLD_ARR|1|17|BY_IF
IF_PR_3793_RES_HoP4k_448_Prec_ARR|IF_PR_3793_RES_HoP4k_448_Prec_ARR|1|17|BY_IF
IF_PR_3793_RES_LUNAR LAKE 4 4 2 M BASE-COLD_ARR|IF_PR_3793_RES_LUNAR LAKE 4 4 2 M BASE-COLD_ARR|1|17|BY_IF
IF_PR_3798_RES_HWTaa_ARR|IF_PR_3798_RES_HWTaa_ARR|1|17|BY_IF
IF_PR_3799_RES_NO_SORT_RESOURCE_SAL_SAL|IF_PR_3799_RES_NO_SORT_RESOURCE_SAL_SAL|1|17|BY_IF
IF_PR_4200_RES_HoP4k_448_Prec_ARR|IF_PR_4200_RES_HoP4k_448_Prec_ARR|1|17|BY_IF
IF_PR_4200_RES_LAVA BRIDGE-12-COLD_ARR|IF_PR_4200_RES_LAVA BRIDGE-12-COLD_ARR|1|17|BY_IF
R_CAL_VNAT envelop EPXx|R_CAL_VNAT envelop EPXx|1|10|BY_IF
R_CAL_VNAT envelop HXVab|R_CAL_VNAT envelop HXVab|1|10|BY_IF
R_CAL_SS_LNL M 4+4+2 16x2GB|R_CAL_SS_LNL M 4+4+2 16x2GB|1|10|BY_IF
R_CAL_VNAT envelop EPX|R_CAL_VNAT envelop EPX|1|10|BY_IF
R_CAL_VNAT envelop HXV|R_CAL_VNAT envelop HXV|1|10|BY_IF
R_CAL_VNAT envelop EP-Assy|R_CAL_VNAT envelop EP-Assy|1|10|BY_IF
R_CAL_VNAT envelop HX-Assy|R_CAL_VNAT envelop HX-Assy|1|10|BY_IF
PR_CAL_2001-001-001_1004_2|PR_CAL_2001-001-001_1004_2|1|17|BY_IF
PR_CAL_2001-001-001_1004_3|PR_CAL_2001-001-001_1004_3|1|17|BY_IF
PR_CAL_2001-001-001_1011_2|PR_CAL_2001-001-001_1011_2|1|17|BY_IF
PR_CAL_2001-001-001_1011_3|PR_CAL_2001-001-001_1011_3|1|17|BY_IF
PR_CAL_2000-311-262_1029_2|PR_CAL_2000-311-262_1029_2|1|17|BY_IF
PR_CAL_2000-311-262_1029_3|PR_CAL_2000-311-262_1029_3|1|17|BY_IF
PR_CAL_100000002011_1004_2|PR_CAL_100000002011_1004_2|1|17|BY_IF
PR_CAL_100000002011_1004_3|PR_CAL_100000002011_1004_3|1|17|BY_IF
PR_CAL_2000-293-736_1029_2|PR_CAL_2000-293-736_1029_2|1|17|BY_IF
PR_CAL_2000-293-736_1029_3|PR_CAL_2000-293-736_1029_3|1|17|BY_IF
PR_CAL_2001-001-001_1004_4|PR_CAL_2001-001-001_1004_4|1|17|BY_IF
PR_CAL_100000002011_1004_4|PR_CAL_100000002011_1004_4|1|17|BY_IF
IF_PR_2690_RES_HWTaa_ARR|IF_PR_2690_RES_HWTaa_ARR|1|17|BY_IF
R_CAL_IHS-N44236-002|R_CAL_IHS-N44236-002|1|10|BY_IF
R_CAL_SubstrateMaxGrp|R_CAL_SubstrateMaxGrp|1|10|BY_IF
R_CAL_STD_CORE|R_CAL_STD_CORE|1|10|BY_IF
PR_CAL_N55628-004_VF_S_20|PR_CAL_N55628-004_VF_S_20|1|17|BY_IF
PR_CAL_N44236-002_VF_S_20|PR_CAL_N44236-002_VF_S_20|1|17|BY_IF
IF_BOM_YCAL_N44236-002_VF_S|IF_BOM_YCAL_N44236-002_VF_S|1|16|BY_IF
R_CAL_KuAT_Envelop_TSXf|R_CAL_KuAT_Envelop_TSXf|1|10|BY_IF
R_CAL_KM5_CaymanPoint|R_CAL_KM5_CaymanPoint|1|10|BY_IF
PR_CAL_2001-000-001_1004_20|PR_CAL_2001-000-001_1004_20|1|17|BY_IF
R_CAL_PLHcb_1006|R_CAL_PLHcb_1006|1|10|BY_IF
R_CAL_USPa_1006|R_CAL_USPa_1006|1|10|BY_IF
R_CAL_HDSia_1006|R_CAL_HDSia_1006|1|10|BY_IF
R_CAL_HWTbb_1006|R_CAL_HWTbb_1006|1|10|BY_IF
R_CAL_TTTa1_1006|R_CAL_TTTa1_1006|1|10|BY_IF
PR_CAL_100000000008_1003_9002_PV2_51|PR_CAL_100000000008_1003_9002_PV2_51|1|17|BY_IF
PR_CAL_100000000008_1003_9002_PV2_52|PR_CAL_100000000008_1003_9002_PV2_52|1|17|BY_IF
PR_CAL_100000000008_1003_9002_PV2_71|PR_CAL_100000000008_1003_9002_PV2_71|1|17|BY_IF
PR_CAL_100000000008_1006_283_PV1_21|PR_CAL_100000000008_1006_283_PV1_21|1|17|BY_IF
PR_CAL_100000000008_1006_283_PV1_51|PR_CAL_100000000008_1006_283_PV1_51|1|17|BY_IF
PR_CAL_100000000008_1006_283_PV1_52|PR_CAL_100000000008_1006_283_PV1_52|1|17|BY_IF
PR_CAL_100000000008_1006_283_PV1_71|PR_CAL_100000000008_1006_283_PV1_71|1|17|BY_IF
PR_CAL_100000000008_1006_9001_PV2_21|PR_CAL_100000000008_1006_9001_PV2_21|1|17|BY_IF
PR_CAL_100000000008_1003_9002_PV2_60_ALT|PR_CAL_100000000008_1003_9002_PV2_60_ALT|1|17|BY_IF
PR_CAL_100000000008_1003_9002_PV2_70_ALT|PR_CAL_100000000008_1003_9002_PV2_70_ALT|1|17|BY_IF
PR_CAL_100000000008_1006_283_PV1_60_ALT|PR_CAL_100000000008_1006_283_PV1_60_ALT|1|17|BY_IF
PR_CAL_100000000008_1006_283_PV1_70_ALT|PR_CAL_100000000008_1006_283_PV1_70_ALT|1|17|BY_IF
R_CAL_PLHcb_1003|R_CAL_PLHcb_1003|1|10|BY_IF
R_CAL_USPa_1003|R_CAL_USPa_1003|1|10|BY_IF
R_CAL_HDSbt_1003|R_CAL_HDSbt_1003|1|10|BY_IF
R_CAL_HDSia_1003|R_CAL_HDSia_1003|1|10|BY_IF
R_CAL_HWTbb_1003|R_CAL_HWTbb_1003|1|10|BY_IF
R_CAL_TTTa1_1003|R_CAL_TTTa1_1003|1|10|BY_IF
PR_CAL_100000000008_1003_285_PV1_21|PR_CAL_100000000008_1003_285_PV1_21|1|17|BY_IF
PR_CAL_100000000008_1003_285_PV1_51|PR_CAL_100000000008_1003_285_PV1_51|1|17|BY_IF
PR_CAL_100000000008_1003_285_PV1_52|PR_CAL_100000000008_1003_285_PV1_52|1|17|BY_IF
PR_CAL_100000000008_1003_285_PV1_71|PR_CAL_100000000008_1003_285_PV1_71|1|17|BY_IF
PR_CAL_100000000008_1003_9002_PV2_21|PR_CAL_100000000008_1003_9002_PV2_21|1|17|BY_IF
PR_CAL_100000000008_1006_9001_PV2_51|PR_CAL_100000000008_1006_9001_PV2_51|1|17|BY_IF
PR_CAL_100000000008_1006_9001_PV2_52|PR_CAL_100000000008_1006_9001_PV2_52|1|17|BY_IF
PR_CAL_100000000008_1006_9001_PV2_71|PR_CAL_100000000008_1006_9001_PV2_71|1|17|BY_IF
PR_CAL_100000000008_1003_285_PV1_60_ALT_1|PR_CAL_100000000008_1003_285_PV1_60_ALT_1|1|17|BY_IF
PR_CAL_100000000008_1003_285_PV1_60_ALT_2|PR_CAL_100000000008_1003_285_PV1_60_ALT_2|1|17|BY_IF
PR_CAL_100000000008_1003_285_PV1_70|PR_CAL_100000000008_1003_285_PV1_70|1|17|BY_IF
PR_CAL_100000000008_1006_9001_PV2_60_ALT_1|PR_CAL_100000000008_1006_9001_PV2_60_ALT_1|1|17|BY_IF
PR_CAL_100000000008_1006_9001_PV2_60_ALT_2|PR_CAL_100000000008_1006_9001_PV2_60_ALT_2|1|17|BY_IF
PR_CAL_100000000008_1006_9001_PV2_70_ALT|PR_CAL_100000000008_1006_9001_PV2_70_ALT|1|17|BY_IF
PR_CAL_2000-293-736_1004_2|PR_CAL_2000-293-736_1004_2|1|17|BY_IF
PR_CAL_2000-293-736_1004_3|PR_CAL_2000-293-736_1004_3|1|17|BY_IF
PR_CAL_2000-311-262_1004_2|PR_CAL_2000-311-262_1004_2|1|17|BY_IF
PR_CAL_2000-311-262_1004_3|PR_CAL_2000-311-262_1004_3|1|17|BY_IF
