RES|LOC|DESCR|TYPE|CAL|CHECKMAXCAP|STAGE|RELEASEFENCEDUR|PEGGINGSW|U_RESTYPE|U_HIERCOL_1|U_HIERCOL_2|U_PLANMODULE
Capacity Envelope 1|1004|Capacity Envelope 1|4|R_CAL_Capacity Envelope 1|4|AssyTestFinish|0|1|CAPACITY ENVELOPE|||BY_IF
CDAT envelop HPOb|1004|CDAT envelop HPOb|4|R_CAL_CDAT envelop HPOb|4|AssyTestFinish|0|1|CAPACITY ENVELOPE|||BY_IF
CDAT envelop STHp|1004|CDAT envelop STHp|4|R_CAL_CDAT envelop STHp|4|AssyTestFinish|0|1|CAPACITY ENVELOPE|||BY_IF
CD6_MTL U 2C+8A+GT1 15W|1004|CD6_MTL U 2C+8A+GT1 15W|4|R_CAL_CD6_MTL U 2C+8A+GT1 15W|4|AssyTestFinish|0|1|MAX CAPACITY ENVELOPE|||BY_IF
MTL_PROC_G1_PRODMIX_RES|VF_R|MTL_PROC_G1_PRODMIX_RES|4|R_CAL_PRODMIX_RES|1|AssyTestFinish|0|1|PROD MIX ENVELOPE|||BY_IF
MTL_PROC_G2_PRODMIX_RES|VF_R|MTL_PROC_G2_PRODMIX_RES|4|R_CAL_PRODMIX_RES|1|AssyTestFinish|0|1|PROD MIX ENVELOPE|||BY_IF
Capacity Envelope 2|1011|Capacity Envelope 2|4|R_CAL_Capacity Envelope 2|4|FINISH|0|1|CAPACITY ENVELOPE|||BY_IF
CDAT envelop NSB-A|1011|CDAT envelop NSB-A|4|R_CAL_CDAT envelop NSB-A|4|FIINISH|0|1|CAPACITY ENVELOPE|||BY_IF
Capacity Envelope 3|1012|Capacity Envelope 3|4|R_CAL_Capacity Envelope 3|4|TEST|0|1|CAPACITY ENVELOPE|||BY_IF
CDAT envelop NSB-B|1012|CDAT envelop NSB-B|4|R_CAL_CDAT envelop NSB-B|4|TEST|0|1|CAPACITY ENVELOPE|||BY_IF
Capacity Envelope 4|1029|Capacity Envelope 4|4|R_CAL_Capacity Envelope 4|4|ASSY|0|1|CAPACITY ENVELOPE|||BY_IF
CDAT envelop NSB-C|1029|CDAT envelop NSB-C|4|R_CAL_CDAT envelop NSB-C|4|ASSY|0|1|CAPACITY ENVELOPE|||BY_IF
RES_INTEL FOV-1_IFS_F21|1006|RES_INTEL FOV-1_IFS_F21|4|R_CAL_RES_INTEL FOV-1_IFS_F21|1|FAB|0|1|IFS PARTITION|INTEL FOV-1|CG-1227|BY_IF
RES_CG-1224_F21|1006|RES_CG-1224_F21|4|R_CAL_RES_CG-1224_F21|1|FAB|0|1|CAPACITY GROUP||CG-1224|BY_IF
RES_INTEL EMIB1.0-3_COMMON_F21|1006|RES_INTEL EMIB1.0-3_COMMON_F21|4|R_CAL_RES_INTEL EMIB1.0-3_COMMON_F21|1|FAB|0|1|COMMON CAPACITY PARTITION|INTEL EMIB1.0-3|CG-EMIB|BY_IF
RES_INTEL FOV-6_IFS_F21|1006|RES_INTEL FOV-6_IFS_F21|4|R_CAL_RES_INTEL FOV-6_IFS_F21|1|FAB|0|1|IFS PARTITION|INTEL FOV-6|CG-1227|BY_IF
RES_CG-EMIB_F21|1006|RES_CG-EMIB_F21|4|R_CAL_RES_CG-EMIB_F21|1|FAB|0|1|CAPACITY GROUP||CG-EMIB|BY_IF
RES_FLATTOP MOUNTAIN-TSD-4_8LF4CVA_F21|1006|RES_FLATTOP MOUNTAIN-TSD-4_8LF4CVA_F21|4|R_CAL_RES_FLATTOP MOUNTAIN-TSD-4_8LF4CVA_F21|4|FAB|0|1|RETICLES|C4 ONLY|CG-1224|BY_IF
RES_INTEL FOV-4_IFS_F21|1006|RES_INTEL FOV-4_IFS_F21|4|R_CAL_RES_INTEL FOV-4_IFS_F21|1|FAB|0|1|IFS PARTITION|INTEL FOV-4|CG-1227|BY_IF
RES_INTEL FOV-5_IFS_F21|1006|RES_INTEL FOV-5_IFS_F21|4|R_CAL_RES_INTEL FOV-5_IFS_F21|1|FAB|0|1|IFS PARTITION|INTEL FOV-5|CG-1227|BY_IF
RES_C4 ONLY_COMMON_F21|1006|RES_C4 ONLY_COMMON_F21|4|R_CAL_RES_C4 ONLY_COMMON_F21|1|FAB|0|1|COMMON CAPACITY PARTITION|C4 ONLY|CG-1224|BY_IF
RES_INTEL EMIB2.0-1_COMMON_F21|1006|RES_INTEL EMIB2.0-1_COMMON_F21|4|R_CAL_RES_INTEL EMIB2.0-1_COMMON_F21|1|FAB|0|1|COMMON CAPACITY PARTITION|INTEL EMIB2.0-1|CG-EMIB|BY_IF
RES_METEOR LAKE-BASE-P682_8POACVBA_F21|1006|RES_METEOR LAKE-BASE-P682_8POACVBA_F21|4|R_CAL_RES_METEOR LAKE-BASE-P682_8POACVBA_F21|4|FAB|564480|1|RETICLES|INTEL FOV-1|CG-1227|BY_IF
RES_CAYMAN POINT-BASE_8FCMCVB_F21|1006|RES_CAYMAN POINT-BASE_8FCMCVB_F21|4|R_CAL_RES_CAYMAN POINT-BASE_8FCMCVB_F21|4|FAB|564480|1|RETICLES|INTEL FOV-1|CG-1227|BY_IF
RES_INTEL FOV-7_COMMON_F21|1006|RES_INTEL FOV-7_COMMON_F21|4|R_CAL_RES_INTEL FOV-7_COMMON_F21|1|FAB|0|1|COMMON CAPACITY PARTITION|INTEL FOV-7|CG-1227|BY_IF
RES_INTEL FOV-5_COMMON_F21|1006|RES_INTEL FOV-5_COMMON_F21|4|R_CAL_RES_INTEL FOV-5_COMMON_F21|1|FAB|0|1|COMMON CAPACITY PARTITION|INTEL FOV-5|CG-1227|BY_IF
RES_INTEL FOV-7_IFS_F21|1006|RES_INTEL FOV-7_IFS_F21|4|R_CAL_RES_INTEL FOV-7_IFS_F21|1|FAB|0|1|IFS PARTITION|INTEL FOV-7|CG-1227|BY_IF
RES_INTEL FOV-2_COMMON_F21|1006|RES_INTEL FOV-2_COMMON_F21|4|R_CAL_RES_INTEL FOV-2_COMMON_F21|1|FAB|0|1|COMMON CAPACITY PARTITION|INTEL FOV-2|CG-1227|BY_IF
RES_C4 ONLY_COMMON_D1D|1006|RES_C4 ONLY_COMMON_D1D|4|R_CAL_RES_C4 ONLY_COMMON_D1D|1|FAB|0|1|COMMON CAPACITY PARTITION|C4 ONLY|CG-1224|BY_IF
RES_LAVA BRIDGE-12_8PJ2CVA_F21|1006|RES_LAVA BRIDGE-12_8PJ2CVA_F21|4|R_CAL_RES_LAVA BRIDGE-12_8PJ2CVA_F21|4|FAB|564480|1|RETICLES|INTEL EMIB2.0-1|CG-EMIB|BY_IF
RES_INTEL EMIB1.0-1_COMMON_F21|1006|RES_INTEL EMIB1.0-1_COMMON_F21|4|R_CAL_RES_INTEL EMIB1.0-1_COMMON_F21|1|FAB|0|1|COMMON CAPACITY PARTITION|INTEL EMIB1.0-1|CG-EMIB|BY_IF
RES_INTEL EMIB1.0-4_COMMON_F21|1006|RES_INTEL EMIB1.0-4_COMMON_F21|4|R_CAL_RES_INTEL EMIB1.0-4_COMMON_F21|1|FAB|0|1|COMMON CAPACITY PARTITION|INTEL EMIB1.0-4|CG-EMIB|BY_IF
RES_LUNAR LAKE-BASE-M442_8PURCVA_F21|1006|RES_LUNAR LAKE-BASE-M442_8PURCVA_F21|4|R_CAL_RES_LUNAR LAKE-BASE-M442_8PURCVA_F21|4|FAB|564480|1|RETICLES|INTEL FOV-1|CG-1227|BY_IF
RES_FLATTOP MOUNTAIN-TSD-4_8LF4CVA_D1D|1006|RES_FLATTOP MOUNTAIN-TSD-4_8LF4CVA_D1D|4|R_CAL_RES_FLATTOP MOUNTAIN-TSD-4_8LF4CVA_D1D|4|FAB|0|1|RETICLES|C4 ONLY|CG-1224|BY_IF
RES_CG-1224_D1D|1006|RES_CG-1224_D1D|4|R_CAL_RES_CG-1224_D1D|1|FAB|0|1|CAPACITY GROUP||CG-1224|BY_IF
RES_INTEL FOV-1_COMMON_F21|1006|RES_INTEL FOV-1_COMMON_F21|4|R_CAL_RES_INTEL FOV-1_COMMON_F21|1|FAB|0|1|COMMON CAPACITY PARTITION|INTEL FOV-1|CG-1227|BY_IF
RES_INTEL EMIB1.0-2_COMMON_F21|1006|RES_INTEL EMIB1.0-2_COMMON_F21|4|R_CAL_RES_INTEL EMIB1.0-2_COMMON_F21|1|FAB|0|1|COMMON CAPACITY PARTITION|INTEL EMIB1.0-2|CG-EMIB|BY_IF
RES_CG-1227_F21|1006|RES_CG-1227_F21|4|R_CAL_RES_CG-1227_F21|1|FAB|0|1|CAPACITY GROUP||CG-1227|BY_IF
RES_INTEL FOV-2_IFS_F21|1006|RES_INTEL FOV-2_IFS_F21|4|R_CAL_RES_INTEL FOV-2_IFS_F21|1|FAB|0|1|IFS PARTITION|INTEL FOV-2|CG-1227|BY_IF
RES_INTEL FOV-4_COMMON_F21|1006|RES_INTEL FOV-4_COMMON_F21|4|R_CAL_RES_INTEL FOV-4_COMMON_F21|1|FAB|0|1|COMMON CAPACITY PARTITION|INTEL FOV-4|CG-1227|BY_IF
RES_INTEL FOV-6_COMMON_F21|1006|RES_INTEL FOV-6_COMMON_F21|4|R_CAL_RES_INTEL FOV-6_COMMON_F21|1|FAB|0|1|COMMON CAPACITY PARTITION|INTEL FOV-6|CG-1227|BY_IF
ACWaa_1006|1006|ACWaa_1006|4|R_CAL_ACWaa_1006|4|WLA|0|1|WLA_SUBSTAGE_CAPACITY|||BY_IF
N3Ech_1006|1006|N3Ech_1006|4|R_CAL_N3Ech_1006|4|WLA|0|1|WLA_SUBSTAGE_CAPACITY|||BY_IF
PLHcb_1006|1006|PLHcb_1006|4|R_CAL_PLHcb_1006|4|WLA|0|1|WLA_SUBSTAGE_CAPACITY|||BY_IF
CEVci_1006|1006|CEVci_1006|4|R_CAL_CEVci_1006|4|WLA|0|1|WLA_SUBSTAGE_CAPACITY|||BY_IF
EXDba_1006|1006|EXDba_1006|4|R_CAL_EXDba_1006|4|WLA|0|1|WLA_SUBSTAGE_CAPACITY|||BY_IF
DCOe_1006|1006|DCOe_1006|4|R_CAL_DCOe_1006|4|WLA|0|1|WLA_SUBSTAGE_CAPACITY|||BY_IF
USPa_1006|1006|USPa_1006|4|R_CAL_USPa_1006|4|WLA|0|1|WLA_SUBSTAGE_CAPACITY|||BY_IF
HDSih_1006|1006|HDSih_1006|4|R_CAL_HDSih_1006|4|WLA|0|1|WLA_SUBSTAGE_CAPACITY|||BY_IF
HDSia_1006|1006|HDSia_1006|4|R_CAL_HDSia_1006|4|WLA|0|1|WLA_SUBSTAGE_CAPACITY|||BY_IF
WTTaa_1006|1006|WTTaa_1006|4|R_CAL_WTTaa_1006|4|WLA|0|1|WLA_SUBSTAGE_CAPACITY|||BY_IF
HWTbb_1006|1006|HWTbb_1006|4|R_CAL_HWTbb_1006|4|WLA|0|1|WLA_SUBSTAGE_CAPACITY|||BY_IF
TTTa1_1006|1006|TTTa1_1006|4|R_CAL_TTTa1_1006|4|WLA|0|1|WLA_SUBSTAGE_CAPACITY|||BY_IF
ACWaa_1003|1003|ACWaa_1003|4|R_CAL_ACWaa_1003|4|WLA|0|1|WLA_SUBSTAGE_CAPACITY|||BY_IF
N3Ech_1003|1003|N3Ech_1003|4|R_CAL_N3Ech_1003|4|WLA|0|1|WLA_SUBSTAGE_CAPACITY|||BY_IF
PLHcb_1003|1003|PLHcb_1003|4|R_CAL_PLHcb_1003|4|WLA|0|1|WLA_SUBSTAGE_CAPACITY|||BY_IF
CEVci_1003|1003|CEVci_1003|4|R_CAL_CEVci_1003|4|WLA|0|1|WLA_SUBSTAGE_CAPACITY|||BY_IF
EXDba_1003|1003|EXDba_1003|4|R_CAL_EXDba_1003|4|WLA|0|1|WLA_SUBSTAGE_CAPACITY|||BY_IF
DCOe_1003|1003|DCOe_1003|4|R_CAL_DCOe_1003|4|WLA|0|1|WLA_SUBSTAGE_CAPACITY|||BY_IF
USPa_1003|1003|USPa_1003|4|R_CAL_USPa_1003|4|WLA|0|1|WLA_SUBSTAGE_CAPACITY|||BY_IF
HDSbd_1003|1003|HDSbd_1003|4|R_CAL_HDSbd_1003|4|WLA|0|1|WLA_SUBSTAGE_CAPACITY|||BY_IF
HDSbt_1003|1003|HDSbt_1003|4|R_CAL_HDSbt_1003|4|WLA|0|1|WLA_SUBSTAGE_CAPACITY|||BY_IF
HDSia_1003|1003|HDSia_1003|4|R_CAL_HDSia_1003|4|WLA|0|1|WLA_SUBSTAGE_CAPACITY|||BY_IF
WTTaa_1003|1003|WTTaa_1003|4|R_CAL_WTTaa_1003|4|WLA|0|1|WLA_SUBSTAGE_CAPACITY|||BY_IF
HWTbb_1003|1003|HWTbb_1003|4|R_CAL_HWTbb_1003|4|WLA|0|1|WLA_SUBSTAGE_CAPACITY|||BY_IF
TTTa1_1003|1003|TTTa1_1003|4|R_CAL_TTTa1_1003|4|WLA|0|1|WLA_SUBSTAGE_CAPACITY|||BY_IF
RES_ST-1006-1003|TLOC|RES_ST-1006-1003|4|R_CAL_RES_ST-1006-1003|4|WLA|0|1|WLA_TRANSTAGE_CAPACITY|||BY_IF
RES_ST-1003-1006|TLOC|RES_ST-1003-1006|4|R_CAL_RES_ST-1003-1006|4|WLA|0|1|WLA_TRANSTAGE_CAPACITY|||BY_IF
RES_LNL M442 CPU XIU_ARR|1006|RES_LNL M442 CPU XIU_ARR|4|IF_RCAL_RES_LNL M442 CPU XIU_ARR|4|SORT|564480|1|Equipment|||BY_IF
RES_CEVcn_F11X_SDA_F21|1006|RES_CEVcn_F11X_SDA_F21|4|IF_RCAL_RES_CEVcn_F11X_SDA_F21|4|BUMP|564480|1|Equipment|||BY_IF
RES_TTTa1_AR4|1003|RES_TTTa1_AR4|4|IF_RCAL_RES_TTTa1_AR4|4|SORT|564480|1|Equipment|||BY_IF
RES_METEOR LAKE-IOE-P - COLD-COLD_ARR|1006|RES_METEOR LAKE-IOE-P - COLD-COLD_ARR|4|IF_RCAL_RES_METEOR LAKE-IOE-P - COLD-COLD_ARR|4|SORT|564480|1|Equipment|||BY_IF
RES_C4_PATcf_FAL|1020|RES_C4_PATcf_FAL|4|IF_RCAL_RES_C4_PATcf_FAL|4|BUMP|564480|1|Equipment|||BY_IF
RES_LUNAR LAKE 4 4 2 M BASE-COLD_ARR|1006|RES_LUNAR LAKE 4 4 2 M BASE-COLD_ARR|4|IF_RCAL_RES_LUNAR LAKE 4 4 2 M BASE-COLD_ARR|4|SORT|564480|1|Equipment|||BY_IF
RES_CAYMAN POINT-BASE-COLD_ARR|1006|RES_CAYMAN POINT-BASE-COLD_ARR|4|IF_RCAL_RES_CAYMAN POINT-BASE-COLD_ARR|4|SORT|564480|1|Equipment|||BY_IF
RES_LAVA BRIDGE-12-COLD_ARR|1006|RES_LAVA BRIDGE-12-COLD_ARR|4|IF_RCAL_RES_LAVA BRIDGE-12-COLD_ARR|4|SORT|564480|1|Equipment|||BY_IF
RES_WTTaa_AR4|1003|RES_WTTaa_AR4|4|IF_RCAL_RES_WTTaa_AR4|4|SORT|564480|1|Equipment|||BY_IF
RES_LNL SOC M XIU_ARR|1006|RES_LNL SOC M XIU_ARR|4|IF_RCAL_RES_LNL SOC M XIU_ARR|4|SORT|564480|1|Equipment|||BY_IF
RES_XIU_ARLSOCM_AR4|1003|RES_XIU_ARLSOCM_AR4|4|IF_RCAL_RES_XIU_ARLSOCM_AR4|4|SORT|564480|1|Equipment|||BY_IF
RES_CAYMAN POINT IPD-COLD_ARR|1006|RES_CAYMAN POINT IPD-COLD_ARR|4|IF_RCAL_RES_CAYMAN POINT IPD-COLD_ARR|4|SORT|564480|1|Equipment|||BY_IF
RES_METEOR LAKE-FOV-X27-25_82-COLD_ARR|1006|RES_METEOR LAKE-FOV-X27-25_82-COLD_ARR|4|IF_RCAL_RES_METEOR LAKE-FOV-X27-25_82-COLD_ARR|4|SORT|564480|1|Equipment|||BY_IF
RES_XIU_MTLGPUP_AR4|1003|RES_XIU_MTLGPUP_AR4|4|IF_RCAL_RES_XIU_MTLGPUP_AR4|4|SORT|564480|1|Equipment|||BY_IF
RES_C4_LRP_DSTcg_FAL|1020|RES_C4_LRP_DSTcg_FAL|4|IF_RCAL_RES_C4_LRP_DSTcg_FAL|4|BUMP|564480|1|Equipment|||BY_IF
RES_HoP4k_448_Prec_ARR|1006|RES_HoP4k_448_Prec_ARR|4|IF_RCAL_RES_HoP4k_448_Prec_ARR|4|SORT|564480|1|Equipment|||BY_IF
RES_HWTaa_ARR|1006|RES_HWTaa_ARR|4|IF_RCAL_RES_HWTaa_ARR|4|SORT|564480|1|Equipment|||BY_IF
RES_WTTaa_ARR|1006|RES_WTTaa_ARR|4|IF_RCAL_RES_WTTaa_ARR|4|SORT|564480|1|Equipment|||BY_IF
RES_MTL GPU P XIU_ARR|1006|RES_MTL GPU P XIU_ARR|4|IF_RCAL_RES_MTL GPU P XIU_ARR|4|SORT|564480|1|Equipment|||BY_IF
RES_CSG_CSP_F11X_SDA_F21|1006|RES_CSG_CSP_F11X_SDA_F21|4|IF_RCAL_RES_CSG_CSP_F11X_SDA_F21|4|BUMP|564480|1|Equipment|||BY_IF
RES_TTTa1_ARR|1006|RES_TTTa1_ARR|4|IF_RCAL_RES_TTTa1_ARR|4|SORT|564480|1|Equipment|||BY_IF
RES_USPa_AR4|1003|RES_USPa_AR4|4|IF_RCAL_RES_USPa_AR4|4|SORT|564480|1|Equipment|||BY_IF
RES_C4_LRP_CEVcn_F21|1006|RES_C4_LRP_CEVcn_F21|4|IF_RCAL_RES_C4_LRP_CEVcn_F21|4|BUMP|564480|1|Equipment|||BY_IF
RES_NO_SORT_RESOURCE_SAL_SAL|1020|RES_NO_SORT_RESOURCE_SAL_SAL|4|IF_RCAL_RES_NO_SORT_RESOURCE_SAL_SAL|4|SORT|10080|1|Equipment|||BY_IF
RES_TTTa1_SAL|1020|RES_TTTa1_SAL|4|IF_RCAL_RES_TTTa1_SAL|4|SORT|564480|1|Equipment|||BY_IF
RES_USPa_SAL|1020|RES_USPa_SAL|4|IF_RCAL_RES_USPa_SAL|4|SORT|564480|1|Equipment|||BY_IF
RES_WTTaa_SAL|1020|RES_WTTaa_SAL|4|IF_RCAL_RES_WTTaa_SAL|4|SORT|564480|1|Equipment|||BY_IF
RES_XIU_LNLCPU_SAL|1020|RES_XIU_LNLCPU_SAL|4|IF_RCAL_RES_XIU_LNLCPU_SAL|4|SORT|564480|1|Equipment|||BY_IF
RES_XIU_LNLSOCM_SAL|1020|RES_XIU_LNLSOCM_SAL|4|IF_RCAL_RES_XIU_LNLSOCM_SAL|4|SORT|564480|1|Equipment|||BY_IF
VNAT envelop EPXx|1004|VNAT envelop EPXx|4|R_CAL_VNAT envelop EPXx|4|FINISH|0|1|CAPACITY ENVELOPE|||BY_IF
VNAT envelop HXVab|1004|VNAT envelop HXVab|4|R_CAL_VNAT envelop HXVab|4|FIINISH|0|1|CAPACITY ENVELOPE|||BY_IF
SS_LNL M 4+4+2 16x2GB|1004|SS_LNL M 4+4+2 16x2GB|4|R_CAL_SS_LNL M 4+4+2 16x2GB|4|FINISH|0|1|MAX CAPACITY ENVELOPE|||BY_IF
VNAT envelop EPX|1011|VNAT envelop EPX|4|R_CAL_VNAT envelop EPX|4|TEST|0|1|CAPACITY ENVELOPE|||BY_IF
VNAT envelop HXV|1011|VNAT envelop HXV|4|R_CAL_VNAT envelop HXV|4|TEST|0|1|CAPACITY ENVELOPE|||BY_IF
VNAT envelop EP-Assy|1029|VNAT envelop EP-Assy|4|R_CAL_VNAT envelop EP-Assy|4|ASSY|0|1|CAPACITY ENVELOPE|||BY_IF
VNAT envelop HX-Assy|1029|VNAT envelop HX-Assy|4|R_CAL_VNAT envelop HX-Assy|4|ASSY|0|1|CAPACITY ENVELOPE|||BY_IF
RES_IHS-N44236-002|VF_S|RES_IHS-N44236-002|4|R_CAL_IHS-N44236-002|4|ASSY|365|1|SUPPLIER RTF|||BY_IF
RES_SubstrateMaxGrp|VF_S|RES_SubstrateMaxGrp|4|R_CAL_SubstrateMaxGrp|4|ASSY|365|1|SUPPLIER RTF|||BY_IF
RES_STD_CORE|VF_S|RES_STD_CORE|4|R_CAL_STD_CORE|4|ASSY|365|1|SUPPLIER RTF|||BY_IF
KuAT_Envelop_TSXf|1004|KuAT_Envelop_TSXf|4|R_CAL_KuAT_Envelop_TSXf|4|AssyTestFinish|0|1|CAPACITY ENVELOPE|||BY_IF
KM5_CaymanPoint|1004|KM5_CaymanPoint|4|R_CAL_KM5_CaymanPoint|4|AssyTestFinish|0|1|CAPACITY ENVELOPE|||BY_IF
VNAT envelop EP-Assy|1004|VNAT envelop EP-Assy|4|R_CAL_VNAT envelop EP-Assy|4|ASSY|0|1|CAPACITY ENVELOPE|||BY_IF
VNAT envelop HX-Assy|1004|VNAT envelop HX-Assy|4|R_CAL_VNAT envelop HX-Assy|4|ASSY|0|1|CAPACITY ENVELOPE|||BY_IF
