ITEM|SUBORD|LOC|BOMNUM|OFFSET|EFF|DISC|DRAWQTY|YIELDCAL|YIELDFACTOR|U_INTEL_BOMID|U_PLANMODULE
100000000005|100000000107|1004|305|0|01-01-1970|01-01-9999|1|IF_BOM_YCAL_100000000005_1004|100||BY_IF
100000000005|100000000107|1011|306|0|01-01-1970|01-01-9999|1|IF_BOM_YCAL_100000000005_1011|100||BY_IF
100000000004|100000000006|1004|303|0|01-01-1970|01-01-9999|1|IF_BOM_YCAL_100000000004_1004|100||BY_IF
100000000004|100000000006|1011|304|0|01-01-1970|01-01-9999|1|IF_BOM_YCAL_100000000004_1011|100||BY_IF
100000000107|2000-291-742|1004|310|0|01-01-1970|01-01-9999|1|IF_BOM_YCAL_100000000107_1004|100||BY_IF
100000000107|2000-291-742|1011|311|0|01-01-1970|01-01-9999|1|IF_BOM_YCAL_100000000107_1011|100||BY_IF
100000000006|2000-291-749|1004|308|0|01-01-1970|01-01-9999|1|IF_BOM_YCAL_100000000006_1004|100||BY_IF
100000000006|2000-291-749|1011|309|0|01-01-1970|01-01-9999|1|IF_BOM_YCAL_100000000006_1011|100||BY_IF
2000-291-742|100000000036|1004|162|0|01-01-1970|01-01-9999|1|IF_BOM_YCAL_2000-291-742_1004|100||BY_IF
2000-291-742|100000000035|1004|162|0|01-01-1970|01-01-9999|1|IF_BOM_YCAL_2000-291-742_1004|100||BY_IF
2000-291-742|100000000025|1004|162|0|01-01-1970|01-01-9999|1|IF_BOM_YCAL_2000-291-742_1004|100||BY_IF
2000-291-742|100000000036|1011|314|0|01-01-1970|01-01-9999|1|IF_BOM_YCAL_2000-291-742_1011|100||BY_IF
2000-291-742|100000000035|1011|314|0|01-01-1970|01-01-9999|1|IF_BOM_YCAL_2000-291-742_1011|100||BY_IF
2000-291-742|100000000025|1011|314|0|01-01-1970|01-01-9999|1|IF_BOM_YCAL_2000-291-742_1011|100||BY_IF
2000-291-749|100000000036|1004|161|0|01-01-1970|01-01-9999|1|IF_BOM_YCAL_2000-291-749_1004|100||BY_IF
2000-291-749|100000000035|1004|161|0|01-01-1970|01-01-9999|1|IF_BOM_YCAL_2000-291-749_1004|100||BY_IF
2000-291-749|100000000024|1004|161|0|01-01-1970|01-01-9999|1|IF_BOM_YCAL_2000-291-749_1004|100||BY_IF
2000-291-749|100000000036|1011|313|0|01-01-1970|01-01-9999|1|IF_BOM_YCAL_2000-291-749_1011|100||BY_IF
2000-291-749|100000000035|1011|313|0|01-01-1970|01-01-9999|1|IF_BOM_YCAL_2000-291-749_1011|100||BY_IF
2000-291-749|100000000024|1011|313|0|01-01-1970|01-01-9999|1|IF_BOM_YCAL_2000-291-749_1011|100||BY_IF
100000000008|2000-288-671|1003|285|0|01-01-1970|01-01-9999|1|IF_BOM_YCAL_100000000008_1003|100||BY_IF
100000000008|2000-288-671|1006|283|0|01-01-1970|01-01-9999|1|IF_BOM_YCAL_100000000008_1006|100||BY_IF
2000-288-671|100000000026|1003|211|0|01-01-1970|01-01-9999|1|IF_BOM_YCAL_2000-288-671_1003|100||BY_IF
2000-288-671|100000000026|1006|210|0|01-01-1970|01-01-9999|1|IF_BOM_YCAL_2000-288-671_1006|100||BY_IF
2000-288-677|100000000026|1003|215|0|01-01-1970|01-01-9999|1|IF_BOM_YCAL_2000-288-677_1003|100||BY_IF
2000-288-677|100000000026|1006|214|0|01-01-1970|01-01-9999|1|IF_BOM_YCAL_2000-288-677_1006|100||BY_IF
2000-288-665|100000000026|1003|216|0|01-01-1970|01-01-9999|1|IF_BOM_YCAL_2000-288-665_1003|100||BY_IF
2000-288-665|100000000026|1006|217|0|01-01-1970|01-01-9999|1|IF_BOM_YCAL_2000-288-665_1006|100||BY_IF
2000-288-661|100000000026|1003|219|0|01-01-1970|01-01-9999|1|IF_BOM_YCAL_2000-288-661_1003|100||BY_IF
2000-288-661|100000000026|1006|218|0|01-01-1970|01-01-9999|1|IF_BOM_YCAL_2000-288-661_1006|100||BY_IF
2000-295-273|100000000026|1003|220|0|01-01-1970|01-01-9999|1|IF_BOM_YCAL_2000-295-273_1003|100||BY_IF
2000-295-273|100000000026|1006|221|0|01-01-1970|01-01-9999|1|IF_BOM_YCAL_2000-295-273_1006|100||BY_IF
2000-288-671|100000000027|1003|211|0|01-01-1970|01-01-9999|1|IF_BOM_YCAL_2000-288-671_1003|100||BY_IF
2000-288-671|100000000027|1006|210|0|01-01-1970|01-01-9999|1|IF_BOM_YCAL_2000-288-671_1006|100||BY_IF
2000-288-667|100000000027|1003|212|0|01-01-1970|01-01-9999|1|IF_BOM_YCAL_2000-288-667_1003|100||BY_IF
2000-288-667|100000000027|1006|213|0|01-01-1970|01-01-9999|1|IF_BOM_YCAL_2000-288-667_1006|100||BY_IF
2000-288-677|100000000027|1003|215|0|01-01-1970|01-01-9999|1|IF_BOM_YCAL_2000-288-677_1003|100||BY_IF
2000-288-677|100000000027|1006|214|0|01-01-1970|01-01-9999|1|IF_BOM_YCAL_2000-288-677_1006|100||BY_IF
2000-288-665|100000000027|1003|216|0|01-01-1970|01-01-9999|1|IF_BOM_YCAL_2000-288-665_1003|100||BY_IF
2000-288-665|100000000027|1006|217|0|01-01-1970|01-01-9999|1|IF_BOM_YCAL_2000-288-665_1006|100||BY_IF
2000-288-661|100000000027|1003|219|0|01-01-1970|01-01-9999|1|IF_BOM_YCAL_2000-288-661_1003|100||BY_IF
2000-288-661|100000000027|1006|218|0|01-01-1970|01-01-9999|1|IF_BOM_YCAL_2000-288-661_1006|100||BY_IF
2000-295-273|100000000027|1003|220|0|01-01-1970|01-01-9999|1|IF_BOM_YCAL_2000-295-273_1003|100||BY_IF
2000-295-273|100000000027|1006|221|0|01-01-1970|01-01-9999|1|IF_BOM_YCAL_2000-295-273_1006|100||BY_IF
2000-288-671|100000000028|1003|211|0|01-01-1970|01-01-9999|1|IF_BOM_YCAL_2000-288-671_1003|100||BY_IF
2000-288-671|100000000028|1006|210|0|01-01-1970|01-01-9999|1|IF_BOM_YCAL_2000-288-671_1006|100||BY_IF
2000-288-667|100000000028|1003|212|0|01-01-1970|01-01-9999|1|IF_BOM_YCAL_2000-288-667_1003|100||BY_IF
2000-288-667|100000000028|1006|213|0|01-01-1970|01-01-9999|1|IF_BOM_YCAL_2000-288-667_1006|100||BY_IF
2000-288-665|100000000028|1003|216|0|01-01-1970|01-01-9999|1|IF_BOM_YCAL_2000-288-665_1003|100||BY_IF
2000-288-665|100000000028|1006|217|0|01-01-1970|01-01-9999|1|IF_BOM_YCAL_2000-288-665_1006|100||BY_IF
2000-288-671|100000000029|1003|211|0|01-01-1970|01-01-9999|1|IF_BOM_YCAL_2000-288-671_1003|100||BY_IF
2000-288-671|100000000029|1006|210|0|01-01-1970|01-01-9999|1|IF_BOM_YCAL_2000-288-671_1006|100||BY_IF
2000-288-667|100000000029|1003|212|0|01-01-1970|01-01-9999|1|IF_BOM_YCAL_2000-288-667_1003|100||BY_IF
2000-288-667|100000000029|1006|213|0|01-01-1970|01-01-9999|1|IF_BOM_YCAL_2000-288-667_1006|100||BY_IF
2000-288-677|100000000029|1003|215|0|01-01-1970|01-01-9999|1|IF_BOM_YCAL_2000-288-677_1003|100||BY_IF
2000-288-661|100000000029|1003|219|0|01-01-1970|01-01-9999|1|IF_BOM_YCAL_2000-288-661_1003|100||BY_IF
2000-288-661|100000000029|1006|218|0|01-01-1970|01-01-9999|1|IF_BOM_YCAL_2000-288-661_1006|100||BY_IF
2000-288-667|100000000030|1003|212|0|01-01-1970|01-01-9999|1|IF_BOM_YCAL_2000-288-667_1003|100||BY_IF
2000-288-667|100000000030|1006|213|0|01-01-1970|01-01-9999|1|IF_BOM_YCAL_2000-288-667_1006|100||BY_IF
2000-288-677|100000000029|1006|214|0|01-01-1970|01-01-9999|1|IF_BOM_YCAL_2000-288-677_1006|100||BY_IF
2000-288-677|100000000031|1003|215|0|01-01-1970|01-01-9999|1|IF_BOM_YCAL_2000-288-677_1003|100||BY_IF
2000-288-677|100000000031|1006|214|0|01-01-1970|01-01-9999|1|IF_BOM_YCAL_2000-288-677_1006|100||BY_IF
2000-288-665|100000000032|1003|216|0|01-01-1970|01-01-9999|1|IF_BOM_YCAL_2000-288-665_1003|100||BY_IF
2000-288-665|100000000032|1006|217|0|01-01-1970|01-01-9999|1|IF_BOM_YCAL_2000-288-665_1006|100||BY_IF
2000-295-273|100000000032|1003|220|0|01-01-1970|01-01-9999|1|IF_BOM_YCAL_2000-295-273_1003|100||BY_IF
2000-295-273|100000000032|1006|221|0|01-01-1970|01-01-9999|1|IF_BOM_YCAL_2000-295-273_1006|100||BY_IF
2000-288-661|100000000033|1003|219|0|01-01-1970|01-01-9999|1|IF_BOM_YCAL_2000-288-661_1003|100||BY_IF
2000-288-661|100000000033|1006|218|0|01-01-1970|01-01-9999|1|IF_BOM_YCAL_2000-288-661_1006|100||BY_IF
2000-295-273|100000000033|1003|220|0|01-01-1970|01-01-9999|1|IF_BOM_YCAL_2000-295-273_1003|100||BY_IF
2000-295-273|100000000033|1006|221|0|01-01-1970|01-01-9999|1|IF_BOM_YCAL_2000-295-273_1006|100||BY_IF
100000000009|2000-281-427|1003|315|0|01-01-1970|01-01-9999|1|IF_BOM_YCAL_100000000009_1003|100||BY_IF
100000000009|2000-281-427|1006|316|0|01-01-1970|01-01-9999|1|IF_BOM_YCAL_100000000009_1006|100||BY_IF
100000000110|100000000034|1003|289|0|01-01-1970|01-01-9999|1|IF_BOM_YCAL_100000000110_1003|100||BY_IF
100000000110|100000000034|1006|290|0|01-01-1970|01-01-9999|1|IF_BOM_YCAL_100000000110_1006|100||BY_IF
100000000111|2000-281-512|1003|321|0|01-01-1970|01-01-9999|1|IF_BOM_YCAL_100000000111_1003|100||BY_IF
100000000111|2000-281-512|1006|322|0|01-01-1970|01-01-9999|1|IF_BOM_YCAL_100000000111_1006|100||BY_IF
100000000112|2000-281-514|1003|293|0|01-01-1970|01-01-9999|1|IF_BOM_YCAL_100000000112_1003|100||BY_IF
100000000112|2000-281-514|1006|317|0|01-01-1970|01-01-9999|1|IF_BOM_YCAL_100000000112_1006|100||BY_IF
100000000113|2000-281-391|1003|318|0|01-01-1970|01-01-9999|1|IF_BOM_YCAL_100000000113_1003|100||BY_IF
100000000113|2000-281-391|1006|295|0|01-01-1970|01-01-9999|1|IF_BOM_YCAL_100000000113_1006|100||BY_IF
2000-280-868|2000-001-049|1003|243|0|01-01-1970|01-01-9999|1|IF_BOM_YCAL_2000-280-868_1003|100||BY_IF
2000-280-868|2000-001-049|1006|242|0|01-01-1970|01-01-9999|1|IF_BOM_YCAL_2000-280-868_1006|100||BY_IF
2000-281-512|2000-281-446|1003|244|0|01-01-1970|01-01-9999|1|IF_BOM_YCAL_2000-281-512_1003|100||BY_IF
2000-281-512|2000-281-446|1006|245|0|01-01-1970|01-01-9999|1|IF_BOM_YCAL_2000-281-512_1006|100||BY_IF
2000-281-514|2000-281-452|1003|247|0|01-01-1970|01-01-9999|1|IF_BOM_YCAL_2000-281-514_1003|100||BY_IF
2000-281-514|2000-281-452|1006|246|0|01-01-1970|01-01-9999|1|IF_BOM_YCAL_2000-281-514_1006|100||BY_IF
2000-281-427|2000-281-424|1003|240|0|01-01-1970|01-01-9999|1|IF_BOM_YCAL_2000-281-427_1003|100||BY_IF
2000-281-427|2000-281-424|1006|241|0|01-01-1970|01-01-9999|1|IF_BOM_YCAL_2000-281-427_1006|100||BY_IF
2000-281-391|2000-001-050|1003|248|0|01-01-1970|01-01-9999|1|IF_BOM_YCAL_2000-281-391_1003|100||BY_IF
2000-281-391|2000-001-050|1006|249|0|01-01-1970|01-01-9999|1|IF_BOM_YCAL_2000-281-391_1006|100||BY_IF
2000-281-424|100000000101|1020|251|0|01-01-1970|01-01-9999|1|IF_BOM_YCAL_2000-281-424_1020|100||BY_IF
2000-281-424|100000000101|1006|252|0|01-01-1970|01-01-9999|1|IF_BOM_YCAL_2000-281-424_1006|100||BY_IF
2000-001-049|2000-280-869|1020|298|0|01-01-1970|01-01-9999|1|IF_BOM_YCAL_2000-001-049_1020|100||BY_IF
2000-001-049|2000-280-869|1006|253|0|01-01-1970|01-01-9999|1|IF_BOM_YCAL_2000-001-049_1006|100||BY_IF
2000-281-446|100000000102|1020|269|0|01-01-1970|01-01-9999|1|IF_BOM_YCAL_2000-281-446_1020|100||BY_IF
2000-281-446|100000000102|1006|268|0|01-01-1970|01-01-9999|1|IF_BOM_YCAL_2000-281-446_1006|100||BY_IF
2000-281-452|100000000103|1020|270|0|01-01-1970|01-01-9999|1|IF_BOM_YCAL_2000-281-452_1020|100||BY_IF
2000-281-452|100000000103|1006|271|0|01-01-1970|01-01-9999|1|IF_BOM_YCAL_2000-281-452_1006|100||BY_IF
2000-001-050|2000-281-396|1020|273|0|01-01-1970|01-01-9999|1|IF_BOM_YCAL_2000-001-050_1020|100||BY_IF
2000-001-050|2000-281-396|1006|272|0|01-01-1970|01-01-9999|1|IF_BOM_YCAL_2000-001-050_1006|100||BY_IF
2000-280-869|823-3072-20|1003|274|0|01-01-1970|01-01-9999|1|IF_BOM_YCAL_2000-280-869_1003|100||BY_IF
2000-280-869|823-3072-20|1006|275|0|01-01-1970|01-01-9999|1|IF_BOM_YCAL_2000-280-869_1006|100||BY_IF
2000-281-396|821-3110-59|1003|277|0|01-01-1970|01-01-9999|1|IF_BOM_YCAL_2000-281-396_1003|100||BY_IF
2000-281-396|821-3110-59|1006|276|0|01-01-1970|01-01-9999|1|IF_BOM_YCAL_2000-281-396_1006|100||BY_IF
2000-288-671|100000000110|1003|211|0|01-01-1970|01-01-9999|1|IF_BOM_YCAL_2000-288-671_1003|100||BY_IF
2000-288-677|100000000110|1003|215|0|01-01-1970|01-01-9999|1|IF_BOM_YCAL_2000-288-677_1003|100||BY_IF
2000-288-665|100000000110|1003|216|0|01-01-1970|01-01-9999|1|IF_BOM_YCAL_2000-288-665_1003|100||BY_IF
2000-288-667|100000000110|1003|212|0|01-01-1970|01-01-9999|1|IF_BOM_YCAL_2000-288-667_1003|100||BY_IF
2000-288-661|100000000110|1003|219|0|01-01-1970|01-01-9999|1|IF_BOM_YCAL_2000-288-661_1003|100||BY_IF
2000-295-273|100000000110|1003|220|0|01-01-1970|01-01-9999|1|IF_BOM_YCAL_2000-295-273_1003|100||BY_IF
2000-288-665|100000000110|1006|217|0|01-01-1970|01-01-9999|1|IF_BOM_YCAL_2000-288-665_1006|100||BY_IF
2000-288-667|100000000110|1006|213|0|01-01-1970|01-01-9999|1|IF_BOM_YCAL_2000-288-667_1006|100||BY_IF
2000-288-661|100000000110|1006|218|0|01-01-1970|01-01-9999|1|IF_BOM_YCAL_2000-288-661_1006|100||BY_IF
2000-295-273|100000000110|1006|221|0|01-01-1970|01-01-9999|1|IF_BOM_YCAL_2000-295-273_1006|100||BY_IF
2000-288-671|100000000110|1006|210|0|01-01-1970|01-01-9999|1|IF_BOM_YCAL_2000-288-671_1006|100||BY_IF
2000-288-677|100000000110|1006|214|0|01-01-1970|01-01-9999|1|IF_BOM_YCAL_2000-288-677_1006|100||BY_IF
2001-001-001|2000-311-262|1004|388|0|01-01-1970|01-01-9999|1|IF_BOM_YCAL_2001-001-001_1004|100||BY_IF
2001-001-001|2000-311-262|1011|389|0|01-01-1970|01-01-9999|1|IF_BOM_YCAL_2001-001-001_1011|100||BY_IF
2000-311-262|100000002001|1004|390|0|01-01-1970|01-01-9999|1|IF_BOM_YCAL_2000-311-262_1004|100||BY_IF
2000-311-262|100000002023|1004|390|0|01-01-1970|01-01-9999|1|IF_BOM_YCAL_2000-311-262_1004|100||BY_IF
2000-311-262|100000002023|1029|391|0|01-01-1970|01-01-9999|1|IF_BOM_YCAL_2000-311-262_1029|100||BY_IF
2000-311-262|100000002001|1029|391|0|01-01-1970|01-01-9999|1|IF_BOM_YCAL_2000-311-262_1029|100||BY_IF
100000002011|2000-293-736|1004|445|0|01-01-1970|01-01-9999|1|IF_BOM_YCAL_100000002011_1004|100||BY_IF
2000-293-736|100000002002|1004|378|0|01-01-1970|01-01-9999|1|IF_BOM_YCAL_2000-293-736_1004|100||BY_IF
2000-293-736|100000002007|1004|378|0|01-01-1970|01-01-9999|1|IF_BOM_YCAL_2000-293-736_1004|100||BY_IF
2000-293-736|100000002002|1029|379|0|01-01-1970|01-01-9999|1|IF_BOM_YCAL_2000-293-736_1029|100||BY_IF
2000-293-736|100000002007|1029|379|0|01-01-1970|01-01-9999|1|IF_BOM_YCAL_2000-293-736_1029|100||BY_IF
100000002012|2000-293-724|1017|446|0|01-01-1970|01-01-9999|1|IF_BOM_YCAL_100000002012_1017|100||BY_IF
2000-293-724|100000002004|1003|396|0|01-01-1970|01-01-9999|1|IF_BOM_YCAL_2000-293-724_1003|100||BY_IF
2000-293-724|100000002003|1003|396|0|01-01-1970|01-01-9999|1|IF_BOM_YCAL_2000-293-724_1003|100||BY_IF
2000-293-724|100000002005|1003|396|0|01-01-1970|01-01-9999|1|IF_BOM_YCAL_2000-293-724_1003|100||BY_IF
2000-293-724|100000002013|1003|396|0|01-01-1970|01-01-9999|1|IF_BOM_YCAL_2000-293-724_1003|100||BY_IF
2000-293-724|100000002005|1017|397|0|01-01-1970|01-01-9999|1|IF_BOM_YCAL_2000-293-724_1017|100||BY_IF
2000-293-724|100000002004|1017|397|0|01-01-1970|01-01-9999|1|IF_BOM_YCAL_2000-293-724_1017|100||BY_IF
2000-293-724|100000002003|1017|397|0|01-01-1970|01-01-9999|1|IF_BOM_YCAL_2000-293-724_1017|100||BY_IF
2000-293-724|100000002013|1017|397|0|01-01-1970|01-01-9999|1|IF_BOM_YCAL_2000-293-724_1017|100||BY_IF
2000-293-719|100000002003|1017|398|0|01-01-1970|01-01-9999|1|IF_BOM_YCAL_2000-293-719_1017|100||BY_IF
2000-293-719|100000002004|1017|398|0|01-01-1970|01-01-9999|1|IF_BOM_YCAL_2000-293-719_1017|100||BY_IF
2000-293-719|100000002006|1017|398|0|01-01-1970|01-01-9999|1|IF_BOM_YCAL_2000-293-719_1017|100||BY_IF
2000-293-719|100000002013|1017|398|0|01-01-1970|01-01-9999|1|IF_BOM_YCAL_2000-293-719_1017|100||BY_IF
2000-293-719|100000002003|1003|399|0|01-01-1970|01-01-9999|1|IF_BOM_YCAL_2000-293-719_1003|100||BY_IF
2000-293-719|100000002006|1003|399|0|01-01-1970|01-01-9999|1|IF_BOM_YCAL_2000-293-719_1003|100||BY_IF
2000-293-719|100000002004|1003|399|0|01-01-1970|01-01-9999|1|IF_BOM_YCAL_2000-293-719_1003|100||BY_IF
2000-293-719|100000002013|1003|399|0|01-01-1970|01-01-9999|1|IF_BOM_YCAL_2000-293-719_1003|100||BY_IF
100000002013|100000002008|1006|447|0|01-01-1970|01-01-9999|1|IF_BOM_YCAL_100000002013_1006|100||BY_IF
100000002014|2000-285-678|1006|448|0|01-01-1970|01-01-9999|1|IF_BOM_YCAL_100000002014_1006|100||BY_IF
100000002014|2000-285-678|1020|449|0|01-01-1970|01-01-9999|1|IF_BOM_YCAL_100000002014_1020|100||BY_IF
100000002015|2000-293-669|1006|450|0|01-01-1970|01-01-9999|1|IF_BOM_YCAL_100000002015_1006|100||BY_IF
100000002016|2000-293-673|1006|451|0|01-01-1970|01-01-9999|1|IF_BOM_YCAL_100000002016_1006|100||BY_IF
2000-285-610|2001-001-003|1006|424|0|01-01-1970|01-01-9999|1|IF_BOM_YCAL_2000-285-610_1006|100||BY_IF
2000-285-610|2001-001-003|1020|425|0|01-01-1970|01-01-9999|1|IF_BOM_YCAL_2000-285-610_1020|100||BY_IF
2000-285-678|2001-001-002|1006|420|0|01-01-1970|01-01-9999|1|IF_BOM_YCAL_2000-285-678_1006|100||BY_IF
2000-285-678|2001-001-002|1020|421|0|01-01-1970|01-01-9999|1|IF_BOM_YCAL_2000-285-678_1020|100||BY_IF
2000-293-669|2000-293-667|1020|422|0|01-01-1970|01-01-9999|1|IF_BOM_YCAL_2000-293-669_1020|100||BY_IF
2000-293-669|2000-293-667|1006|423|0|01-01-1970|01-01-9999|1|IF_BOM_YCAL_2000-293-669_1006|100||BY_IF
2000-293-673|2000-293-678|1020|418|0|01-01-1970|01-01-9999|1|IF_BOM_YCAL_2000-293-673_1020|100||BY_IF
2000-293-673|2000-293-678|1006|419|0|01-01-1970|01-01-9999|1|IF_BOM_YCAL_2000-293-673_1006|100||BY_IF
2001-001-003|2000-285-609|1006|432|0|01-01-1970|01-01-9999|1|IF_BOM_YCAL_2001-001-003_1006|100||BY_IF
2001-001-003|2000-285-609|1020|433|0|01-01-1970|01-01-9999|1|IF_BOM_YCAL_2001-001-003_1020|100||BY_IF
2001-001-002|2000-285-677|1006|428|0|01-01-1970|01-01-9999|1|IF_BOM_YCAL_2001-001-002_1006|100||BY_IF
2001-001-002|2000-285-677|1020|429|0|01-01-1970|01-01-9999|1|IF_BOM_YCAL_2001-001-002_1020|100||BY_IF
2000-293-667|100000002009|1006|430|0|01-01-1970|01-01-9999|1|IF_BOM_YCAL_2000-293-667_1006|100||BY_IF
2000-293-667|100000002009|1020|431|0|01-01-1970|01-01-9999|1|IF_BOM_YCAL_2000-293-667_1020|100||BY_IF
2000-293-678|100000002010|1020|426|0|01-01-1970|01-01-9999|1|IF_BOM_YCAL_2000-293-678_1020|100||BY_IF
2000-293-678|100000002010|1006|427|0|01-01-1970|01-01-9999|1|IF_BOM_YCAL_2000-293-678_1006|100||BY_IF
2000-285-609|823-1005-81|1003|436|0|01-01-1970|01-01-9999|1|IF_BOM_YCAL_2000-285-609_1003|100||BY_IF
2000-285-609|823-1005-81|1006|437|0|01-01-1970|01-01-9999|1|IF_BOM_YCAL_2000-285-609_1006|100||BY_IF
2000-285-677|823-3072-21|1006|434|0|01-01-1970|01-01-9999|1|IF_BOM_YCAL_2000-285-677_1006|100||BY_IF
2000-285-677|823-3072-21|1003|435|0|01-01-1970|01-01-9999|1|IF_BOM_YCAL_2000-285-677_1003|100||BY_IF
2001-000-001|2000-322-146|1004|458|0|01-01-1970|01-01-9999|1|IF_BOM_YCAL_2001-000-001_1004|100||BY_IF
2000-322-146|2000-322-142|1004|460|0|01-01-1970|01-01-9999|1|IF_BOM_YCAL_2000-322-146_1004|100||BY_IF
2000-322-142|2000-314-350|1004|459|0|01-01-1970|01-01-9999|1|IF_BOM_YCAL_2000-322-142_1004|100||BY_IF
2000-322-142|N55628-004|1004|459|0|01-01-1970|01-01-9999|1|IF_BOM_YCAL_2000-322-142_1004|100||BY_IF
2000-322-142|N44236-002|1004|459|0|01-01-1970|01-01-9999|1|IF_BOM_YCAL_2000-322-142_1004|100||BY_IF
2000-322-142|A95538-012|1004|459|0|01-01-1970|01-01-9999|1|IF_BOM_YCAL_2000-322-142_1004|100||BY_IF
2000-322-142|N41399-001|1004|459|0|01-01-1970|01-01-9999|1|IF_BOM_YCAL_2000-322-142_1004|100||BY_IF
2000-322-142|N51852-001|1004|459|0|01-01-1970|01-01-9999|1|IF_BOM_YCAL_2000-322-142_1004|100||BY_IF
2000-322-142|2000-309-877|1004|459|0|01-01-1970|01-01-9999|1|IF_BOM_YCAL_2000-322-142_1004|100||BY_IF
2000-322-142|100000001001|1004|459|0|01-01-1970|01-01-9999|1|IF_BOM_YCAL_2000-322-142_1004|100||BY_IF
2000-314-350|2000-314-348|1006|467|0|01-01-1970|01-01-9999|1|IF_BOM_YCAL_2000-314-350_1006|100||BY_IF
2000-309-877|2000-309-879|1006|471|0|01-01-1970|01-01-9999|1|IF_BOM_YCAL_2000-309-877_1006|100||BY_IF
N55628-004|2000-309-414|VF_S|463|0|01-01-1970|01-01-9999|1|IF_BOM_YCAL_N55628-004_1004|100||BY_IF
2000-314-348|2000-301-518|1006|468|0|01-01-1970|01-01-9999|1|IF_BOM_YCAL_2000-314-348_1006|100||BY_IF
2000-314-348|2000-314-196|1006|468|0|01-01-1970|01-01-9999|1|IF_BOM_YCAL_2000-314-348_1006|100||BY_IF
2000-314-348|N54418-001|1006|468|0|01-01-1970|01-01-9999|1|IF_BOM_YCAL_2000-314-348_1006|100||BY_IF
2000-309-879|2000-313-096|1006|474|0|01-01-1970|01-01-9999|1|IF_BOM_YCAL_2000-309-879_1006|100||BY_IF
2000-313-096|100000001003|1006|478|0|01-01-1970|01-01-9999|1|IF_BOM_YCAL_2000-313-096_1006|100||BY_IF
2000-314-196|2000-314-192|1006|469|0|01-01-1970|01-01-9999|1|IF_BOM_YCAL_2000-314-196_1006|100||BY_IF
2000-301-518|2001-000-003|1006|470|0|01-01-1970|01-01-9999|1|IF_BOM_YCAL_2000-301-518_1006|100||BY_IF
2000-314-192|2001-000-002|1006|473|0|01-01-1970|01-01-9999|1|IF_BOM_YCAL_2000-314-192_1006|100||BY_IF
2001-000-003|100000001002|1006|476|0|01-01-1970|01-01-9999|1|IF_BOM_YCAL_2001-000-003_1006|100||BY_IF
2000-309-414|2000-309-416|1006|472|0|01-01-1970|01-01-9999|1|IF_BOM_YCAL_2000-309-414_1006|100||BY_IF
2001-000-002|2000-314-191|1006|477|0|01-01-1970|01-01-9999|1|IF_BOM_YCAL_2001-000-002_1006|100||BY_IF
2000-309-416|2001-000-004|1006|475|0|01-01-1970|01-01-9999|1|IF_BOM_YCAL_2000-309-416_1006|100||BY_IF
2000-314-191|823-3030-08|1006|480|0|01-01-1970|01-01-9999|1|IF_BOM_YCAL_2000-314-191_1006|100||BY_IF
2001-000-004|2000-309-415|1006|479|0|01-01-1970|01-01-9999|1|IF_BOM_YCAL_2001-000-004_1006|100||BY_IF
2000-309-415|823-3074-82|1006|481|0|01-01-1970|01-01-9999|1|IF_BOM_YCAL_2000-309-415_1006|100||BY_IF
100000000008|2000-288-671|1003|9002|0|01-01-1970|01-01-9999|1|IF_BOM_YCAL_100000000008_1003_9002|100||BY_IF
100000000008|2000-288-671|1006|9001|0|01-01-1970|01-01-9999|1|IF_BOM_YCAL_100000000008_1006_9001|100||BY_IF
N44236-002|DUMMY_IHS|VF_S|9003|0|01-01-1970|01-01-9999|1|IF_BOM_YCAL_N44236-002_VF_S|100||BY_IF
