ITEM|LOC|PRODUCTIONMETHOD|DESCR|BOMNUM|EFF|DISC|LEADTIME|LEADTIMEEFFCNYCAL|NONEWSUPPLYDATE|PRIORITY|INCQTY|SPLITFACTOR|U_PLANMODULE
100000000005|1004|100000000005_1004_305|100000000005_1004_305|305|01-01-1970|01-01-9999|10080||07-07-2025|1|25|1|BY_IF
100000000005|1011|100000000005_1011_306|100000000005_1011_306|306|01-01-1970|01-01-9999|10080||07-07-2025|1|25|1|BY_IF
100000000004|1004|100000000004_1004_303|100000000004_1004_303|303|01-01-1970|01-01-9999|10080||07-07-2025|1|25|1|BY_IF
100000000004|1011|100000000004_1011_304|100000000004_1011_304|304|01-01-1970|01-01-9999|10080||07-07-2025|1|25|1|BY_IF
100000000107|1004|100000000107_1004_310|100000000107_1004_310|310|01-01-1970|01-01-9999|10080||07-07-2025|1|25|1|BY_IF
100000000107|1011|100000000107_1011_311|100000000107_1011_311|311|01-01-1970|01-01-9999|10080||07-07-2025|1|25|1|BY_IF
100000000006|1004|100000000006_1004_308|100000000006_1004_308|308|01-01-1970|01-01-9999|10080||07-07-2025|1|25|1|BY_IF
100000000006|1011|100000000006_1011_309|100000000006_1011_309|309|01-01-1970|01-01-9999|10080||07-07-2025|1|25|1|BY_IF
2000-291-742|1004|2000-291-742_1004_162|2000-291-742_1004_162|162|01-01-1970|01-01-9999|10080||07-07-2025|1|25|1|BY_IF
2000-291-742|1011|2000-291-742_1011_314|2000-291-742_1011_314|314|01-01-1970|01-01-9999|10080||07-07-2025|1|25|1|BY_IF
2000-291-749|1004|2000-291-749_1004_161|2000-291-749_1004_161|161|01-01-1970|01-01-9999|10080||07-07-2025|1|25|1|BY_IF
2000-291-749|1011|2000-291-749_1011_313|2000-291-749_1011_313|313|01-01-1970|01-01-9999|10080||07-07-2025|1|25|1|BY_IF
100000000008|1003|100000000008_1003_285_PV1|100000000008_1003_285_PV1|285|01-01-1970|01-01-9999|10080||07-07-2025|1|25|1|BY_IF
100000000008|1006|100000000008_1006_283_PV1|100000000008_1006_283_PV1|283|01-01-1970|01-01-9999|10080||07-07-2025|1|25|1|BY_IF
2000-288-671|1003|2000-288-671_1003_211|2000-288-671_1003_211|211|01-01-1970|01-01-9999|10080||07-07-2025|1|25|1|BY_IF
2000-288-671|1006|2000-288-671_1006_210|2000-288-671_1006_210|210|01-01-1970|01-01-9999|10080||07-07-2025|1|25|1|BY_IF
2000-288-677|1003|2000-288-677_1003_215|2000-288-677_1003_215|215|01-01-1970|01-01-9999|10080||07-07-2025|1|25|1|BY_IF
2000-288-677|1006|2000-288-677_1006_214|2000-288-677_1006_214|214|01-01-1970|01-01-9999|10080||07-07-2025|1|25|1|BY_IF
2000-288-665|1003|2000-288-665_1003_216|2000-288-665_1003_216|216|01-01-1970|01-01-9999|10080||07-07-2025|1|25|1|BY_IF
2000-288-665|1006|2000-288-665_1006_217|2000-288-665_1006_217|217|01-01-1970|01-01-9999|10080||07-07-2025|1|25|1|BY_IF
2000-288-661|1003|2000-288-661_1003_219|2000-288-661_1003_219|219|01-01-1970|01-01-9999|10080||07-07-2025|1|25|1|BY_IF
2000-288-661|1006|2000-288-661_1006_218|2000-288-661_1006_218|218|01-01-1970|01-01-9999|10080||07-07-2025|1|25|1|BY_IF
2000-295-273|1003|2000-295-273_1003_220|2000-295-273_1003_220|220|01-01-1970|01-01-9999|10080||07-07-2025|1|25|1|BY_IF
2000-295-273|1006|2000-295-273_1006_221|2000-295-273_1006_221|221|01-01-1970|01-01-9999|10080||07-07-2025|1|25|1|BY_IF
2000-288-667|1003|2000-288-667_1003_212|2000-288-667_1003_212|212|01-01-1970|01-01-9999|10080||07-07-2025|1|25|1|BY_IF
2000-288-667|1006|2000-288-667_1006_213|2000-288-667_1006_213|213|01-01-1970|01-01-9999|10080||07-07-2025|1|25|1|BY_IF
100000000009|1003|100000000009_1003_315|100000000009_1003_315|315|01-01-1970|01-01-9999|10080||07-07-2025|1|25|1|BY_IF
100000000009|1006|100000000009_1006_316|100000000009_1006_316|316|01-01-1970|01-01-9999|10080||07-07-2025|1|25|1|BY_IF
100000000110|1003|100000000110_1003_289|100000000110_1003_289|289|01-01-1970|01-01-9999|10080||07-07-2025|1|25|1|BY_IF
100000000110|1006|100000000110_1006_290|100000000110_1006_290|290|01-01-1970|01-01-9999|10080||07-07-2025|1|25|1|BY_IF
100000000111|1003|100000000111_1003_321|100000000111_1003_321|321|01-01-1970|01-01-9999|10080||07-07-2025|1|25|1|BY_IF
100000000111|1006|100000000111_1006_322|100000000111_1006_322|322|01-01-1970|01-01-9999|10080||07-07-2025|1|25|1|BY_IF
100000000112|1003|100000000112_1003_293|100000000112_1003_293|293|01-01-1970|01-01-9999|10080||07-07-2025|1|25|1|BY_IF
100000000112|1006|100000000112_1006_317|100000000112_1006_317|317|01-01-1970|01-01-9999|10080||07-07-2025|1|25|1|BY_IF
100000000113|1003|100000000113_1003_318|100000000113_1003_318|318|01-01-1970|01-01-9999|10080||07-07-2025|1|25|1|BY_IF
100000000113|1006|100000000113_1006_295|100000000113_1006_295|295|01-01-1970|01-01-9999|10080||07-07-2025|1|25|1|BY_IF
2000-280-868|1003|2000-280-868_1003_243|2000-280-868_1003_243|243|01-01-1970|01-01-9999|10080||07-07-2025|1|25|1|BY_IF
2000-280-868|1006|2000-280-868_1006_242|2000-280-868_1006_242|242|01-01-1970|01-01-9999|10080||07-07-2025|1|25|1|BY_IF
2000-281-512|1003|2000-281-512_1003_244|2000-281-512_1003_244|244|01-01-1970|01-01-9999|10080||07-07-2025|1|25|1|BY_IF
2000-281-512|1006|2000-281-512_1006_245|2000-281-512_1006_245|245|01-01-1970|01-01-9999|10080||07-07-2025|1|25|1|BY_IF
2000-281-514|1003|2000-281-514_1003_247|2000-281-514_1003_247|247|01-01-1970|01-01-9999|10080||07-07-2025|1|25|1|BY_IF
2000-281-514|1006|2000-281-514_1006_246|2000-281-514_1006_246|246|01-01-1970|01-01-9999|10080||07-07-2025|1|25|1|BY_IF
2000-281-427|1003|2000-281-427_1003_240|2000-281-427_1003_240|240|01-01-1970|01-01-9999|10080||07-07-2025|1|25|1|BY_IF
2000-281-427|1006|2000-281-427_1006_241|2000-281-427_1006_241|241|01-01-1970|01-01-9999|10080||07-07-2025|1|25|1|BY_IF
2000-281-391|1003|2000-281-391_1003_248|2000-281-391_1003_248|248|01-01-1970|01-01-9999|10080||07-07-2025|1|25|1|BY_IF
2000-281-391|1006|2000-281-391_1006_249|2000-281-391_1006_249|249|01-01-1970|01-01-9999|10080||07-07-2025|1|25|1|BY_IF
2000-281-424|1020|2000-281-424_1020_251|2000-281-424_1020_251|251|01-01-1970|01-01-9999|10080||07-07-2025|1|25|1|BY_IF
2000-281-424|1006|2000-281-424_1006_252|2000-281-424_1006_252|252|01-01-1970|01-01-9999|10080||07-07-2025|1|25|1|BY_IF
2000-001-049|1020|2000-001-049_1020_298|2000-001-049_1020_298|298|01-01-1970|01-01-9999|10080||07-07-2025|1|25|1|BY_IF
2000-001-049|1006|2000-001-049_1006_253|2000-001-049_1006_253|253|01-01-1970|01-01-9999|10080||07-07-2025|1|25|1|BY_IF
2000-281-446|1020|2000-281-446_1020_269|2000-281-446_1020_269|269|01-01-1970|01-01-9999|10080||07-07-2025|1|25|1|BY_IF
2000-281-446|1006|2000-281-446_1006_268|2000-281-446_1006_268|268|01-01-1970|01-01-9999|10080||07-07-2025|1|25|1|BY_IF
2000-281-452|1020|2000-281-452_1020_270|2000-281-452_1020_270|270|01-01-1970|01-01-9999|10080||07-07-2025|1|25|1|BY_IF
2000-281-452|1006|2000-281-452_1006_271|2000-281-452_1006_271|271|01-01-1970|01-01-9999|10080||07-07-2025|1|25|1|BY_IF
2000-001-050|1020|2000-001-050_1020_273|2000-001-050_1020_273|273|01-01-1970|01-01-9999|10080||07-07-2025|1|25|1|BY_IF
2000-001-050|1006|2000-001-050_1006_272|2000-001-050_1006_272|272|01-01-1970|01-01-9999|10080||07-07-2025|1|25|1|BY_IF
2000-281-396|1003|2000-281-396_1003_277|2000-281-396_1003_277|277|01-01-1970|01-01-9999|10080||07-07-2025|1|25|1|BY_IF
2000-281-396|1006|2000-281-396_1006_276|2000-281-396_1006_276|276|01-01-1970|01-01-9999|10080||07-07-2025|1|25|1|BY_IF
2001-001-001|1004|2001-001-001_1004_388|2001-001-001_1004_388|388|01-01-1970|01-01-9999|10080||07-07-2025|1|25|1|BY_IF
2001-001-001|1011|2001-001-001_1011_389|2001-001-001_1011_389|389|01-01-1970|01-01-9999|10080||07-07-2025|1|25|1|BY_IF
2000-311-262|1004|2000-311-262_1004_390|2000-311-262_1004_390|390|01-01-1970|01-01-9999|10080||07-07-2025|1|25|1|BY_IF
2000-311-262|1029|2000-311-262_1029_391|2000-311-262_1029_391|391|01-01-1970|01-01-9999|10080||07-07-2025|1|25|1|BY_IF
100000002011|1004|100000002011_1004_445|100000002011_1004_445|445|01-01-1970|01-01-9999|10080||07-07-2025|1|25|1|BY_IF
2000-293-736|1004|2000-293-736_1004_378|2000-293-736_1004_378|378|01-01-1970|01-01-9999|10080||07-07-2025|1|25|1|BY_IF
2000-293-736|1029|2000-293-736_1029_379|2000-293-736_1029_379|379|01-01-1970|01-01-9999|10080||07-07-2025|1|25|1|BY_IF
100000002012|1017|100000002012_1017_446|100000002012_1017_446|446|01-01-1970|01-01-9999|10080||07-07-2025|1|25|1|BY_IF
2000-293-724|1003|2000-293-724_1003_396|2000-293-724_1003_396|396|01-01-1970|01-01-9999|10080||07-07-2025|1|25|1|BY_IF
2000-293-724|1017|2000-293-724_1017_397|2000-293-724_1017_397|397|01-01-1970|01-01-9999|10080||07-07-2025|1|25|1|BY_IF
2000-293-719|1017|2000-293-719_1017_398|2000-293-719_1017_398|398|01-01-1970|01-01-9999|10080||07-07-2025|1|25|1|BY_IF
2000-293-719|1003|2000-293-719_1003_399|2000-293-719_1003_399|399|01-01-1970|01-01-9999|10080||07-07-2025|1|25|1|BY_IF
100000002013|1006|100000002013_1006_447|100000002013_1006_447|447|01-01-1970|01-01-9999|10080||07-07-2025|1|25|1|BY_IF
100000002014|1006|100000002014_1006_448|100000002014_1006_448|448|01-01-1970|01-01-9999|10080||07-07-2025|1|25|1|BY_IF
100000002014|1020|100000002014_1020_449|100000002014_1020_449|449|01-01-1970|01-01-9999|10080||07-07-2025|1|25|1|BY_IF
100000002015|1006|100000002015_1006_450|100000002015_1006_450|450|01-01-1970|01-01-9999|10080||07-07-2025|1|25|1|BY_IF
100000002016|1006|100000002016_1006_451|100000002016_1006_451|451|01-01-1970|01-01-9999|10080||07-07-2025|1|25|1|BY_IF
2000-285-610|1006|2000-285-610_1006_424|2000-285-610_1006_424|424|01-01-1970|01-01-9999|10080||07-07-2025|1|25|1|BY_IF
2000-285-610|1020|2000-285-610_1020_425|2000-285-610_1020_425|425|01-01-1970|01-01-9999|10080||07-07-2025|1|25|1|BY_IF
2000-285-678|1006|2000-285-678_1006_420|2000-285-678_1006_420|420|01-01-1970|01-01-9999|10080||07-07-2025|1|25|1|BY_IF
2000-285-678|1020|2000-285-678_1020_421|2000-285-678_1020_421|421|01-01-1970|01-01-9999|10080||07-07-2025|1|25|1|BY_IF
2000-293-669|1020|2000-293-669_1020_422|2000-293-669_1020_422|422|01-01-1970|01-01-9999|10080||07-07-2025|1|25|1|BY_IF
2000-293-669|1006|2000-293-669_1006_423|2000-293-669_1006_423|423|01-01-1970|01-01-9999|10080||07-07-2025|1|25|1|BY_IF
2000-293-673|1020|2000-293-673_1020_418|2000-293-673_1020_418|418|01-01-1970|01-01-9999|10080||07-07-2025|1|25|1|BY_IF
2000-293-673|1006|2000-293-673_1006_419|2000-293-673_1006_419|419|01-01-1970|01-01-9999|10080||07-07-2025|1|25|1|BY_IF
2001-001-003|1006|2001-001-003_1006_432|2001-001-003_1006_432|432|01-01-1970|01-01-9999|10080||07-07-2025|1|25|1|BY_IF
2001-001-003|1020|2001-001-003_1020_433|2001-001-003_1020_433|433|01-01-1970|01-01-9999|10080||07-07-2025|1|25|1|BY_IF
2001-001-002|1006|2001-001-002_1006_428|2001-001-002_1006_428|428|01-01-1970|01-01-9999|10080||07-07-2025|1|25|1|BY_IF
2001-001-002|1020|2001-001-002_1020_429|2001-001-002_1020_429|429|01-01-1970|01-01-9999|10080||07-07-2025|1|25|1|BY_IF
2000-293-667|1006|2000-293-667_1006_430|2000-293-667_1006_430|430|01-01-1970|01-01-9999|10080||07-07-2025|1|25|1|BY_IF
2000-293-667|1020|2000-293-667_1020_431|2000-293-667_1020_431|431|01-01-1970|01-01-9999|10080||07-07-2025|1|25|1|BY_IF
2000-293-678|1020|2000-293-678_1020_426|2000-293-678_1020_426|426|01-01-1970|01-01-9999|10080||07-07-2025|1|25|1|BY_IF
2000-293-678|1006|2000-293-678_1006_427|2000-293-678_1006_427|427|01-01-1970|01-01-9999|10080||07-07-2025|1|25|1|BY_IF
2001-000-001|1004|2001-000-001_1004_458|2001-000-001_1004_458|458|01-01-1970|01-01-9999|10080||07-07-2025|1|25|1|BY_IF
2000-322-146|1004|2000-322-146_1004_460|2000-322-146_1004_460|460|01-01-1970|01-01-9999|10080||07-07-2025|1|25|1|BY_IF
2000-322-142|1004|2000-322-142_1004_459|2000-322-142_1004_459|459|01-01-1970|01-01-9999|10080||07-07-2025|1|25|1|BY_IF
2000-314-350|1006|2000-314-350_1006_467|2000-314-350_1006_467|467|01-01-1970|01-01-9999|10080||07-07-2025|1|25|1|BY_IF
2000-309-877|1006|2000-309-877_1006_471|2000-309-877_1006_471|471|01-01-1970|01-01-9999|10080||07-07-2025|1|25|1|BY_IF
N55628-004|VF_S|N55628-004_VF_S_463|N55628-004_VF_S_463|463|01-01-1970|01-01-9999|10080||07-07-2025|1|25|1|BY_IF
2000-314-348|1006|2000-314-348_1006_468|2000-314-348_1006_468|468|01-01-1970|01-01-9999|10080||07-07-2025|1|25|1|BY_IF
2000-309-879|1006|2000-309-879_1006_474|2000-309-879_1006_474|474|01-01-1970|01-01-9999|10080||07-07-2025|1|25|1|BY_IF
2000-313-096|1006|2000-313-096_1006_478|2000-313-096_1006_478|478|01-01-1970|01-01-9999|10080||07-07-2025|1|25|1|BY_IF
2000-314-196|1006|2000-314-196_1006_469|2000-314-196_1006_469|469|01-01-1970|01-01-9999|10080||07-07-2025|1|25|1|BY_IF
2000-301-518|1006|2000-301-518_1006_470|2000-301-518_1006_470|470|01-01-1970|01-01-9999|10080||07-07-2025|1|25|1|BY_IF
2000-314-192|1006|2000-314-192_1006_473|2000-314-192_1006_473|473|01-01-1970|01-01-9999|10080||07-07-2025|1|25|1|BY_IF
2001-000-003|1006|2001-000-003_1006_476|2001-000-003_1006_476|476|01-01-1970|01-01-9999|10080||07-07-2025|1|25|1|BY_IF
2000-309-414|1006|2000-309-414_1006_472|2000-309-414_1006_472|472|01-01-1970|01-01-9999|10080||07-07-2025|1|25|1|BY_IF
2001-000-002|1006|2001-000-002_1006_477|2001-000-002_1006_477|477|01-01-1970|01-01-9999|10080||07-07-2025|1|25|1|BY_IF
2000-309-416|1006|2000-309-416_1006_475|2000-309-416_1006_475|475|01-01-1970|01-01-9999|10080||07-07-2025|1|25|1|BY_IF
2001-000-004|1006|2001-000-004_1006_479|2001-000-004_1006_479|479|01-01-1970|01-01-9999|10080||07-07-2025|1|25|1|BY_IF
2000-280-869|1006|2000-280-869_1006_275_INTEL FOV-1_COMMON|2000-280-869_1006_275_INTEL FOV-1_COMMON|275|01-01-1970|01-01-9999|10080||07-07-2025|1|25|1|BY_IF
2000-280-869|1006|2000-280-869_1006_275_INTEL FOV-2_COMMON|2000-280-869_1006_275_INTEL FOV-2_COMMON|275|01-01-1970|01-01-9999|10080||07-07-2025|1|25|1|BY_IF
2000-280-869|1006|2000-280-869_1006_275_INTEL FOV-4_COMMON|2000-280-869_1006_275_INTEL FOV-4_COMMON|275|01-01-1970|01-01-9999|10080||07-07-2025|1|25|1|BY_IF
2000-280-869|1006|2000-280-869_1006_275_INTEL FOV-5_COMMON|2000-280-869_1006_275_INTEL FOV-5_COMMON|275|01-01-1970|01-01-9999|10080||07-07-2025|1|25|1|BY_IF
2000-280-869|1006|2000-280-869_1006_275_INTEL FOV-6_COMMON|2000-280-869_1006_275_INTEL FOV-6_COMMON|275|01-01-1970|01-01-9999|10080||07-07-2025|1|25|1|BY_IF
2000-280-869|1006|2000-280-869_1006_275_INTEL FOV-7_COMMON|2000-280-869_1006_275_INTEL FOV-7_COMMON|275|01-01-1970|01-01-9999|10080||07-07-2025|1|25|1|BY_IF
2000-285-609|1006|2000-285-609_1006_437_INTEL FOV-1_COMMON|2000-285-609_1006_437_INTEL FOV-1_COMMON|437|01-01-1970|01-01-9999|10080||07-07-2025|1|25|1|BY_IF
2000-285-609|1006|2000-285-609_1006_437_INTEL FOV-2_COMMON|2000-285-609_1006_437_INTEL FOV-2_COMMON|437|01-01-1970|01-01-9999|10080||07-07-2025|1|25|1|BY_IF
2000-285-609|1006|2000-285-609_1006_437_INTEL FOV-4_COMMON|2000-285-609_1006_437_INTEL FOV-4_COMMON|437|01-01-1970|01-01-9999|10080||07-07-2025|1|25|1|BY_IF
2000-285-609|1006|2000-285-609_1006_437_INTEL FOV-5_COMMON|2000-285-609_1006_437_INTEL FOV-5_COMMON|437|01-01-1970|01-01-9999|10080||07-07-2025|1|25|1|BY_IF
2000-285-609|1006|2000-285-609_1006_437_INTEL FOV-6_COMMON|2000-285-609_1006_437_INTEL FOV-6_COMMON|437|01-01-1970|01-01-9999|10080||07-07-2025|1|25|1|BY_IF
2000-285-609|1006|2000-285-609_1006_437_INTEL FOV-7_COMMON|2000-285-609_1006_437_INTEL FOV-7_COMMON|437|01-01-1970|01-01-9999|10080||07-07-2025|1|25|1|BY_IF
2000-285-677|1006|2000-285-677_1006_434_C4 ONLY_COMMON|2000-285-677_1006_434_C4 ONLY_COMMON|434|01-01-1970|01-01-9999|10080||07-07-2025|1|25|1|BY_IF
2000-285-677|1003|2000-285-677_1003_435_C4 ONLY_COMMON|2000-285-677_1003_435_C4 ONLY_COMMON|435|01-01-1970|01-01-9999|10080||07-07-2025|1|25|1|BY_IF
2000-309-415|1006|2000-309-415_1006_481_INTEL EMIB1.0-1_COMMON|2000-309-415_1006_481_INTEL EMIB1.0-1_COMMON|481|01-01-1970|01-01-9999|10080||07-07-2025|1|25|1|BY_IF
2000-309-415|1006|2000-309-415_1006_481_INTEL EMIB1.0-2_COMMON|2000-309-415_1006_481_INTEL EMIB1.0-2_COMMON|481|01-01-1970|01-01-9999|10080||07-07-2025|1|25|1|BY_IF
2000-309-415|1006|2000-309-415_1006_481_INTEL EMIB1.0-3_COMMON|2000-309-415_1006_481_INTEL EMIB1.0-3_COMMON|481|01-01-1970|01-01-9999|10080||07-07-2025|1|25|1|BY_IF
2000-309-415|1006|2000-309-415_1006_481_INTEL EMIB1.0-4_COMMON|2000-309-415_1006_481_INTEL EMIB1.0-4_COMMON|481|01-01-1970|01-01-9999|10080||07-07-2025|1|25|1|BY_IF
2000-309-415|1006|2000-309-415_1006_481_INTEL EMIB2.0-1_COMMON|2000-309-415_1006_481_INTEL EMIB2.0-1_COMMON|481|01-01-1970|01-01-9999|10080||07-07-2025|1|25|1|BY_IF
2000-314-191|1006|2000-314-191_1006_480_INTEL FOV-1_COMMON|2000-314-191_1006_480_INTEL FOV-1_COMMON|191|01-01-1970|01-01-9999|10080||07-07-2025|1|25|1|BY_IF
2000-314-191|1006|2000-314-191_1006_480_INTEL FOV-1_IFS|2000-314-191_1006_480_INTEL FOV-1_IFS|191|01-01-1970|01-01-9999|10080||07-07-2025|1|25|1|BY_IF
2000-314-191|1006|2000-314-191_1006_480_INTEL FOV-2_COMMON|2000-314-191_1006_480_INTEL FOV-2_COMMON|191|01-01-1970|01-01-9999|10080||07-07-2025|1|25|1|BY_IF
2000-314-191|1006|2000-314-191_1006_480_INTEL FOV-2_IFS|2000-314-191_1006_480_INTEL FOV-2_IFS|191|01-01-1970|01-01-9999|10080||07-07-2025|1|25|1|BY_IF
2000-314-191|1006|2000-314-191_1006_480_INTEL FOV-4_COMMON|2000-314-191_1006_480_INTEL FOV-4_COMMON|191|01-01-1970|01-01-9999|10080||07-07-2025|1|25|1|BY_IF
2000-314-191|1006|2000-314-191_1006_480_INTEL FOV-4_IFS|2000-314-191_1006_480_INTEL FOV-4_IFS|191|01-01-1970|01-01-9999|10080||07-07-2025|1|25|1|BY_IF
2000-314-191|1006|2000-314-191_1006_480_INTEL FOV-5_COMMON|2000-314-191_1006_480_INTEL FOV-5_COMMON|191|01-01-1970|01-01-9999|10080||07-07-2025|1|25|1|BY_IF
2000-314-191|1006|2000-314-191_1006_480_INTEL FOV-5_IFS|2000-314-191_1006_480_INTEL FOV-5_IFS|191|01-01-1970|01-01-9999|10080||07-07-2025|1|25|1|BY_IF
2000-314-191|1006|2000-314-191_1006_480_INTEL FOV-6_COMMON|2000-314-191_1006_480_INTEL FOV-6_COMMON|191|01-01-1970|01-01-9999|10080||07-07-2025|1|25|1|BY_IF
2000-314-191|1006|2000-314-191_1006_480_INTEL FOV-6_IFS|2000-314-191_1006_480_INTEL FOV-6_IFS|191|01-01-1970|01-01-9999|10080||07-07-2025|1|25|1|BY_IF
2000-314-191|1006|2000-314-191_1006_480_INTEL FOV-7_COMMON|2000-314-191_1006_480_INTEL FOV-7_COMMON|191|01-01-1970|01-01-9999|10080||07-07-2025|1|25|1|BY_IF
2000-314-191|1006|2000-314-191_1006_480_INTEL FOV-7_IFS|2000-314-191_1006_480_INTEL FOV-7_IFS|191|01-01-1970|01-01-9999|10080||07-07-2025|1|25|1|BY_IF
100000000008|1003|100000000008_1003_9002_PV2|100000000008_1003_9002_PV2|9002|01-01-1970|01-01-9999|10080||07-07-2025|1|25|1|BY_IF
100000000008|1006|100000000008_1006_9001_PV2|100000000008_1006_9001_PV2|9001|01-01-1970|01-01-9999|10080||07-07-2025|1|25|1|BY_IF
N44236-002|VF_S|N44236-002_VF_S_9003|N44236-002_VF_S_9003|9003|01-01-1970|01-01-9999|10080||07-07-2025|1|25|1|BY_IF
