ITEM|LOC|PRODUCTIONMETHOD|STEPNUM|EFF|RES|PRODRATE|PRODRATECAL|PRODDUR|NEXTSTEPTIMING|U_PLANMODULE
100000000005|1004|100000000005_1004_305|1|01-01-1970| |1.0||1440|1|BY_IF
100000000005|1004|100000000005_1004_305|2|01-01-1970|Capacity Envelope 1|1.0|PR_CAL_100000000005_1004_2|0|1|BY_IF
100000000005|1004|100000000005_1004_305|3|01-01-1970|CDAT envelop HPOb|1.0|PR_CAL_100000000005_1004_3|0|1|BY_IF
100000000005|1004|100000000005_1004_305|4|01-01-1970|CDAT envelop STHp|1.0|PR_CAL_100000000005_1004_4|0|1|BY_IF
100000000005|1004|100000000005_1004_305|5|01-01-1970|CD6_MTL U 2C+8A+GT1 15W|1.0||0|1|BY_IF
100000000005|1011|100000000005_1011_306|1|01-01-1970| |1.0||1440|1|BY_IF
100000000005|1011|100000000005_1011_306|2|01-01-1970|Capacity Envelope 2|1.0|PR_CAL_100000000005_1011_2|0|1|BY_IF
100000000005|1011|100000000005_1011_306|3|01-01-1970|CDAT envelop NSB-A|1.0|PR_CAL_100000000005_1011_3|0|1|BY_IF
100000000005|1011|100000000005_1011_306|4|01-01-1970|CD6_MTL U 2C+8A+GT1 15W|1.0||0|1|BY_IF
100000000004|1004|100000000004_1004_303|1|01-01-1970| |1.0||1440|1|BY_IF
100000000004|1004|100000000004_1004_303|2|01-01-1970|Capacity Envelope 1|1.0|PR_CAL_100000000004_1004_2|0|1|BY_IF
100000000004|1004|100000000004_1004_303|3|01-01-1970|CDAT envelop HPOb|1.0|PR_CAL_100000000004_1004_3|0|1|BY_IF
100000000004|1004|100000000004_1004_303|4|01-01-1970|CDAT envelop STHp|1.0|PR_CAL_100000000004_1004_4|0|1|BY_IF
100000000004|1004|100000000004_1004_303|5|01-01-1970|CD6_MTL U 2C+8A+GT1 15W|1.0||0|1|BY_IF
100000000004|1011|100000000004_1011_304|1|01-01-1970| |1.0||1440|1|BY_IF
100000000004|1011|100000000004_1011_304|2|01-01-1970|Capacity Envelope 2|1.0|PR_CAL_100000000004_1011_2|0|1|BY_IF
100000000004|1011|100000000004_1011_304|3|01-01-1970|CDAT envelop NSB-A|1.0|PR_CAL_100000000004_1011_3|0|1|BY_IF
100000000004|1011|100000000004_1011_304|4|01-01-1970|CD6_MTL U 2C+8A+GT1 15W|1.0||0|1|BY_IF
2000-288-671|1003|2000-288-671_1003_211|1|01-01-1970| |1.0||0|1|BY_IF
2000-288-671|1006|2000-288-671_1006_210|1|01-01-1970| |1.0||0|1|BY_IF
2000-288-677|1003|2000-288-677_1003_215|1|01-01-1970| |1.0||0|1|BY_IF
2000-288-677|1006|2000-288-677_1006_214|1|01-01-1970| |1.0||0|1|BY_IF
2000-288-665|1003|2000-288-665_1003_216|1|01-01-1970| |1.0||0|1|BY_IF
2000-288-665|1006|2000-288-665_1006_217|1|01-01-1970| |1.0||0|1|BY_IF
2000-288-661|1003|2000-288-661_1003_219|1|01-01-1970| |1.0||0|1|BY_IF
2000-288-661|1006|2000-288-661_1006_218|1|01-01-1970| |1.0||0|1|BY_IF
2000-295-273|1003|2000-295-273_1003_220|1|01-01-1970| |1.0||0|1|BY_IF
2000-295-273|1006|2000-295-273_1006_221|1|01-01-1970| |1.0||0|1|BY_IF
2000-288-667|1003|2000-288-667_1003_212|1|01-01-1970| |1.0||0|1|BY_IF
2000-288-667|1006|2000-288-667_1006_213|1|01-01-1970| |1.0||0|1|BY_IF
100000000009|1003|100000000009_1003_315|1|01-01-1970| |1.0||0|1|BY_IF
100000000009|1006|100000000009_1006_316|1|01-01-1970| |1.0||0|1|BY_IF
100000000110|1003|100000000110_1003_289|1|01-01-1970| |1.0||0|1|BY_IF
100000000110|1006|100000000110_1006_290|1|01-01-1970| |1.0||0|1|BY_IF
100000000111|1003|100000000111_1003_321|1|01-01-1970| |1.0||0|1|BY_IF
100000000111|1006|100000000111_1006_322|1|01-01-1970| |1.0||0|1|BY_IF
100000000112|1003|100000000112_1003_293|1|01-01-1970| |1.0||0|1|BY_IF
100000000112|1006|100000000112_1006_317|1|01-01-1970| |1.0||0|1|BY_IF
100000000113|1003|100000000113_1003_318|1|01-01-1970| |1.0||0|1|BY_IF
100000000113|1006|100000000113_1006_295|1|01-01-1970| |1.0||0|1|BY_IF
2000-281-391|1006|2000-281-391_1006_249|1|01-01-1970| |1.0||0|1|BY_IF
2000-281-391|1006|2000-281-391_1006_249|2|01-01-1970| |1.0||0|1|BY_IF
2000-281-391|1006|2000-281-391_1006_249|3|01-01-1970| |1.0||0|1|BY_IF
2000-281-391|1006|2000-281-391_1006_249|4|01-01-1970| |1.0||0|1|BY_IF
2000-281-391|1006|2000-281-391_1006_249|5|01-01-1970| |1.0||0|1|BY_IF
2000-001-049|1020|2000-001-049_1020_298|1|01-01-1970| |1.0||0|1|BY_IF
2000-001-049|1006|2000-001-049_1006_253|1|01-01-1970| |1.0||0|1|BY_IF
2000-001-050|1020|2000-001-050_1020_273|1|01-01-1970| |1.0||0|1|BY_IF
2000-001-050|1006|2000-001-050_1006_272|1|01-01-1970| |1.0||0|1|BY_IF
2000-281-396|1003|2000-281-396_1003_277|1|01-01-1970| |1.0||0|1|BY_IF
2000-281-396|1006|2000-281-396_1006_276|1|01-01-1970| |1.0||0|1|BY_IF
2001-001-001|1004|2001-001-001_1004_388|1|01-01-1970| |1.0||1440|1|BY_IF
2001-001-001|1004|2001-001-001_1004_388|2|01-01-1970|VNAT envelop EPXx|1.0|PR_CAL_2001-001-001_1004_2|0|1|BY_IF
2001-001-001|1004|2001-001-001_1004_388|3|01-01-1970|VNAT envelop HXVab|1.0|PR_CAL_2001-001-001_1004_3|0|1|BY_IF
2001-001-001|1004|2001-001-001_1004_388|4|01-01-1970|SS_LNL M 4+4+2 16x2GB|1.0|PR_CAL_2001-001-001_1004_4|0|1|BY_IF
2001-001-001|1011|2001-001-001_1011_389|1|01-01-1970| |1.0||1440|1|BY_IF
2001-001-001|1011|2001-001-001_1011_389|2|01-01-1970|VNAT envelop EPX|1.0|PR_CAL_2001-001-001_1011_2|0|1|BY_IF
2001-001-001|1011|2001-001-001_1011_389|3|01-01-1970|VNAT envelop HXV|1.0|PR_CAL_2001-001-001_1011_3|0|1|BY_IF
2000-311-262|1004|2000-311-262_1004_390|1|01-01-1970| |1.0||1440|1|BY_IF
2000-311-262|1004|2000-311-262_1004_390|1|01-01-1970|VNAT envelop EP-Assy|1.0|PR_CAL_2000-311-262_1004_2|0|1|BY_IF
2000-311-262|1004|2000-311-262_1004_390|1|01-01-1970|VNAT envelop HX-Assy|1.0|PR_CAL_2000-311-262_1004_3|0|1|BY_IF
2000-311-262|1029|2000-311-262_1029_391|1|01-01-1970| |1.0||1440|1|BY_IF
2000-311-262|1029|2000-311-262_1029_391|2|01-01-1970|VNAT envelop EP-Assy|1.0|PR_CAL_2000-311-262_1029_2|0|1|BY_IF
2000-311-262|1029|2000-311-262_1029_391|3|01-01-1970|VNAT envelop HX-Assy|1.0|PR_CAL_2000-311-262_1029_3|0|1|BY_IF
100000002011|1004|100000002011_1004_445|1|01-01-1970| |1.0||1440|1|BY_IF
100000002011|1004|100000002011_1004_445|2|01-01-1970|VNAT envelop EPXx|1.0|PR_CAL_100000002011_1004_2|0|1|BY_IF
100000002011|1004|100000002011_1004_445|3|01-01-1970|VNAT envelop HXVab|1.0|PR_CAL_100000002011_1004_3|0|1|BY_IF
100000002011|1004|100000002011_1004_445|4|01-01-1970|SS_LNL M 4+4+2 16x2GB|1.0|PR_CAL_100000002011_1004_4|0|1|BY_IF
2000-293-736|1004|2000-293-736_1004_378|1|01-01-1970| |1.0||1440|1|BY_IF
2000-293-736|1004|2000-293-736_1004_378|2|01-01-1970|VNAT envelop EP-Assy|1.0|PR_CAL_2000-293-736_1004_2|0|1|BY_IF
2000-293-736|1004|2000-293-736_1004_378|3|01-01-1970|VNAT envelop HX-Assy|1.0|PR_CAL_2000-293-736_1004_3|0|1|BY_IF
2000-293-736|1029|2000-293-736_1029_379|1|01-01-1970| |1.0||1440|1|BY_IF
2000-293-736|1029|2000-293-736_1029_379|2|01-01-1970|VNAT envelop EP-Assy|1.0|PR_CAL_2000-293-736_1029_2|0|1|BY_IF
2000-293-736|1029|2000-293-736_1029_379|3|01-01-1970|VNAT envelop HX-Assy|1.0|PR_CAL_2000-293-736_1029_3|0|1|BY_IF
100000002012|1017|100000002012_1017_446|1|01-01-1970| |1.0||0|1|BY_IF
2000-293-724|1003|2000-293-724_1003_396|1|01-01-1970| |1.0||0|1|BY_IF
2000-293-724|1017|2000-293-724_1017_397|1|01-01-1970| |1.0||0|1|BY_IF
2000-293-719|1017|2000-293-719_1017_398|1|01-01-1970| |1.0||0|1|BY_IF
2000-293-719|1003|2000-293-719_1003_399|1|01-01-1970| |1.0||0|1|BY_IF
100000002013|1006|100000002013_1006_447|1|01-01-1970| |1.0||0|1|BY_IF
100000002014|1006|100000002014_1006_448|1|01-01-1970| |1.0||0|1|BY_IF
100000002014|1020|100000002014_1020_449|1|01-01-1970| |1.0||0|1|BY_IF
100000002015|1006|100000002015_1006_450|1|01-01-1970| |1.0||0|1|BY_IF
100000002016|1006|100000002016_1006_451|1|01-01-1970| |1.0||0|1|BY_IF
2000-285-610|1020|2000-285-610_1020_425|1|01-01-1970| |1.0||0|1|BY_IF
2001-001-003|1006|2001-001-003_1006_432|1|01-01-1970| |1.0||0|1|BY_IF
2001-001-003|1020|2001-001-003_1020_433|1|01-01-1970| |1.0||0|1|BY_IF
2001-001-002|1006|2001-001-002_1006_428|1|01-01-1970| |1.0||0|1|BY_IF
2001-001-002|1020|2001-001-002_1020_429|1|01-01-1970| |1.0||0|1|BY_IF
2001-000-001|1004|2001-000-001_1004_458|10|01-01-1970| |1.0||1440|1|BY_IF
2001-000-001|1004|2001-000-001_1004_458|20|01-01-1970|KuAT_Envelop_TSXf|1.0|PR_CAL_2001-000-001_1004_20|0|1|BY_IF
2001-000-001|1004|2001-000-001_1004_458|30|01-01-1970|KM5_CaymanPoint|1.0||0|1|BY_IF
2000-322-146|1004|2000-322-146_1004_460|1|01-01-1970| |1.0||0|1|BY_IF
2000-322-142|1004|2000-322-142_1004_459|1|01-01-1970| |1.0||0|1|BY_IF
2000-314-350|1006|2000-314-350_1006_467|1|01-01-1970| |1.0||0|1|BY_IF
2000-309-877|1006|2000-309-877_1006_471|1|01-01-1970| |1.0||0|1|BY_IF
N55628-004|VF_S|N55628-004_VF_S_463|10|01-01-1970| |1.0||1440|1|BY_IF
N55628-004|VF_S|N55628-004_VF_S_463|20|01-01-1970|RES_STD_CORE|1.0|PR_CAL_N55628-004_VF_S_20|1440|1|BY_IF
N55628-004|VF_S|N55628-004_VF_S_463|30|01-01-1970|RES_SubstrateMaxGrp|1.0||1440|1|BY_IF
2000-314-348|1006|2000-314-348_1006_468|1|01-01-1970| |1.0||0|1|BY_IF
2000-314-196|1006|2000-314-196_1006_469|1|01-01-1970| |1.0||0|1|BY_IF
2000-301-518|1006|2000-301-518_1006_470|1|01-01-1970| |1.0||0|1|BY_IF
2001-000-003|1006|2001-000-003_1006_476|1|01-01-1970| |1.0||0|1|BY_IF
2000-309-414|1006|2000-309-414_1006_472|1|01-01-1970| |1.0||0|1|BY_IF
2001-000-002|1006|2001-000-002_1006_477|1|01-01-1970| |1.0||0|1|BY_IF
2001-000-004|1006|2001-000-004_1006_479|1|01-01-1970| |1.0||0|1|BY_IF
2000-280-869|1006|2000-280-869_1006_275_INTEL FOV-1_COMMON|1|01-01-1970|RES_INTEL FOV-1_COMMON_F21|1.0|IF_PR_275_INTEL FOV-1|1440|3|BY_IF
2000-280-869|1006|2000-280-869_1006_275_INTEL FOV-1_COMMON|2|01-01-1970|RES_CG-1227_F21|1.0|IF_PR_275_INTEL FOV-1|1440|3|BY_IF
2000-280-869|1006|2000-280-869_1006_275_INTEL FOV-1_COMMON|3|01-01-1970|RES_METEOR LAKE-BASE-P682_8POACVBA_F21|1.0||1440|3|BY_IF
2000-280-869|1006|2000-280-869_1006_275_INTEL FOV-2_COMMON|1|01-01-1970|RES_INTEL FOV-2_COMMON_F21|1.0|IF_PR_275_INTEL FOV-2|1440|3|BY_IF
2000-280-869|1006|2000-280-869_1006_275_INTEL FOV-2_COMMON|2|01-01-1970|RES_CG-1227_F21|1.0|IF_PR_275_INTEL FOV-2|1440|3|BY_IF
2000-280-869|1006|2000-280-869_1006_275_INTEL FOV-2_COMMON|3|01-01-1970|RES_METEOR LAKE-BASE-P682_8POACVBA_F21|1.0||1440|3|BY_IF
2000-280-869|1006|2000-280-869_1006_275_INTEL FOV-4_COMMON|1|01-01-1970|RES_INTEL FOV-4_COMMON_F21|1.0|IF_PR_275_INTEL FOV-4|1440|3|BY_IF
2000-280-869|1006|2000-280-869_1006_275_INTEL FOV-4_COMMON|2|01-01-1970|RES_CG-1227_F21|1.0|IF_PR_275_INTEL FOV-4|1440|3|BY_IF
2000-280-869|1006|2000-280-869_1006_275_INTEL FOV-4_COMMON|3|01-01-1970|RES_METEOR LAKE-BASE-P682_8POACVBA_F21|1.0||1440|3|BY_IF
2000-280-869|1006|2000-280-869_1006_275_INTEL FOV-5_COMMON|1|01-01-1970|RES_INTEL FOV-5_COMMON_F21|1.0|IF_PR_275_INTEL FOV-5|1440|3|BY_IF
2000-280-869|1006|2000-280-869_1006_275_INTEL FOV-5_COMMON|2|01-01-1970|RES_CG-1227_F21|1.0|IF_PR_275_INTEL FOV-5|1440|3|BY_IF
2000-280-869|1006|2000-280-869_1006_275_INTEL FOV-5_COMMON|3|01-01-1970|RES_METEOR LAKE-BASE-P682_8POACVBA_F21|1.0||1440|3|BY_IF
2000-280-869|1006|2000-280-869_1006_275_INTEL FOV-6_COMMON|1|01-01-1970|RES_INTEL FOV-6_COMMON_F21|1.0|IF_PR_275_INTEL FOV-6|1440|3|BY_IF
2000-280-869|1006|2000-280-869_1006_275_INTEL FOV-6_COMMON|2|01-01-1970|RES_CG-1227_F21|1.0|IF_PR_275_INTEL FOV-6|1440|3|BY_IF
2000-280-869|1006|2000-280-869_1006_275_INTEL FOV-6_COMMON|3|01-01-1970|RES_METEOR LAKE-BASE-P682_8POACVBA_F21|1.0||1440|3|BY_IF
2000-280-869|1006|2000-280-869_1006_275_INTEL FOV-7_COMMON|1|01-01-1970|RES_INTEL FOV-7_COMMON_F21|1.0|IF_PR_275_INTEL FOV-7|1440|3|BY_IF
2000-280-869|1006|2000-280-869_1006_275_INTEL FOV-7_COMMON|2|01-01-1970|RES_CG-1227_F21|1.0|IF_PR_275_INTEL FOV-7|1440|3|BY_IF
2000-280-869|1006|2000-280-869_1006_275_INTEL FOV-7_COMMON|3|01-01-1970|RES_METEOR LAKE-BASE-P682_8POACVBA_F21|1.0||1440|3|BY_IF
2000-285-609|1006|2000-285-609_1006_437_INTEL FOV-1_COMMON|1|01-01-1970|RES_INTEL FOV-1_COMMON_F21|1.0|IF_PR_437_INTEL FOV-1|1440|3|BY_IF
2000-285-609|1006|2000-285-609_1006_437_INTEL FOV-1_COMMON|2|01-01-1970|RES_CG-1227_F21|1.0|IF_PR_437_INTEL FOV-1|1440|3|BY_IF
2000-285-609|1006|2000-285-609_1006_437_INTEL FOV-1_COMMON|3|01-01-1970|RES_LUNAR LAKE-BASE-M442_8PURCVA_F21|1.0||1440|3|BY_IF
2000-285-609|1006|2000-285-609_1006_437_INTEL FOV-2_COMMON|1|01-01-1970|RES_INTEL FOV-2_COMMON_F21|1.0|IF_PR_437_INTEL FOV-2|1440|3|BY_IF
2000-285-609|1006|2000-285-609_1006_437_INTEL FOV-2_COMMON|2|01-01-1970|RES_CG-1227_F21|1.0|IF_PR_437_INTEL FOV-2|1440|3|BY_IF
2000-285-609|1006|2000-285-609_1006_437_INTEL FOV-2_COMMON|3|01-01-1970|RES_LUNAR LAKE-BASE-M442_8PURCVA_F21|1.0||1440|3|BY_IF
2000-285-609|1006|2000-285-609_1006_437_INTEL FOV-4_COMMON|1|01-01-1970|RES_INTEL FOV-4_COMMON_F21|1.0|IF_PR_437_INTEL FOV-4|1440|3|BY_IF
2000-285-609|1006|2000-285-609_1006_437_INTEL FOV-4_COMMON|2|01-01-1970|RES_CG-1227_F21|1.0|IF_PR_437_INTEL FOV-4|1440|3|BY_IF
2000-285-609|1006|2000-285-609_1006_437_INTEL FOV-4_COMMON|3|01-01-1970|RES_LUNAR LAKE-BASE-M442_8PURCVA_F21|1.0||1440|3|BY_IF
2000-285-609|1006|2000-285-609_1006_437_INTEL FOV-5_COMMON|1|01-01-1970|RES_INTEL FOV-5_COMMON_F21|1.0|IF_PR_437_INTEL FOV-5|1440|3|BY_IF
2000-285-609|1006|2000-285-609_1006_437_INTEL FOV-5_COMMON|2|01-01-1970|RES_CG-1227_F21|1.0|IF_PR_437_INTEL FOV-5|1440|3|BY_IF
2000-285-609|1006|2000-285-609_1006_437_INTEL FOV-5_COMMON|3|01-01-1970|RES_LUNAR LAKE-BASE-M442_8PURCVA_F21|1.0||1440|3|BY_IF
2000-285-609|1006|2000-285-609_1006_437_INTEL FOV-6_COMMON|1|01-01-1970|RES_INTEL FOV-6_COMMON_F21|1.0|IF_PR_437_INTEL FOV-6|1440|3|BY_IF
2000-285-609|1006|2000-285-609_1006_437_INTEL FOV-6_COMMON|2|01-01-1970|RES_CG-1227_F21|1.0|IF_PR_437_INTEL FOV-6|1440|3|BY_IF
2000-285-609|1006|2000-285-609_1006_437_INTEL FOV-6_COMMON|3|01-01-1970|RES_LUNAR LAKE-BASE-M442_8PURCVA_F21|1.0||1440|3|BY_IF
2000-285-609|1006|2000-285-609_1006_437_INTEL FOV-7_COMMON|1|01-01-1970|RES_INTEL FOV-7_COMMON_F21|1.0|IF_PR_437_INTEL FOV-7|1440|3|BY_IF
2000-285-609|1006|2000-285-609_1006_437_INTEL FOV-7_COMMON|2|01-01-1970|RES_CG-1227_F21|1.0|IF_PR_437_INTEL FOV-7|1440|3|BY_IF
2000-285-609|1006|2000-285-609_1006_437_INTEL FOV-7_COMMON|3|01-01-1970|RES_LUNAR LAKE-BASE-M442_8PURCVA_F21|1.0||1440|3|BY_IF
2000-285-677|1006|2000-285-677_1006_434_C4 ONLY_COMMON|1|01-01-1970|RES_C4 ONLY_COMMON_F21|1.0|IF_PR_434_C4 ONLY|0|3|BY_IF
2000-285-677|1006|2000-285-677_1006_434_C4 ONLY_COMMON|2|01-01-1970|RES_CG-1224_F21|1.0|IF_PR_434_C4 ONLY|0|3|BY_IF
2000-285-677|1006|2000-285-677_1006_434_C4 ONLY_COMMON|3|01-01-1970|RES_FLATTOP MOUNTAIN-TSD-4_8LF4CVA_F21|1.0||0|3|BY_IF
2000-285-677|1003|2000-285-677_1003_435_C4 ONLY_COMMON|1|01-01-1970|RES_C4 ONLY_COMMON_D1D|1.0|IF_PR_435_C4 ONLY|0|3|BY_IF
2000-285-677|1003|2000-285-677_1003_435_C4 ONLY_COMMON|2|01-01-1970|RES_CG-1224_D1D|1.0|IF_PR_435_C4 ONLY|0|3|BY_IF
2000-285-677|1003|2000-285-677_1003_435_C4 ONLY_COMMON|3|01-01-1970|RES_FLATTOP MOUNTAIN-TSD-4_8LF4CVA_D1D|1.0||0|3|BY_IF
2000-309-415|1006|2000-309-415_1006_481_INTEL EMIB1.0-1_COMMON|1|01-01-1970|RES_INTEL EMIB1.0-1_COMMON_F21|1.0|IF_PR_481_INTEL EMIB1.0-1|1440|3|BY_IF
2000-309-415|1006|2000-309-415_1006_481_INTEL EMIB1.0-1_COMMON|2|01-01-1970|RES_CG-EMIB_F21|1.0|IF_PR_481_INTEL EMIB1.0-1|1440|3|BY_IF
2000-309-415|1006|2000-309-415_1006_481_INTEL EMIB1.0-1_COMMON|3|01-01-1970|RES_LAVA BRIDGE-12_8PJ2CVA_F21|1.0||1440|3|BY_IF
2000-309-415|1006|2000-309-415_1006_481_INTEL EMIB1.0-2_COMMON|1|01-01-1970|RES_INTEL EMIB1.0-2_COMMON_F21|1.0|IF_PR_481_INTEL EMIB1.0-2|1440|3|BY_IF
2000-309-415|1006|2000-309-415_1006_481_INTEL EMIB1.0-2_COMMON|2|01-01-1970|RES_CG-EMIB_F21|1.0|IF_PR_481_INTEL EMIB1.0-2|1440|3|BY_IF
2000-309-415|1006|2000-309-415_1006_481_INTEL EMIB1.0-2_COMMON|3|01-01-1970|RES_LAVA BRIDGE-12_8PJ2CVA_F21|1.0||1440|3|BY_IF
2000-309-415|1006|2000-309-415_1006_481_INTEL EMIB1.0-3_COMMON|1|01-01-1970|RES_INTEL EMIB1.0-3_COMMON_F21|1.0|IF_PR_481_INTEL EMIB1.0-3|1440|3|BY_IF
2000-309-415|1006|2000-309-415_1006_481_INTEL EMIB1.0-3_COMMON|2|01-01-1970|RES_CG-EMIB_F21|1.0|IF_PR_481_INTEL EMIB1.0-3|1440|3|BY_IF
2000-309-415|1006|2000-309-415_1006_481_INTEL EMIB1.0-3_COMMON|3|01-01-1970|RES_LAVA BRIDGE-12_8PJ2CVA_F21|1.0||1440|3|BY_IF
2000-309-415|1006|2000-309-415_1006_481_INTEL EMIB1.0-4_COMMON|1|01-01-1970|RES_INTEL EMIB1.0-4_COMMON_F21|1.0|IF_PR_481_INTEL EMIB1.0-4|1440|3|BY_IF
2000-309-415|1006|2000-309-415_1006_481_INTEL EMIB1.0-4_COMMON|2|01-01-1970|RES_CG-EMIB_F21|1.0|IF_PR_481_INTEL EMIB1.0-4|1440|3|BY_IF
2000-309-415|1006|2000-309-415_1006_481_INTEL EMIB1.0-4_COMMON|3|01-01-1970|RES_LAVA BRIDGE-12_8PJ2CVA_F21|1.0||1440|3|BY_IF
2000-309-415|1006|2000-309-415_1006_481_INTEL EMIB2.0-1_COMMON|1|01-01-1970|RES_INTEL EMIB2.0-1_COMMON_F21|1.0|IF_PR_481_INTEL EMIB2.0-1|1440|3|BY_IF
2000-309-415|1006|2000-309-415_1006_481_INTEL EMIB2.0-1_COMMON|2|01-01-1970|RES_CG-EMIB_F21|1.0|IF_PR_481_INTEL EMIB2.0-1|1440|3|BY_IF
2000-309-415|1006|2000-309-415_1006_481_INTEL EMIB2.0-1_COMMON|3|01-01-1970|RES_LAVA BRIDGE-12_8PJ2CVA_F21|1.0||1440|3|BY_IF
2000-314-191|1006|2000-314-191_1006_480_INTEL FOV-1_COMMON|1|01-01-1970|RES_INTEL FOV-1_COMMON_F21|1.0|IF_PR_191_INTEL FOV-1|1440|3|BY_IF
2000-314-191|1006|2000-314-191_1006_480_INTEL FOV-1_COMMON|2|01-01-1970|RES_CG-1227_F21|1.0|IF_PR_191_INTEL FOV-1|1440|3|BY_IF
2000-314-191|1006|2000-314-191_1006_480_INTEL FOV-1_COMMON|3|01-01-1970|RES_CAYMAN POINT-BASE_8FCMCVB_F21|1.0||1440|3|BY_IF
2000-314-191|1006|2000-314-191_1006_480_INTEL FOV-1_IFS|1|01-01-1970|RES_INTEL FOV-1_IFS_F21|1.0|IF_PR_191_INTEL FOV-1|1440|3|BY_IF
2000-314-191|1006|2000-314-191_1006_480_INTEL FOV-1_IFS|2|01-01-1970|RES_CG-1227_F21|1.0|IF_PR_191_INTEL FOV-1|1440|3|BY_IF
2000-314-191|1006|2000-314-191_1006_480_INTEL FOV-1_IFS|3|01-01-1970|RES_CAYMAN POINT-BASE_8FCMCVB_F21|1.0||1440|3|BY_IF
2000-314-191|1006|2000-314-191_1006_480_INTEL FOV-2_COMMON|1|01-01-1970|RES_INTEL FOV-2_COMMON_F21|1.0|IF_PR_191_INTEL FOV-2|1440|3|BY_IF
2000-314-191|1006|2000-314-191_1006_480_INTEL FOV-2_COMMON|2|01-01-1970|RES_CG-1227_F21|1.0|IF_PR_191_INTEL FOV-2|1440|3|BY_IF
2000-314-191|1006|2000-314-191_1006_480_INTEL FOV-2_COMMON|3|01-01-1970|RES_CAYMAN POINT-BASE_8FCMCVB_F21|1.0||1440|3|BY_IF
2000-314-191|1006|2000-314-191_1006_480_INTEL FOV-2_IFS|1|01-01-1970|RES_INTEL FOV-2_IFS_F21|1.0|IF_PR_191_INTEL FOV-2|1440|3|BY_IF
2000-314-191|1006|2000-314-191_1006_480_INTEL FOV-2_IFS|2|01-01-1970|RES_CG-1227_F21|1.0|IF_PR_191_INTEL FOV-2|1440|3|BY_IF
2000-314-191|1006|2000-314-191_1006_480_INTEL FOV-2_IFS|3|01-01-1970|RES_CAYMAN POINT-BASE_8FCMCVB_F21|1.0||1440|3|BY_IF
2000-314-191|1006|2000-314-191_1006_480_INTEL FOV-4_COMMON|1|01-01-1970|RES_INTEL FOV-4_COMMON_F21|1.0|IF_PR_191_INTEL FOV-4|1440|3|BY_IF
2000-314-191|1006|2000-314-191_1006_480_INTEL FOV-4_COMMON|2|01-01-1970|RES_CG-1227_F21|1.0|IF_PR_191_INTEL FOV-4|1440|3|BY_IF
2000-314-191|1006|2000-314-191_1006_480_INTEL FOV-4_COMMON|3|01-01-1970|RES_CAYMAN POINT-BASE_8FCMCVB_F21|1.0||1440|3|BY_IF
2000-314-191|1006|2000-314-191_1006_480_INTEL FOV-4_IFS|1|01-01-1970|RES_INTEL FOV-4_IFS_F21|1.0|IF_PR_191_INTEL FOV-4|1440|3|BY_IF
2000-314-191|1006|2000-314-191_1006_480_INTEL FOV-4_IFS|2|01-01-1970|RES_CG-1227_F21|1.0|IF_PR_191_INTEL FOV-4|1440|3|BY_IF
2000-314-191|1006|2000-314-191_1006_480_INTEL FOV-4_IFS|3|01-01-1970|RES_CAYMAN POINT-BASE_8FCMCVB_F21|1.0||1440|3|BY_IF
2000-314-191|1006|2000-314-191_1006_480_INTEL FOV-5_COMMON|1|01-01-1970|RES_INTEL FOV-5_COMMON_F21|1.0|IF_PR_191_INTEL FOV-5|1440|3|BY_IF
2000-314-191|1006|2000-314-191_1006_480_INTEL FOV-5_COMMON|2|01-01-1970|RES_CG-1227_F21|1.0|IF_PR_191_INTEL FOV-5|1440|3|BY_IF
2000-314-191|1006|2000-314-191_1006_480_INTEL FOV-5_COMMON|3|01-01-1970|RES_CAYMAN POINT-BASE_8FCMCVB_F21|1.0||1440|3|BY_IF
2000-314-191|1006|2000-314-191_1006_480_INTEL FOV-5_IFS|1|01-01-1970|RES_INTEL FOV-5_IFS_F21|1.0|IF_PR_191_INTEL FOV-5|1440|3|BY_IF
2000-314-191|1006|2000-314-191_1006_480_INTEL FOV-5_IFS|2|01-01-1970|RES_CG-1227_F21|1.0|IF_PR_191_INTEL FOV-5|1440|3|BY_IF
2000-314-191|1006|2000-314-191_1006_480_INTEL FOV-5_IFS|3|01-01-1970|RES_CAYMAN POINT-BASE_8FCMCVB_F21|1.0||1440|3|BY_IF
2000-314-191|1006|2000-314-191_1006_480_INTEL FOV-6_COMMON|1|01-01-1970|RES_INTEL FOV-6_COMMON_F21|1.0|IF_PR_191_INTEL FOV-6|1440|3|BY_IF
2000-314-191|1006|2000-314-191_1006_480_INTEL FOV-6_COMMON|2|01-01-1970|RES_CG-1227_F21|1.0|IF_PR_191_INTEL FOV-6|1440|3|BY_IF
2000-314-191|1006|2000-314-191_1006_480_INTEL FOV-6_COMMON|3|01-01-1970|RES_CAYMAN POINT-BASE_8FCMCVB_F21|1.0||1440|3|BY_IF
2000-314-191|1006|2000-314-191_1006_480_INTEL FOV-6_IFS|1|01-01-1970|RES_INTEL FOV-6_IFS_F21|1.0|IF_PR_191_INTEL FOV-6|1440|3|BY_IF
2000-314-191|1006|2000-314-191_1006_480_INTEL FOV-6_IFS|2|01-01-1970|RES_CG-1227_F21|1.0|IF_PR_191_INTEL FOV-6|1440|3|BY_IF
2000-314-191|1006|2000-314-191_1006_480_INTEL FOV-6_IFS|3|01-01-1970|RES_CAYMAN POINT-BASE_8FCMCVB_F21|1.0||1440|3|BY_IF
2000-314-191|1006|2000-314-191_1006_480_INTEL FOV-7_COMMON|1|01-01-1970|RES_INTEL FOV-7_COMMON_F21|1.0|IF_PR_191_INTEL FOV-7|1440|3|BY_IF
2000-314-191|1006|2000-314-191_1006_480_INTEL FOV-7_COMMON|2|01-01-1970|RES_CG-1227_F21|1.0|IF_PR_191_INTEL FOV-7|1440|3|BY_IF
2000-314-191|1006|2000-314-191_1006_480_INTEL FOV-7_COMMON|3|01-01-1970|RES_CAYMAN POINT-BASE_8FCMCVB_F21|1.0||1440|3|BY_IF
2000-314-191|1006|2000-314-191_1006_480_INTEL FOV-7_IFS|1|01-01-1970|RES_INTEL FOV-7_IFS_F21|1.0|IF_PR_191_INTEL FOV-7|1440|3|BY_IF
2000-314-191|1006|2000-314-191_1006_480_INTEL FOV-7_IFS|2|01-01-1970|RES_CG-1227_F21|1.0|IF_PR_191_INTEL FOV-7|1440|3|BY_IF
2000-314-191|1006|2000-314-191_1006_480_INTEL FOV-7_IFS|3|01-01-1970|RES_CAYMAN POINT-BASE_8FCMCVB_F21|1.0||1440|3|BY_IF
2000-280-868|1006|2000-280-868_1006_242|1|01-01-1970|RES_HoP4k_448_Prec_ARR|1.0|IF_PR_3770_RES_HoP4k_448_Prec_ARR|1440|3|BY_IF
2000-280-868|1006|2000-280-868_1006_242|2|01-01-1970|RES_METEOR LAKE-FOV-X27-25_82-COLD_ARR|1.0|IF_PR_3770_RES_METEOR LAKE-FOV-X27-25_82-COLD_ARR|1440|3|BY_IF
2000-280-868|1006|2000-280-868_1006_242|3|01-01-1970| |||1440|3|BY_IF
2000-280-868|1006|2000-280-868_1006_242|4|01-01-1970| |||1440|3|BY_IF
2000-280-868|1006|2000-280-868_1006_242|5|01-01-1970| |||1440|3|BY_IF
2000-281-424|1006|2000-281-424_1006_252|1|01-01-1970|RES_C4_LRP_CEVcn_F21|1.0|IF_PR_2519_RES_C4_LRP_CEVcn_F21|1440|3|BY_IF
2000-281-424|1006|2000-281-424_1006_252|2|01-01-1970|RES_CEVcn_F11X_SDA_F21|1.0|IF_PR_2519_RES_CEVcn_F11X_SDA_F21|1440|3|BY_IF
2000-281-424|1006|2000-281-424_1006_252|3|01-01-1970|RES_CSG_CSP_F11X_SDA_F21|1.0|IF_PR_2519_RES_CSG_CSP_F11X_SDA_F21|1440|3|BY_IF
2000-281-424|1020|2000-281-424_1020_251|1|01-01-1970|RES_C4_LRP_DSTcg_FAL|1.0|IF_PR_2521_RES_C4_LRP_DSTcg_FAL|1440|3|BY_IF
2000-281-424|1020|2000-281-424_1020_251|2|01-01-1970|RES_C4_PATcf_FAL|1.0|IF_PR_2521_RES_C4_PATcf_FAL|1440|3|BY_IF
2000-281-427|1003|2000-281-427_1003_240|1|01-01-1970|RES_TTTa1_AR4|1.0|IF_PR_2522_RES_TTTa1_AR4|1440|3|BY_IF
2000-281-427|1003|2000-281-427_1003_240|2|01-01-1970|RES_USPa_AR4|1.0|IF_PR_2522_RES_USPa_AR4|1440|3|BY_IF
2000-281-427|1003|2000-281-427_1003_240|3|01-01-1970|RES_WTTaa_AR4|1.0|IF_PR_2522_RES_WTTaa_AR4|1440|3|BY_IF
2000-281-427|1003|2000-281-427_1003_240|4|01-01-1970|RES_XIU_ARLSOCM_AR4|1.0|IF_PR_2522_RES_XIU_ARLSOCM_AR4|1440|3|BY_IF
2000-281-446|1006|2000-281-446_1006_268|1|01-01-1970|RES_C4_LRP_CEVcn_F21|1.0|IF_PR_2540_RES_C4_LRP_CEVcn_F21|1440|3|BY_IF
2000-281-446|1006|2000-281-446_1006_268|2|01-01-1970|RES_CEVcn_F11X_SDA_F21|1.0|IF_PR_2540_RES_CEVcn_F11X_SDA_F21|1440|3|BY_IF
2000-281-446|1006|2000-281-446_1006_268|3|01-01-1970|RES_CSG_CSP_F11X_SDA_F21|1.0|IF_PR_2540_RES_CSG_CSP_F11X_SDA_F21|1440|3|BY_IF
2000-281-446|1020|2000-281-446_1020_269|1|01-01-1970|RES_C4_LRP_DSTcg_FAL|1.0|IF_PR_2541_RES_C4_LRP_DSTcg_FAL|1440|3|BY_IF
2000-281-446|1020|2000-281-446_1020_269|2|01-01-1970|RES_C4_PATcf_FAL|1.0|IF_PR_2541_RES_C4_PATcf_FAL|1440|3|BY_IF
2000-281-452|1006|2000-281-452_1006_271|1|01-01-1970|RES_C4_LRP_CEVcn_F21|1.0|IF_PR_2542_RES_C4_LRP_CEVcn_F21|1440|3|BY_IF
2000-281-452|1006|2000-281-452_1006_271|2|01-01-1970|RES_CEVcn_F11X_SDA_F21|1.0|IF_PR_2542_RES_CEVcn_F11X_SDA_F21|1440|3|BY_IF
2000-281-452|1006|2000-281-452_1006_271|3|01-01-1970|RES_CSG_CSP_F11X_SDA_F21|1.0|IF_PR_2542_RES_CSG_CSP_F11X_SDA_F21|1440|3|BY_IF
2000-281-452|1020|2000-281-452_1020_270|1|01-01-1970|RES_C4_LRP_DSTcg_FAL|1.0|IF_PR_2543_RES_C4_LRP_DSTcg_FAL|1440|3|BY_IF
2000-281-452|1020|2000-281-452_1020_270|2|01-01-1970|RES_C4_PATcf_FAL|1.0|IF_PR_2543_RES_C4_PATcf_FAL|1440|3|BY_IF
2000-281-512|1006|2000-281-512_1006_245|1|01-01-1970|RES_HoP4k_448_Prec_ARR|1.0|IF_PR_2532_RES_HoP4k_448_Prec_ARR|1440|3|BY_IF
2000-281-512|1006|2000-281-512_1006_245|2|01-01-1970|RES_METEOR LAKE-IOE-P - COLD-COLD_ARR|1.0|IF_PR_2532_RES_METEOR LAKE-IOE-P - COLD-COLD_ARR|1440|3|BY_IF
2000-281-514|1003|2000-281-514_1003_247|1|01-01-1970|RES_TTTa1_AR4|1.0|IF_PR_2535_RES_TTTa1_AR4|1440|3|BY_IF
2000-281-514|1003|2000-281-514_1003_247|2|01-01-1970|RES_USPa_AR4|1.0|IF_PR_2535_RES_USPa_AR4|1440|3|BY_IF
2000-281-514|1003|2000-281-514_1003_247|3|01-01-1970|RES_WTTaa_AR4|1.0|IF_PR_2535_RES_WTTaa_AR4|1440|3|BY_IF
2000-281-514|1003|2000-281-514_1003_247|4|01-01-1970|RES_XIU_MTLGPUP_AR4|1.0|IF_PR_2535_RES_XIU_MTLGPUP_AR4|1440|3|BY_IF
2000-281-514|1006|2000-281-514_1006_246|1|01-01-1970|RES_HWTaa_ARR|1.0|IF_PR_2536_RES_HWTaa_ARR|1440|3|BY_IF
2000-281-514|1006|2000-281-514_1006_246|2|01-01-1970|RES_MTL GPU P XIU_ARR|1.0|IF_PR_2536_RES_MTL GPU P XIU_ARR|1440|3|BY_IF
2000-281-514|1006|2000-281-514_1006_246|3|01-01-1970|RES_TTTa1_ARR|1.0|IF_PR_2536_RES_TTTa1_ARR|1440|3|BY_IF
2000-281-514|1006|2000-281-514_1006_246|4|01-01-1970|RES_WTTaa_ARR|1.0|IF_PR_2536_RES_WTTaa_ARR|1440|3|BY_IF
2000-285-610|1006|2000-285-610_1006_424|1|01-01-1970|RES_HoP4k_448_Prec_ARR|1.0|IF_PR_3793_RES_HoP4k_448_Prec_ARR|1440|3|BY_IF
2000-285-610|1006|2000-285-610_1006_424|2|01-01-1970|RES_LUNAR LAKE 4 4 2 M BASE-COLD_ARR|1.0|IF_PR_3793_RES_LUNAR LAKE 4 4 2 M BASE-COLD_ARR|1440|3|BY_IF
2000-285-678|1006|2000-285-678_1006_420|1|01-01-1970|RES_HWTaa_ARR|1.0|IF_PR_3798_RES_HWTaa_ARR|0|3|BY_IF
2000-285-678|1020|2000-285-678_1020_421|1|01-01-1970|RES_NO_SORT_RESOURCE_SAL_SAL|1.0|IF_PR_3799_RES_NO_SORT_RESOURCE_SAL_SAL|0|3|BY_IF
2000-293-667|1006|2000-293-667_1006_430|1|01-01-1970|RES_C4_LRP_CEVcn_F21|1.0|IF_PR_2681_RES_C4_LRP_CEVcn_F21|1440|3|BY_IF
2000-293-667|1006|2000-293-667_1006_430|2|01-01-1970|RES_CEVcn_F11X_SDA_F21|1.0|IF_PR_2681_RES_CEVcn_F11X_SDA_F21|1440|3|BY_IF
2000-293-667|1006|2000-293-667_1006_430|3|01-01-1970|RES_CSG_CSP_F11X_SDA_F21|1.0|IF_PR_2681_RES_CSG_CSP_F11X_SDA_F21|1440|3|BY_IF
2000-293-667|1020|2000-293-667_1020_431|1|01-01-1970|RES_C4_LRP_DSTcg_FAL|1.0|IF_PR_2682_RES_C4_LRP_DSTcg_FAL|1440|3|BY_IF
2000-293-667|1020|2000-293-667_1020_431|2|01-01-1970|RES_C4_PATcf_FAL|1.0|IF_PR_2682_RES_C4_PATcf_FAL|1440|3|BY_IF
2000-293-669|1006|2000-293-669_1006_423|1|01-01-1970|RES_HWTaa_ARR|1.0|IF_PR_2684_RES_HWTaa_ARR|1440|3|BY_IF
2000-293-669|1006|2000-293-669_1006_423|2|01-01-1970|RES_LNL M442 CPU XIU_ARR|1.0|IF_PR_2684_RES_LNL M442 CPU XIU_ARR|1440|3|BY_IF
2000-293-669|1006|2000-293-669_1006_423|3|01-01-1970|RES_TTTa1_ARR|1.0|IF_PR_2684_RES_TTTa1_ARR|1440|3|BY_IF
2000-293-669|1006|2000-293-669_1006_423|4|01-01-1970|RES_WTTaa_ARR|1.0|IF_PR_2684_RES_WTTaa_ARR|1440|3|BY_IF
2000-293-669|1020|2000-293-669_1020_422|1|01-01-1970|RES_TTTa1_SAL|1.0|IF_PR_2685_RES_TTTa1_SAL|1440|3|BY_IF
2000-293-669|1020|2000-293-669_1020_422|2|01-01-1970|RES_USPa_SAL|1.0|IF_PR_2685_RES_USPa_SAL|1440|3|BY_IF
2000-293-669|1020|2000-293-669_1020_422|3|01-01-1970|RES_WTTaa_SAL|1.0|IF_PR_2685_RES_WTTaa_SAL|1440|3|BY_IF
2000-293-669|1020|2000-293-669_1020_422|4|01-01-1970|RES_XIU_LNLCPU_SAL|1.0|IF_PR_2685_RES_XIU_LNLCPU_SAL|1440|3|BY_IF
2000-293-673|1006|2000-293-673_1006_419|1|01-01-1970|RES_HWTaa_ARR|1.0|IF_PR_2690_RES_HWTaa_ARR|1440|3|BY_IF
2000-293-673|1006|2000-293-673_1006_419|2|01-01-1970|RES_LNL SOC M XIU_ARR|1.0|IF_PR_2690_RES_LNL SOC M XIU_ARR|1440|3|BY_IF
2000-293-673|1006|2000-293-673_1006_419|3|01-01-1970|RES_TTTa1_ARR|1.0|IF_PR_2690_RES_TTTa1_ARR|1440|3|BY_IF
2000-293-673|1006|2000-293-673_1006_419|4|01-01-1970|RES_WTTaa_ARR|1.0|IF_PR_2690_RES_WTTaa_ARR|1440|3|BY_IF
2000-293-673|1020|2000-293-673_1020_418|1|01-01-1970|RES_TTTa1_SAL|1.0|IF_PR_2691_RES_TTTa1_SAL|1440|3|BY_IF
2000-293-673|1020|2000-293-673_1020_418|2|01-01-1970|RES_USPa_SAL|1.0|IF_PR_2691_RES_USPa_SAL|1440|3|BY_IF
2000-293-673|1020|2000-293-673_1020_418|3|01-01-1970|RES_WTTaa_SAL|1.0|IF_PR_2691_RES_WTTaa_SAL|1440|3|BY_IF
2000-293-673|1020|2000-293-673_1020_418|4|01-01-1970|RES_XIU_LNLSOCM_SAL|1.0|IF_PR_2691_RES_XIU_LNLSOCM_SAL|1440|3|BY_IF
2000-293-678|1006|2000-293-678_1006_427|1|01-01-1970|RES_C4_LRP_CEVcn_F21|1.0|IF_PR_2687_RES_C4_LRP_CEVcn_F21|1440|3|BY_IF
2000-293-678|1006|2000-293-678_1006_427|2|01-01-1970|RES_CEVcn_F11X_SDA_F21|1.0|IF_PR_2687_RES_CEVcn_F11X_SDA_F21|1440|3|BY_IF
2000-293-678|1006|2000-293-678_1006_427|3|01-01-1970|RES_CSG_CSP_F11X_SDA_F21|1.0|IF_PR_2687_RES_CSG_CSP_F11X_SDA_F21|1440|3|BY_IF
2000-293-678|1020|2000-293-678_1020_426|1|01-01-1970|RES_C4_LRP_DSTcg_FAL|1.0|IF_PR_2688_RES_C4_LRP_DSTcg_FAL|1440|3|BY_IF
2000-293-678|1020|2000-293-678_1020_426|2|01-01-1970|RES_C4_PATcf_FAL|1.0|IF_PR_2688_RES_C4_PATcf_FAL|1440|3|BY_IF
2000-309-416|1006|2000-309-416_1006_475|1|01-01-1970|RES_HoP4k_448_Prec_ARR|1.0|IF_PR_4200_RES_HoP4k_448_Prec_ARR|0|3|BY_IF
2000-309-416|1006|2000-309-416_1006_475|2|01-01-1970|RES_LAVA BRIDGE-12-COLD_ARR|1.0|IF_PR_4200_RES_LAVA BRIDGE-12-COLD_ARR|0|3|BY_IF
2000-309-879|1006|2000-309-879_1006_474|1|01-01-1970|RES_CAYMAN POINT IPD-COLD_ARR|1.0|IF_PR_2971_RES_CAYMAN POINT IPD-COLD_ARR|1440|3|BY_IF
2000-309-879|1006|2000-309-879_1006_474|2|01-01-1970|RES_HoP4k_448_Prec_ARR|1.0|IF_PR_2971_RES_HoP4k_448_Prec_ARR|1440|3|BY_IF
2000-313-096|1006|2000-313-096_1006_478|1|01-01-1970|RES_C4_LRP_CEVcn_F21|1.0|IF_PR_2951_RES_C4_LRP_CEVcn_F21|1440|3|BY_IF
2000-313-096|1006|2000-313-096_1006_478|2|01-01-1970|RES_CEVcn_F11X_SDA_F21|1.0|IF_PR_2951_RES_CEVcn_F11X_SDA_F21|1440|3|BY_IF
2000-313-096|1006|2000-313-096_1006_478|3|01-01-1970|RES_CSG_CSP_F11X_SDA_F21|1.0|IF_PR_2951_RES_CSG_CSP_F11X_SDA_F21|1440|3|BY_IF
2000-314-192|1006|2000-314-192_1006_473|1|01-01-1970|RES_CAYMAN POINT-BASE-COLD_ARR|1.0|IF_PR_3269_RES_CAYMAN POINT-BASE-COLD_ARR|1440|3|BY_IF
2000-314-192|1006|2000-314-192_1006_473|2|01-01-1970|RES_HoP4k_448_Prec_ARR|1.0|IF_PR_3269_RES_HoP4k_448_Prec_ARR|1440|3|BY_IF
N44236-002|VF_S|N44236-002_VF_S_9003|10|01-01-1970||1.0||1440|1|BY_IF
N44236-002|VF_S|N44236-002_VF_S_9003|20|01-01-1970|RES_IHS-N44236-002|1.0|PR_CAL_N44236-002_VF_S_20|1440|1|BY_IF
100000000008|1003|100000000008_1003_285_PV1|10|01-01-1970|ACWaa_1003|1.0|PR_CAL_100000000008_1003_285_PV1_10|1440|1|BY_IF
100000000008|1003|100000000008_1003_285_PV1|20|01-01-1970|N3Ech_1003|1.0|PR_CAL_100000000008_1003_285_PV1_20|1440|1|BY_IF
100000000008|1003|100000000008_1003_285_PV1|21|01-01-1970|PLHcb_1003|1.0|PR_CAL_100000000008_1003_285_PV1_21|1440|1|BY_IF
100000000008|1003|100000000008_1003_285_PV1|30|01-01-1970|CEVci_1003|1.0|PR_CAL_100000000008_1003_285_PV1_30|1440|1|BY_IF
100000000008|1003|100000000008_1003_285_PV1|40|01-01-1970|EXDba_1003|1.0|PR_CAL_100000000008_1003_285_PV1_40|1440|1|BY_IF
100000000008|1003|100000000008_1003_285_PV1|50|01-01-1970|DCOe_1003|1.0|PR_CAL_100000000008_1003_285_PV1_50|1440|1|BY_IF
100000000008|1003|100000000008_1003_285_PV1|51|01-01-1970|DCOe_1003|1.0|PR_CAL_100000000008_1003_285_PV1_51|1440|1|BY_IF
100000000008|1003|100000000008_1003_285_PV1|52|01-01-1970|USPa_1003|1.0|PR_CAL_100000000008_1003_285_PV1_52|1440|1|BY_IF
100000000008|1003|100000000008_1003_285_PV1|60|01-01-1970|HDSbd_1003|1.0|PR_CAL_100000000008_1003_285_PV1_60|1440|1|BY_IF
100000000008|1003|100000000008_1003_285_PV1|70|01-01-1970|WTTaa_1003|1.0|PR_CAL_100000000008_1003_285_PV1_70|1440|1|BY_IF
100000000008|1003|100000000008_1003_285_PV1|71|01-01-1970|TTTa1_1003|1.0|PR_CAL_100000000008_1003_285_PV1_71|1440|1|BY_IF
100000000008|1003|100000000008_1003_9002_PV2|10|01-01-1970|ACWaa_1003|1.0|PR_CAL_100000000008_1003_9002_PV2_10|1440|1|BY_IF
100000000008|1003|100000000008_1003_9002_PV2|20|01-01-1970|N3Ech_1003|1.0|PR_CAL_100000000008_1003_9002_PV2_20|1440|1|BY_IF
100000000008|1003|100000000008_1003_9002_PV2|21|01-01-1970|PLHcb_1003|1.0|PR_CAL_100000000008_1003_9002_PV2_21|1440|1|BY_IF
100000000008|1003|100000000008_1003_9002_PV2|30|01-01-1970|CEVci_1003|1.0|PR_CAL_100000000008_1003_9002_PV2_30|1440|1|BY_IF
100000000008|1003|100000000008_1003_9002_PV2|40|01-01-1970|EXDba_1003|1.0|PR_CAL_100000000008_1003_9002_PV2_40|1440|1|BY_IF
100000000008|1003|100000000008_1003_9002_PV2|45|01-01-1970|RES_ST-1003-1006|1.0|PR_CAL_100000000008_1003_9002_PV2_45|1440|1|BY_IF
100000000008|1003|100000000008_1003_9002_PV2|50|01-01-1970|DCOe_1006|1.0|PR_CAL_100000000008_1003_9002_PV2_50|1440|1|BY_IF
100000000008|1003|100000000008_1003_9002_PV2|51|01-01-1970|DCOe_1006|1.0|PR_CAL_100000000008_1003_9002_PV2_51|1440|1|BY_IF
100000000008|1003|100000000008_1003_9002_PV2|52|01-01-1970|USPa_1006|1.0|PR_CAL_100000000008_1003_9002_PV2_52|1440|1|BY_IF
100000000008|1003|100000000008_1003_9002_PV2|60|01-01-1970|HDSih_1006|1.0|PR_CAL_100000000008_1003_9002_PV2_60|1440|1|BY_IF
100000000008|1003|100000000008_1003_9002_PV2|70|01-01-1970|WTTaa_1006|1.0|PR_CAL_100000000008_1003_9002_PV2_70|1440|1|BY_IF
100000000008|1003|100000000008_1003_9002_PV2|71|01-01-1970|TTTa1_1006|1.0|PR_CAL_100000000008_1003_9002_PV2_71|1440|1|BY_IF
100000000008|1006|100000000008_1006_283_PV1|10|01-01-1970|ACWaa_1006|1.0|PR_CAL_100000000008_1006_283_PV1_10|1440|1|BY_IF
100000000008|1006|100000000008_1006_283_PV1|20|01-01-1970|N3Ech_1006|1.0|PR_CAL_100000000008_1006_283_PV1_20|1440|1|BY_IF
100000000008|1006|100000000008_1006_283_PV1|21|01-01-1970|PLHcb_1006|1.0|PR_CAL_100000000008_1006_283_PV1_21|1440|1|BY_IF
100000000008|1006|100000000008_1006_283_PV1|30|01-01-1970|CEVci_1006|1.0|PR_CAL_100000000008_1006_283_PV1_30|1440|1|BY_IF
100000000008|1006|100000000008_1006_283_PV1|40|01-01-1970|EXDba_1006|1.0|PR_CAL_100000000008_1006_283_PV1_40|1440|1|BY_IF
100000000008|1006|100000000008_1006_283_PV1|50|01-01-1970|DCOe_1006|1.0|PR_CAL_100000000008_1006_283_PV1_50|1440|1|BY_IF
100000000008|1006|100000000008_1006_283_PV1|51|01-01-1970|DCOe_1006|1.0|PR_CAL_100000000008_1006_283_PV1_51|1440|1|BY_IF
100000000008|1006|100000000008_1006_283_PV1|52|01-01-1970|USPa_1006|1.0|PR_CAL_100000000008_1006_283_PV1_52|1440|1|BY_IF
100000000008|1006|100000000008_1006_283_PV1|60|01-01-1970|HDSih_1006|1.0|PR_CAL_100000000008_1006_283_PV1_60|1440|1|BY_IF
100000000008|1006|100000000008_1006_283_PV1|70|01-01-1970|WTTaa_1006|1.0|PR_CAL_100000000008_1006_283_PV1_70|1440|1|BY_IF
100000000008|1006|100000000008_1006_283_PV1|71|01-01-1970|TTTa1_1006|1.0|PR_CAL_100000000008_1006_283_PV1_71|1440|1|BY_IF
100000000008|1006|100000000008_1006_9001_PV2|10|01-01-1970|ACWaa_1006|1.0|PR_CAL_100000000008_1006_9001_PV2_10|1440|1|BY_IF
100000000008|1006|100000000008_1006_9001_PV2|20|01-01-1970|N3Ech_1006|1.0|PR_CAL_100000000008_1006_9001_PV2_20|1440|1|BY_IF
100000000008|1006|100000000008_1006_9001_PV2|21|01-01-1970|PLHcb_1006|1.0|PR_CAL_100000000008_1006_9001_PV2_21|1440|1|BY_IF
100000000008|1006|100000000008_1006_9001_PV2|30|01-01-1970|CEVci_1006|1.0|PR_CAL_100000000008_1006_9001_PV2_30|1440|1|BY_IF
100000000008|1006|100000000008_1006_9001_PV2|40|01-01-1970|EXDba_1006|1.0|PR_CAL_100000000008_1006_9001_PV2_40|1440|1|BY_IF
100000000008|1006|100000000008_1006_9001_PV2|45|01-01-1970|RES_ST-1006-1003|1.0|PR_CAL_100000000008_1006_9001_PV2_45|1440|1|BY_IF
100000000008|1006|100000000008_1006_9001_PV2|50|01-01-1970|DCOe_1003|1.0|PR_CAL_100000000008_1006_9001_PV2_50|1440|1|BY_IF
100000000008|1006|100000000008_1006_9001_PV2|51|01-01-1970|DCOe_1003|1.0|PR_CAL_100000000008_1006_9001_PV2_51|1440|1|BY_IF
100000000008|1006|100000000008_1006_9001_PV2|52|01-01-1970|USPa_1003|1.0|PR_CAL_100000000008_1006_9001_PV2_52|1440|1|BY_IF
100000000008|1006|100000000008_1006_9001_PV2|60|01-01-1970|HDSbd_1003|1.0|PR_CAL_100000000008_1006_9001_PV2_60|1440|1|BY_IF
100000000008|1006|100000000008_1006_9001_PV2|70|01-01-1970|WTTaa_1003|1.0|PR_CAL_100000000008_1006_9001_PV2_70|1440|1|BY_IF
100000000008|1006|100000000008_1006_9001_PV2|71|01-01-1970|TTTa1_1003|1.0|PR_CAL_100000000008_1006_9001_PV2_71|1440|1|BY_IF
2000-280-868|1003|2000-280-868_1003_243|1|01-01-1970| |1.0| |1440|3|BY_IF
2000-280-868|1003|2000-280-868_1003_243|2|01-01-1970| |1.0| |1440|3|BY_IF
2000-280-868|1003|2000-280-868_1003_243|3|01-01-1970| |1.0| |1440|3|BY_IF
2000-280-868|1003|2000-280-868_1003_243|4|01-01-1970| |1.0| |1440|3|BY_IF
2000-280-868|1003|2000-280-868_1003_243|5|01-01-1970| |1.0| |1440|3|BY_IF
2000-281-391|1003|2000-281-391_1003_248|1|01-01-1970| |1.0||1440|3|BY_IF
2000-281-391|1003|2000-281-391_1003_248|2|01-01-1970| |1.0||1440|3|BY_IF
2000-281-391|1003|2000-281-391_1003_248|3|01-01-1970| |1.0||1440|3|BY_IF
2000-281-391|1003|2000-281-391_1003_248|4|01-01-1970| |1.0||1440|3|BY_IF
2000-281-391|1003|2000-281-391_1003_248|5|01-01-1970| |1.0||1440|3|BY_IF
2000-281-427|1006|2000-281-427_1006_241|1|01-01-1970| |1.0||1440|3|BY_IF
2000-281-427|1006|2000-281-427_1006_241|2|01-01-1970| |1.0||1440|3|BY_IF
2000-281-427|1006|2000-281-427_1006_241|3|01-01-1970| |1.0||1440|3|BY_IF
2000-281-427|1006|2000-281-427_1006_241|4|01-01-1970| |1.0||1440|3|BY_IF
2000-281-427|1006|2000-281-427_1006_241|5|01-01-1970| |1.0||1440|3|BY_IF
2000-281-512|1003|2000-281-512_1003_244|1|01-01-1970| |1.0||1440|3|BY_IF
2000-281-512|1003|2000-281-512_1003_244|2|01-01-1970| |1.0||1440|3|BY_IF
2000-281-512|1003|2000-281-512_1003_244|3|01-01-1970| |1.0||1440|3|BY_IF
2000-281-512|1003|2000-281-512_1003_244|4|01-01-1970| |1.0||1440|3|BY_IF
2000-281-512|1003|2000-281-512_1003_244|5|01-01-1970| |1.0||1440|3|BY_IF
